2026-08-05 09:54:34 WARN  com.zaxxer.hikari.pool.HikariPool - HikariPool-1 - Thread starvation or clock leap detected (housekeeper delta=14h25m58s491ms403µs500ns).
2026-08-05 09:54:34 INFO  o.s.w.s.c.WebSocketMessageBrokerStats - WebSocketSession[0 current WS(0)-HttpStream(0)-HttpPoll(0), 0 total, 0 closed abnormally (0 connect failure, 0 send limit, 0 transport error)], stompSubProtocol[processed CONNECT(0)-CONNECTED(0)-DISCONNECT(0)], stompBrokerRelay[null], inboundChannel[pool size = 0, active threads = 0, queued tasks = 0, completed tasks = 0], outboundChannel[pool size = 0, active threads = 0, queued tasks = 0, completed tasks = 0], sockJsScheduler[pool size = 4, active threads = 2, queued tasks = 0, completed tasks = 113]
2026-08-05 09:54:49 INFO  i.l.core.protocol.CommandHandler - null Unexpected exception during request: java.net.SocketException: Connection reset
java.net.SocketException: Connection reset
	at java.base/sun.nio.ch.SocketChannelImpl.throwConnectionReset(SocketChannelImpl.java:401)
	at java.base/sun.nio.ch.SocketChannelImpl.read(SocketChannelImpl.java:434)
	at io.netty.buffer.AdaptivePoolingAllocator$AdaptiveByteBuf.setBytes(AdaptivePoolingAllocator.java:1750)
	at io.netty.buffer.AbstractByteBuf.writeBytes(AbstractByteBuf.java:1139)
	at io.netty.channel.socket.nio.NioSocketChannel.doReadBytes(NioSocketChannel.java:350)
	at io.netty.channel.nio.AbstractNioByteChannel$NioByteUnsafe.read(AbstractNioByteChannel.java:157)
	at io.netty.channel.nio.AbstractNioChannel$AbstractNioUnsafe.handle(AbstractNioChannel.java:445)
	at io.netty.channel.nio.NioIoHandler$DefaultNioRegistration.handle(NioIoHandler.java:388)
	at io.netty.channel.nio.NioIoHandler.processSelectedKey(NioIoHandler.java:596)
	at io.netty.channel.nio.NioIoHandler.processSelectedKeysOptimized(NioIoHandler.java:571)
	at io.netty.channel.nio.NioIoHandler.processSelectedKeys(NioIoHandler.java:512)
	at io.netty.channel.nio.NioIoHandler.run(NioIoHandler.java:484)
	at io.netty.channel.SingleThreadIoEventLoop.runIo(SingleThreadIoEventLoop.java:225)
	at io.netty.channel.SingleThreadIoEventLoop.run(SingleThreadIoEventLoop.java:196)
	at io.netty.util.concurrent.SingleThreadEventExecutor$5.run(SingleThreadEventExecutor.java:1195)
	at io.netty.util.internal.ThreadExecutorMap$2.run(ThreadExecutorMap.java:74)
	at io.netty.util.concurrent.FastThreadLocalRunnable.run(FastThreadLocalRunnable.java:30)
	at java.base/java.lang.Thread.run(Thread.java:1583)
2026-08-05 09:55:00 INFO  i.l.core.protocol.ConnectionWatchdog - Reconnecting, last destination was measured-cowbird-128774.upstash.io/15.240.98.184:6379
2026-08-05 09:55:23 WARN  com.zaxxer.hikari.pool.HikariPool - HikariPool-1 - Thread starvation or clock leap detected (housekeeper delta=49s128ms835µs400ns).
2026-08-05 09:55:33 WARN  i.l.core.protocol.ConnectionWatchdog - Cannot reconnect to [measured-cowbird-128774.upstash.io/<unresolved>:6379]: Failed to resolve 'measured-cowbird-128774.upstash.io' [A(1)] after 2 queries 
java.net.UnknownHostException: Failed to resolve 'measured-cowbird-128774.upstash.io' [A(1)] after 2 queries 
	at io.netty.resolver.dns.DnsResolveContext.finishResolve(DnsResolveContext.java:1137)
	at io.netty.resolver.dns.DnsResolveContext.tryToFinishResolve(DnsResolveContext.java:1084)
	at io.netty.resolver.dns.DnsResolveContext.query(DnsResolveContext.java:443)
	at io.netty.resolver.dns.DnsResolveContext.access$700(DnsResolveContext.java:69)
	at io.netty.resolver.dns.DnsResolveContext$2.operationComplete(DnsResolveContext.java:512)
	at io.netty.util.concurrent.DefaultPromise.notifyListener0(DefaultPromise.java:604)
	at io.netty.util.concurrent.DefaultPromise.notifyListeners0(DefaultPromise.java:597)
	at io.netty.util.concurrent.DefaultPromise.notifyListenersNow(DefaultPromise.java:573)
	at io.netty.util.concurrent.DefaultPromise.notifyListeners(DefaultPromise.java:506)
	at io.netty.util.concurrent.DefaultPromise.setValue0(DefaultPromise.java:650)
	at io.netty.util.concurrent.DefaultPromise.setFailure0(DefaultPromise.java:643)
	at io.netty.util.concurrent.DefaultPromise.tryFailure(DefaultPromise.java:132)
	at io.netty.resolver.dns.DnsQueryContext.finishFailure(DnsQueryContext.java:346)
	at io.netty.resolver.dns.DnsQueryContext$4.run(DnsQueryContext.java:281)
	at io.netty.util.concurrent.PromiseTask.runTask(PromiseTask.java:98)
	at io.netty.util.concurrent.ScheduledFutureTask.run(ScheduledFutureTask.java:160)
	at io.netty.util.concurrent.AbstractEventExecutor.runTask(AbstractEventExecutor.java:148)
	at io.netty.util.concurrent.AbstractEventExecutor.safeExecute$$$capture(AbstractEventExecutor.java:141)
	at io.netty.util.concurrent.AbstractEventExecutor.safeExecute(AbstractEventExecutor.java)
	at io.netty.util.concurrent.SingleThreadEventExecutor.runAllTasks(SingleThreadEventExecutor.java:535)
	at io.netty.channel.SingleThreadIoEventLoop.run(SingleThreadIoEventLoop.java:201)
	at io.netty.util.concurrent.SingleThreadEventExecutor$5.run(SingleThreadEventExecutor.java:1195)
	at io.netty.util.internal.ThreadExecutorMap$2.run(ThreadExecutorMap.java:74)
	at io.netty.util.concurrent.FastThreadLocalRunnable.run(FastThreadLocalRunnable.java:30)
	at java.base/java.lang.Thread.run(Thread.java:1583)
Caused by: io.netty.resolver.dns.DnsNameResolverTimeoutException: [15755: /10.235.142.178:53] DefaultDnsQuestion(measured-cowbird-128774.upstash.io. IN A) query '15755' via UDP timed out after 5000 milliseconds (no stack trace available)
2026-08-05 09:55:56 INFO  i.l.core.protocol.ConnectionWatchdog - Reconnecting, last destination was measured-cowbird-128774.upstash.io/<unresolved>:6379
2026-08-05 09:56:09 WARN  i.l.core.protocol.ConnectionWatchdog - Cannot reconnect to [measured-cowbird-128774.upstash.io/<unresolved>:6379]: Failed to resolve 'measured-cowbird-128774.upstash.io' [A(1)] after 2 queries 
java.net.UnknownHostException: Failed to resolve 'measured-cowbird-128774.upstash.io' [A(1)] after 2 queries 
	at io.netty.resolver.dns.DnsResolveContext.finishResolve(DnsResolveContext.java:1137)
	at io.netty.resolver.dns.DnsResolveContext.tryToFinishResolve(DnsResolveContext.java:1084)
	at io.netty.resolver.dns.DnsResolveContext.query(DnsResolveContext.java:443)
	at io.netty.resolver.dns.DnsResolveContext.access$700(DnsResolveContext.java:69)
	at io.netty.resolver.dns.DnsResolveContext$2.operationComplete(DnsResolveContext.java:512)
	at io.netty.util.concurrent.DefaultPromise.notifyListener0(DefaultPromise.java:604)
	at io.netty.util.concurrent.DefaultPromise.notifyListeners0(DefaultPromise.java:597)
	at io.netty.util.concurrent.DefaultPromise.notifyListenersNow(DefaultPromise.java:573)
	at io.netty.util.concurrent.DefaultPromise.notifyListeners(DefaultPromise.java:506)
	at io.netty.util.concurrent.DefaultPromise.setValue0(DefaultPromise.java:650)
	at io.netty.util.concurrent.DefaultPromise.setFailure0(DefaultPromise.java:643)
	at io.netty.util.concurrent.DefaultPromise.tryFailure(DefaultPromise.java:132)
	at io.netty.resolver.dns.DnsQueryContext.finishFailure(DnsQueryContext.java:346)
	at io.netty.resolver.dns.DnsQueryContext$4.run(DnsQueryContext.java:281)
	at io.netty.util.concurrent.PromiseTask.runTask(PromiseTask.java:98)
	at io.netty.util.concurrent.ScheduledFutureTask.run(ScheduledFutureTask.java:160)
	at io.netty.util.concurrent.AbstractEventExecutor.runTask(AbstractEventExecutor.java:148)
	at io.netty.util.concurrent.AbstractEventExecutor.safeExecute$$$capture(AbstractEventExecutor.java:141)
	at io.netty.util.concurrent.AbstractEventExecutor.safeExecute(AbstractEventExecutor.java)
	at io.netty.util.concurrent.SingleThreadEventExecutor.runAllTasks(SingleThreadEventExecutor.java:535)
	at io.netty.channel.SingleThreadIoEventLoop.run(SingleThreadIoEventLoop.java:201)
	at io.netty.util.concurrent.SingleThreadEventExecutor$5.run(SingleThreadEventExecutor.java:1195)
	at io.netty.util.internal.ThreadExecutorMap$2.run(ThreadExecutorMap.java:74)
	at io.netty.util.concurrent.FastThreadLocalRunnable.run(FastThreadLocalRunnable.java:30)
	at java.base/java.lang.Thread.run(Thread.java:1583)
Caused by: io.netty.resolver.dns.DnsNameResolverTimeoutException: [16318: /10.235.142.178:53] DefaultDnsQuestion(measured-cowbird-128774.upstash.io. IN A) query '16318' via UDP timed out after 5000 milliseconds (no stack trace available)
2026-08-05 09:56:09 INFO  i.l.core.protocol.ConnectionWatchdog - Reconnecting, last destination was measured-cowbird-128774.upstash.io/<unresolved>:6379
2026-08-05 09:56:20 WARN  i.l.core.protocol.ConnectionWatchdog - Cannot reconnect to [measured-cowbird-128774.upstash.io/<unresolved>:6379]: Failed to resolve 'measured-cowbird-128774.upstash.io' [A(1)] after 2 queries 
java.net.UnknownHostException: Failed to resolve 'measured-cowbird-128774.upstash.io' [A(1)] after 2 queries 
	at io.netty.resolver.dns.DnsResolveContext.finishResolve(DnsResolveContext.java:1137)
	at io.netty.resolver.dns.DnsResolveContext.tryToFinishResolve(DnsResolveContext.java:1084)
	at io.netty.resolver.dns.DnsResolveContext.query(DnsResolveContext.java:443)
	at io.netty.resolver.dns.DnsResolveContext.access$700(DnsResolveContext.java:69)
	at io.netty.resolver.dns.DnsResolveContext$2.operationComplete(DnsResolveContext.java:512)
	at io.netty.util.concurrent.DefaultPromise.notifyListener0(DefaultPromise.java:604)
	at io.netty.util.concurrent.DefaultPromise.notifyListeners0(DefaultPromise.java:597)
	at io.netty.util.concurrent.DefaultPromise.notifyListenersNow(DefaultPromise.java:573)
	at io.netty.util.concurrent.DefaultPromise.notifyListeners(DefaultPromise.java:506)
	at io.netty.util.concurrent.DefaultPromise.setValue0(DefaultPromise.java:650)
	at io.netty.util.concurrent.DefaultPromise.setFailure0(DefaultPromise.java:643)
	at io.netty.util.concurrent.DefaultPromise.tryFailure(DefaultPromise.java:132)
	at io.netty.resolver.dns.DnsQueryContext.finishFailure(DnsQueryContext.java:346)
	at io.netty.resolver.dns.DnsQueryContext$4.run(DnsQueryContext.java:281)
	at io.netty.util.concurrent.PromiseTask.runTask(PromiseTask.java:98)
	at io.netty.util.concurrent.ScheduledFutureTask.run(ScheduledFutureTask.java:160)
	at io.netty.util.concurrent.AbstractEventExecutor.runTask(AbstractEventExecutor.java:148)
	at io.netty.util.concurrent.AbstractEventExecutor.safeExecute$$$capture(AbstractEventExecutor.java:141)
	at io.netty.util.concurrent.AbstractEventExecutor.safeExecute(AbstractEventExecutor.java)
	at io.netty.util.concurrent.SingleThreadEventExecutor.runAllTasks(SingleThreadEventExecutor.java:535)
	at io.netty.channel.SingleThreadIoEventLoop.run(SingleThreadIoEventLoop.java:201)
	at io.netty.util.concurrent.SingleThreadEventExecutor$5.run(SingleThreadEventExecutor.java:1195)
	at io.netty.util.internal.ThreadExecutorMap$2.run(ThreadExecutorMap.java:74)
	at io.netty.util.concurrent.FastThreadLocalRunnable.run(FastThreadLocalRunnable.java:30)
	at java.base/java.lang.Thread.run(Thread.java:1583)
Caused by: io.netty.resolver.dns.DnsNameResolverTimeoutException: [1488: /10.235.142.178:53] DefaultDnsQuestion(measured-cowbird-128774.upstash.io. IN A) query '1488' via UDP timed out after 5000 milliseconds (no stack trace available)
2026-08-05 09:56:20 INFO  i.l.core.protocol.ConnectionWatchdog - Reconnecting, last destination was measured-cowbird-128774.upstash.io/<unresolved>:6379
2026-08-05 09:56:30 WARN  i.l.core.protocol.ConnectionWatchdog - Cannot reconnect to [measured-cowbird-128774.upstash.io/<unresolved>:6379]: Failed to resolve 'measured-cowbird-128774.upstash.io' [A(1)] after 2 queries 
java.net.UnknownHostException: Failed to resolve 'measured-cowbird-128774.upstash.io' [A(1)] after 2 queries 
	at io.netty.resolver.dns.DnsResolveContext.finishResolve(DnsResolveContext.java:1137)
	at io.netty.resolver.dns.DnsResolveContext.tryToFinishResolve(DnsResolveContext.java:1084)
	at io.netty.resolver.dns.DnsResolveContext.query(DnsResolveContext.java:443)
	at io.netty.resolver.dns.DnsResolveContext.access$700(DnsResolveContext.java:69)
	at io.netty.resolver.dns.DnsResolveContext$2.operationComplete(DnsResolveContext.java:512)
	at io.netty.util.concurrent.DefaultPromise.notifyListener0(DefaultPromise.java:604)
	at io.netty.util.concurrent.DefaultPromise.notifyListeners0(DefaultPromise.java:597)
	at io.netty.util.concurrent.DefaultPromise.notifyListenersNow(DefaultPromise.java:573)
	at io.netty.util.concurrent.DefaultPromise.notifyListeners(DefaultPromise.java:506)
	at io.netty.util.concurrent.DefaultPromise.setValue0(DefaultPromise.java:650)
	at io.netty.util.concurrent.DefaultPromise.setFailure0(DefaultPromise.java:643)
	at io.netty.util.concurrent.DefaultPromise.tryFailure(DefaultPromise.java:132)
	at io.netty.resolver.dns.DnsQueryContext.finishFailure(DnsQueryContext.java:346)
	at io.netty.resolver.dns.DnsQueryContext$4.run(DnsQueryContext.java:281)
	at io.netty.util.concurrent.PromiseTask.runTask(PromiseTask.java:98)
	at io.netty.util.concurrent.ScheduledFutureTask.run(ScheduledFutureTask.java:160)
	at io.netty.util.concurrent.AbstractEventExecutor.runTask(AbstractEventExecutor.java:148)
	at io.netty.util.concurrent.AbstractEventExecutor.safeExecute$$$capture(AbstractEventExecutor.java:141)
	at io.netty.util.concurrent.AbstractEventExecutor.safeExecute(AbstractEventExecutor.java)
	at io.netty.util.concurrent.SingleThreadEventExecutor.runAllTasks(SingleThreadEventExecutor.java:535)
	at io.netty.channel.SingleThreadIoEventLoop.run(SingleThreadIoEventLoop.java:201)
	at io.netty.util.concurrent.SingleThreadEventExecutor$5.run(SingleThreadEventExecutor.java:1195)
	at io.netty.util.internal.ThreadExecutorMap$2.run(ThreadExecutorMap.java:74)
	at io.netty.util.concurrent.FastThreadLocalRunnable.run(FastThreadLocalRunnable.java:30)
	at java.base/java.lang.Thread.run(Thread.java:1583)
Caused by: io.netty.resolver.dns.DnsNameResolverTimeoutException: [10187: /10.235.142.178:53] DefaultDnsQuestion(measured-cowbird-128774.upstash.io. IN A) query '10187' via UDP timed out after 5000 milliseconds (no stack trace available)
2026-08-05 09:56:30 INFO  i.l.core.protocol.ConnectionWatchdog - Reconnecting, last destination was measured-cowbird-128774.upstash.io/<unresolved>:6379
2026-08-05 09:56:40 WARN  i.l.core.protocol.ConnectionWatchdog - Cannot reconnect to [measured-cowbird-128774.upstash.io/<unresolved>:6379]: Failed to resolve 'measured-cowbird-128774.upstash.io' [A(1)] after 2 queries 
java.net.UnknownHostException: Failed to resolve 'measured-cowbird-128774.upstash.io' [A(1)] after 2 queries 
	at io.netty.resolver.dns.DnsResolveContext.finishResolve(DnsResolveContext.java:1137)
	at io.netty.resolver.dns.DnsResolveContext.tryToFinishResolve(DnsResolveContext.java:1084)
	at io.netty.resolver.dns.DnsResolveContext.query(DnsResolveContext.java:443)
	at io.netty.resolver.dns.DnsResolveContext.access$700(DnsResolveContext.java:69)
	at io.netty.resolver.dns.DnsResolveContext$2.operationComplete(DnsResolveContext.java:512)
	at io.netty.util.concurrent.DefaultPromise.notifyListener0(DefaultPromise.java:604)
	at io.netty.util.concurrent.DefaultPromise.notifyListeners0(DefaultPromise.java:597)
	at io.netty.util.concurrent.DefaultPromise.notifyListenersNow(DefaultPromise.java:573)
	at io.netty.util.concurrent.DefaultPromise.notifyListeners(DefaultPromise.java:506)
	at io.netty.util.concurrent.DefaultPromise.setValue0(DefaultPromise.java:650)
	at io.netty.util.concurrent.DefaultPromise.setFailure0(DefaultPromise.java:643)
	at io.netty.util.concurrent.DefaultPromise.tryFailure(DefaultPromise.java:132)
	at io.netty.resolver.dns.DnsQueryContext.finishFailure(DnsQueryContext.java:346)
	at io.netty.resolver.dns.DnsQueryContext$4.run(DnsQueryContext.java:281)
	at io.netty.util.concurrent.PromiseTask.runTask(PromiseTask.java:98)
	at io.netty.util.concurrent.ScheduledFutureTask.run(ScheduledFutureTask.java:160)
	at io.netty.util.concurrent.AbstractEventExecutor.runTask(AbstractEventExecutor.java:148)
	at io.netty.util.concurrent.AbstractEventExecutor.safeExecute$$$capture(AbstractEventExecutor.java:141)
	at io.netty.util.concurrent.AbstractEventExecutor.safeExecute(AbstractEventExecutor.java)
	at io.netty.util.concurrent.SingleThreadEventExecutor.runAllTasks(SingleThreadEventExecutor.java:535)
	at io.netty.channel.SingleThreadIoEventLoop.run(SingleThreadIoEventLoop.java:201)
	at io.netty.util.concurrent.SingleThreadEventExecutor$5.run(SingleThreadEventExecutor.java:1195)
	at io.netty.util.internal.ThreadExecutorMap$2.run(ThreadExecutorMap.java:74)
	at io.netty.util.concurrent.FastThreadLocalRunnable.run(FastThreadLocalRunnable.java:30)
	at java.base/java.lang.Thread.run(Thread.java:1583)
Caused by: io.netty.resolver.dns.DnsNameResolverTimeoutException: [1444: /10.235.142.178:53] DefaultDnsQuestion(measured-cowbird-128774.upstash.io. IN A) query '1444' via UDP timed out after 5000 milliseconds (no stack trace available)
2026-08-05 09:56:40 INFO  i.l.core.protocol.ConnectionWatchdog - Reconnecting, last destination was measured-cowbird-128774.upstash.io/<unresolved>:6379
2026-08-05 09:56:50 WARN  i.l.core.protocol.ConnectionWatchdog - Cannot reconnect to [measured-cowbird-128774.upstash.io/<unresolved>:6379]: Failed to resolve 'measured-cowbird-128774.upstash.io' [A(1)] after 2 queries 
java.net.UnknownHostException: Failed to resolve 'measured-cowbird-128774.upstash.io' [A(1)] after 2 queries 
	at io.netty.resolver.dns.DnsResolveContext.finishResolve(DnsResolveContext.java:1137)
	at io.netty.resolver.dns.DnsResolveContext.tryToFinishResolve(DnsResolveContext.java:1084)
	at io.netty.resolver.dns.DnsResolveContext.query(DnsResolveContext.java:443)
	at io.netty.resolver.dns.DnsResolveContext.access$700(DnsResolveContext.java:69)
	at io.netty.resolver.dns.DnsResolveContext$2.operationComplete(DnsResolveContext.java:512)
	at io.netty.util.concurrent.DefaultPromise.notifyListener0(DefaultPromise.java:604)
	at io.netty.util.concurrent.DefaultPromise.notifyListeners0(DefaultPromise.java:597)
	at io.netty.util.concurrent.DefaultPromise.notifyListenersNow(DefaultPromise.java:573)
	at io.netty.util.concurrent.DefaultPromise.notifyListeners(DefaultPromise.java:506)
	at io.netty.util.concurrent.DefaultPromise.setValue0(DefaultPromise.java:650)
	at io.netty.util.concurrent.DefaultPromise.setFailure0(DefaultPromise.java:643)
	at io.netty.util.concurrent.DefaultPromise.tryFailure(DefaultPromise.java:132)
	at io.netty.resolver.dns.DnsQueryContext.finishFailure(DnsQueryContext.java:346)
	at io.netty.resolver.dns.DnsQueryContext$4.run(DnsQueryContext.java:281)
	at io.netty.util.concurrent.PromiseTask.runTask(PromiseTask.java:98)
	at io.netty.util.concurrent.ScheduledFutureTask.run(ScheduledFutureTask.java:160)
	at io.netty.util.concurrent.AbstractEventExecutor.runTask(AbstractEventExecutor.java:148)
	at io.netty.util.concurrent.AbstractEventExecutor.safeExecute$$$capture(AbstractEventExecutor.java:141)
	at io.netty.util.concurrent.AbstractEventExecutor.safeExecute(AbstractEventExecutor.java)
	at io.netty.util.concurrent.SingleThreadEventExecutor.runAllTasks(SingleThreadEventExecutor.java:535)
	at io.netty.channel.SingleThreadIoEventLoop.run(SingleThreadIoEventLoop.java:201)
	at io.netty.util.concurrent.SingleThreadEventExecutor$5.run(SingleThreadEventExecutor.java:1195)
	at io.netty.util.internal.ThreadExecutorMap$2.run(ThreadExecutorMap.java:74)
	at io.netty.util.concurrent.FastThreadLocalRunnable.run(FastThreadLocalRunnable.java:30)
	at java.base/java.lang.Thread.run(Thread.java:1583)
Caused by: io.netty.resolver.dns.DnsNameResolverTimeoutException: [1831: /10.235.142.178:53] DefaultDnsQuestion(measured-cowbird-128774.upstash.io. IN A) query '1831' via UDP timed out after 5000 milliseconds (no stack trace available)
2026-08-05 09:56:51 INFO  i.l.core.protocol.ConnectionWatchdog - Reconnecting, last destination was measured-cowbird-128774.upstash.io/<unresolved>:6379
2026-08-05 09:57:01 WARN  i.l.core.protocol.ConnectionWatchdog - Cannot reconnect to [measured-cowbird-128774.upstash.io/<unresolved>:6379]: Failed to resolve 'measured-cowbird-128774.upstash.io' [A(1)] after 2 queries 
java.net.UnknownHostException: Failed to resolve 'measured-cowbird-128774.upstash.io' [A(1)] after 2 queries 
	at io.netty.resolver.dns.DnsResolveContext.finishResolve(DnsResolveContext.java:1137)
	at io.netty.resolver.dns.DnsResolveContext.tryToFinishResolve(DnsResolveContext.java:1084)
	at io.netty.resolver.dns.DnsResolveContext.query(DnsResolveContext.java:443)
	at io.netty.resolver.dns.DnsResolveContext.access$700(DnsResolveContext.java:69)
	at io.netty.resolver.dns.DnsResolveContext$2.operationComplete(DnsResolveContext.java:512)
	at io.netty.util.concurrent.DefaultPromise.notifyListener0(DefaultPromise.java:604)
	at io.netty.util.concurrent.DefaultPromise.notifyListeners0(DefaultPromise.java:597)
	at io.netty.util.concurrent.DefaultPromise.notifyListenersNow(DefaultPromise.java:573)
	at io.netty.util.concurrent.DefaultPromise.notifyListeners(DefaultPromise.java:506)
	at io.netty.util.concurrent.DefaultPromise.setValue0(DefaultPromise.java:650)
	at io.netty.util.concurrent.DefaultPromise.setFailure0(DefaultPromise.java:643)
	at io.netty.util.concurrent.DefaultPromise.tryFailure(DefaultPromise.java:132)
	at io.netty.resolver.dns.DnsQueryContext.finishFailure(DnsQueryContext.java:346)
	at io.netty.resolver.dns.DnsQueryContext$4.run(DnsQueryContext.java:281)
	at io.netty.util.concurrent.PromiseTask.runTask(PromiseTask.java:98)
	at io.netty.util.concurrent.ScheduledFutureTask.run(ScheduledFutureTask.java:160)
	at io.netty.util.concurrent.AbstractEventExecutor.runTask(AbstractEventExecutor.java:148)
	at io.netty.util.concurrent.AbstractEventExecutor.safeExecute$$$capture(AbstractEventExecutor.java:141)
	at io.netty.util.concurrent.AbstractEventExecutor.safeExecute(AbstractEventExecutor.java)
	at io.netty.util.concurrent.SingleThreadEventExecutor.runAllTasks(SingleThreadEventExecutor.java:535)
	at io.netty.channel.SingleThreadIoEventLoop.run(SingleThreadIoEventLoop.java:201)
	at io.netty.util.concurrent.SingleThreadEventExecutor$5.run(SingleThreadEventExecutor.java:1195)
	at io.netty.util.internal.ThreadExecutorMap$2.run(ThreadExecutorMap.java:74)
	at io.netty.util.concurrent.FastThreadLocalRunnable.run(FastThreadLocalRunnable.java:30)
	at java.base/java.lang.Thread.run(Thread.java:1583)
Caused by: io.netty.resolver.dns.DnsNameResolverTimeoutException: [1492: /10.235.142.178:53] DefaultDnsQuestion(measured-cowbird-128774.upstash.io. IN A) query '1492' via UDP timed out after 5000 milliseconds (no stack trace available)
2026-08-05 09:57:01 INFO  i.l.core.protocol.ConnectionWatchdog - Reconnecting, last destination was measured-cowbird-128774.upstash.io/<unresolved>:6379
2026-08-05 09:57:12 WARN  i.l.core.protocol.ConnectionWatchdog - Cannot reconnect to [measured-cowbird-128774.upstash.io/<unresolved>:6379]: Failed to resolve 'measured-cowbird-128774.upstash.io' [A(1)] after 2 queries 
java.net.UnknownHostException: Failed to resolve 'measured-cowbird-128774.upstash.io' [A(1)] after 2 queries 
	at io.netty.resolver.dns.DnsResolveContext.finishResolve(DnsResolveContext.java:1137)
	at io.netty.resolver.dns.DnsResolveContext.tryToFinishResolve(DnsResolveContext.java:1084)
	at io.netty.resolver.dns.DnsResolveContext.query(DnsResolveContext.java:443)
	at io.netty.resolver.dns.DnsResolveContext.access$700(DnsResolveContext.java:69)
	at io.netty.resolver.dns.DnsResolveContext$2.operationComplete(DnsResolveContext.java:512)
	at io.netty.util.concurrent.DefaultPromise.notifyListener0(DefaultPromise.java:604)
	at io.netty.util.concurrent.DefaultPromise.notifyListeners0(DefaultPromise.java:597)
	at io.netty.util.concurrent.DefaultPromise.notifyListenersNow(DefaultPromise.java:573)
	at io.netty.util.concurrent.DefaultPromise.notifyListeners(DefaultPromise.java:506)
	at io.netty.util.concurrent.DefaultPromise.setValue0(DefaultPromise.java:650)
	at io.netty.util.concurrent.DefaultPromise.setFailure0(DefaultPromise.java:643)
	at io.netty.util.concurrent.DefaultPromise.tryFailure(DefaultPromise.java:132)
	at io.netty.resolver.dns.DnsQueryContext.finishFailure(DnsQueryContext.java:346)
	at io.netty.resolver.dns.DnsQueryContext$4.run(DnsQueryContext.java:281)
	at io.netty.util.concurrent.PromiseTask.runTask(PromiseTask.java:98)
	at io.netty.util.concurrent.ScheduledFutureTask.run(ScheduledFutureTask.java:160)
	at io.netty.util.concurrent.AbstractEventExecutor.runTask(AbstractEventExecutor.java:148)
	at io.netty.util.concurrent.AbstractEventExecutor.safeExecute$$$capture(AbstractEventExecutor.java:141)
	at io.netty.util.concurrent.AbstractEventExecutor.safeExecute(AbstractEventExecutor.java)
	at io.netty.util.concurrent.SingleThreadEventExecutor.runAllTasks(SingleThreadEventExecutor.java:535)
	at io.netty.channel.SingleThreadIoEventLoop.run(SingleThreadIoEventLoop.java:201)
	at io.netty.util.concurrent.SingleThreadEventExecutor$5.run(SingleThreadEventExecutor.java:1195)
	at io.netty.util.internal.ThreadExecutorMap$2.run(ThreadExecutorMap.java:74)
	at io.netty.util.concurrent.FastThreadLocalRunnable.run(FastThreadLocalRunnable.java:30)
	at java.base/java.lang.Thread.run(Thread.java:1583)
Caused by: io.netty.resolver.dns.DnsNameResolverTimeoutException: [65: /10.235.142.178:53] DefaultDnsQuestion(measured-cowbird-128774.upstash.io. IN A) query '65' via UDP timed out after 5000 milliseconds (no stack trace available)
2026-08-05 09:57:13 INFO  i.l.core.protocol.ConnectionWatchdog - Reconnecting, last destination was measured-cowbird-128774.upstash.io/<unresolved>:6379
2026-08-05 09:57:13 INFO  o.s.boot.tomcat.GracefulShutdown - Commencing graceful shutdown. Waiting for active requests to complete
2026-08-05 09:57:13 INFO  o.s.boot.tomcat.GracefulShutdown - Graceful shutdown complete
2026-08-05 09:57:13 INFO  o.s.m.s.b.SimpleBrokerMessageHandler - Stopping...
2026-08-05 09:57:13 INFO  o.s.m.s.b.SimpleBrokerMessageHandler - BrokerAvailabilityEvent[available=false, SimpleBrokerMessageHandler [org.springframework.messaging.simp.broker.DefaultSubscriptionRegistry@2f38b35e]]
2026-08-05 09:57:13 INFO  o.s.m.s.b.SimpleBrokerMessageHandler - Stopped.
2026-08-05 09:57:13 WARN  i.l.core.protocol.ConnectionWatchdog - Cannot reconnect to [measured-cowbird-128774.upstash.io/<unresolved>:6379]: java.util.concurrent.CancellationException
2026-08-05 09:57:14 INFO  o.s.o.j.LocalContainerEntityManagerFactoryBean - Closing JPA EntityManagerFactory for persistence unit 'default'
2026-08-05 09:57:14 INFO  com.zaxxer.hikari.HikariDataSource - HikariPool-1 - Shutdown initiated...
2026-08-05 09:57:14 INFO  com.zaxxer.hikari.HikariDataSource - HikariPool-1 - Shutdown completed.
2026-08-05 10:22:09 INFO  c.e.c.T.CollaborationToolApplication - Starting CollaborationToolApplication using Java 21.0.8 with PID 1992 (C:\Abraham\Code\Eclectics\Collaboration-Tool\target\classes started by pc in C:\Abraham\Code\Eclectics\Collaboration-Tool)
2026-08-05 10:22:09 INFO  c.e.c.T.CollaborationToolApplication - The following 1 profile is active: "prod"
2026-08-05 10:22:13 INFO  o.s.d.r.c.RepositoryConfigurationDelegate - Multiple Spring Data modules found, entering strict repository configuration mode
2026-08-05 10:22:13 INFO  o.s.d.r.c.RepositoryConfigurationDelegate - Bootstrapping Spring Data JPA repositories in DEFAULT mode.
2026-08-05 10:22:14 INFO  o.s.d.r.c.RepositoryConfigurationDelegate - Finished Spring Data repository scanning in 895 ms. Found 18 JPA repository interfaces.
2026-08-05 10:22:14 INFO  o.s.d.r.c.RepositoryConfigurationDelegate - Multiple Spring Data modules found, entering strict repository configuration mode
2026-08-05 10:22:14 INFO  o.s.d.r.c.RepositoryConfigurationDelegate - Bootstrapping Spring Data Redis repositories in DEFAULT mode.
2026-08-05 10:22:14 INFO  o.s.d.r.c.RepositoryConfigurationExtensionSupport - Spring Data Redis - Could not safely identify store assignment for repository candidate interface com.eclectics.collaboration.Tool.repository.ActivityLogRepository; If you want this repository to be a Redis repository, consider annotating your entities with one of these annotations: org.springframework.data.redis.core.RedisHash (preferred), or consider extending one of the following types with your repository: org.springframework.data.keyvalue.repository.KeyValueRepository
2026-08-05 10:22:14 INFO  o.s.d.r.c.RepositoryConfigurationExtensionSupport - Spring Data Redis - Could not safely identify store assignment for repository candidate interface com.eclectics.collaboration.Tool.repository.BoardMemberRepository; If you want this repository to be a Redis repository, consider annotating your entities with one of these annotations: org.springframework.data.redis.core.RedisHash (preferred), or consider extending one of the following types with your repository: org.springframework.data.keyvalue.repository.KeyValueRepository
2026-08-05 10:22:14 INFO  o.s.d.r.c.RepositoryConfigurationExtensionSupport - Spring Data Redis - Could not safely identify store assignment for repository candidate interface com.eclectics.collaboration.Tool.repository.BoardsRepository; If you want this repository to be a Redis repository, consider annotating your entities with one of these annotations: org.springframework.data.redis.core.RedisHash (preferred), or consider extending one of the following types with your repository: org.springframework.data.keyvalue.repository.KeyValueRepository
2026-08-05 10:22:14 INFO  o.s.d.r.c.RepositoryConfigurationExtensionSupport - Spring Data Redis - Could not safely identify store assignment for repository candidate interface com.eclectics.collaboration.Tool.repository.CardAssigneeRepository; If you want this repository to be a Redis repository, consider annotating your entities with one of these annotations: org.springframework.data.redis.core.RedisHash (preferred), or consider extending one of the following types with your repository: org.springframework.data.keyvalue.repository.KeyValueRepository
2026-08-05 10:22:14 INFO  o.s.d.r.c.RepositoryConfigurationExtensionSupport - Spring Data Redis - Could not safely identify store assignment for repository candidate interface com.eclectics.collaboration.Tool.repository.CardLabelRepository; If you want this repository to be a Redis repository, consider annotating your entities with one of these annotations: org.springframework.data.redis.core.RedisHash (preferred), or consider extending one of the following types with your repository: org.springframework.data.keyvalue.repository.KeyValueRepository
2026-08-05 10:22:14 INFO  o.s.d.r.c.RepositoryConfigurationExtensionSupport - Spring Data Redis - Could not safely identify store assignment for repository candidate interface com.eclectics.collaboration.Tool.repository.CardRepository; If you want this repository to be a Redis repository, consider annotating your entities with one of these annotations: org.springframework.data.redis.core.RedisHash (preferred), or consider extending one of the following types with your repository: org.springframework.data.keyvalue.repository.KeyValueRepository
2026-08-05 10:22:14 INFO  o.s.d.r.c.RepositoryConfigurationExtensionSupport - Spring Data Redis - Could not safely identify store assignment for repository candidate interface com.eclectics.collaboration.Tool.repository.CommentRepository; If you want this repository to be a Redis repository, consider annotating your entities with one of these annotations: org.springframework.data.redis.core.RedisHash (preferred), or consider extending one of the following types with your repository: org.springframework.data.keyvalue.repository.KeyValueRepository
2026-08-05 10:22:14 INFO  o.s.d.r.c.RepositoryConfigurationExtensionSupport - Spring Data Redis - Could not safely identify store assignment for repository candidate interface com.eclectics.collaboration.Tool.repository.FAQRepository; If you want this repository to be a Redis repository, consider annotating your entities with one of these annotations: org.springframework.data.redis.core.RedisHash (preferred), or consider extending one of the following types with your repository: org.springframework.data.keyvalue.repository.KeyValueRepository
2026-08-05 10:22:14 INFO  o.s.d.r.c.RepositoryConfigurationExtensionSupport - Spring Data Redis - Could not safely identify store assignment for repository candidate interface com.eclectics.collaboration.Tool.repository.InvitationRepository; If you want this repository to be a Redis repository, consider annotating your entities with one of these annotations: org.springframework.data.redis.core.RedisHash (preferred), or consider extending one of the following types with your repository: org.springframework.data.keyvalue.repository.KeyValueRepository
2026-08-05 10:22:14 INFO  o.s.d.r.c.RepositoryConfigurationExtensionSupport - Spring Data Redis - Could not safely identify store assignment for repository candidate interface com.eclectics.collaboration.Tool.repository.IssueRepository; If you want this repository to be a Redis repository, consider annotating your entities with one of these annotations: org.springframework.data.redis.core.RedisHash (preferred), or consider extending one of the following types with your repository: org.springframework.data.keyvalue.repository.KeyValueRepository
2026-08-05 10:22:14 INFO  o.s.d.r.c.RepositoryConfigurationExtensionSupport - Spring Data Redis - Could not safely identify store assignment for repository candidate interface com.eclectics.collaboration.Tool.repository.LabelRepository; If you want this repository to be a Redis repository, consider annotating your entities with one of these annotations: org.springframework.data.redis.core.RedisHash (preferred), or consider extending one of the following types with your repository: org.springframework.data.keyvalue.repository.KeyValueRepository
2026-08-05 10:22:14 INFO  o.s.d.r.c.RepositoryConfigurationExtensionSupport - Spring Data Redis - Could not safely identify store assignment for repository candidate interface com.eclectics.collaboration.Tool.repository.ListEntityRepository; If you want this repository to be a Redis repository, consider annotating your entities with one of these annotations: org.springframework.data.redis.core.RedisHash (preferred), or consider extending one of the following types with your repository: org.springframework.data.keyvalue.repository.KeyValueRepository
2026-08-05 10:22:14 INFO  o.s.d.r.c.RepositoryConfigurationExtensionSupport - Spring Data Redis - Could not safely identify store assignment for repository candidate interface com.eclectics.collaboration.Tool.repository.NotificationRepository; If you want this repository to be a Redis repository, consider annotating your entities with one of these annotations: org.springframework.data.redis.core.RedisHash (preferred), or consider extending one of the following types with your repository: org.springframework.data.keyvalue.repository.KeyValueRepository
2026-08-05 10:22:14 INFO  o.s.d.r.c.RepositoryConfigurationExtensionSupport - Spring Data Redis - Could not safely identify store assignment for repository candidate interface com.eclectics.collaboration.Tool.repository.RefreshTokenRepository; If you want this repository to be a Redis repository, consider annotating your entities with one of these annotations: org.springframework.data.redis.core.RedisHash (preferred), or consider extending one of the following types with your repository: org.springframework.data.keyvalue.repository.KeyValueRepository
2026-08-05 10:22:14 INFO  o.s.d.r.c.RepositoryConfigurationExtensionSupport - Spring Data Redis - Could not safely identify store assignment for repository candidate interface com.eclectics.collaboration.Tool.repository.SystemConfigRepository; If you want this repository to be a Redis repository, consider annotating your entities with one of these annotations: org.springframework.data.redis.core.RedisHash (preferred), or consider extending one of the following types with your repository: org.springframework.data.keyvalue.repository.KeyValueRepository
2026-08-05 10:22:14 INFO  o.s.d.r.c.RepositoryConfigurationExtensionSupport - Spring Data Redis - Could not safely identify store assignment for repository candidate interface com.eclectics.collaboration.Tool.repository.TalkRepository; If you want this repository to be a Redis repository, consider annotating your entities with one of these annotations: org.springframework.data.redis.core.RedisHash (preferred), or consider extending one of the following types with your repository: org.springframework.data.keyvalue.repository.KeyValueRepository
2026-08-05 10:22:14 INFO  o.s.d.r.c.RepositoryConfigurationExtensionSupport - Spring Data Redis - Could not safely identify store assignment for repository candidate interface com.eclectics.collaboration.Tool.repository.UserRespository; If you want this repository to be a Redis repository, consider annotating your entities with one of these annotations: org.springframework.data.redis.core.RedisHash (preferred), or consider extending one of the following types with your repository: org.springframework.data.keyvalue.repository.KeyValueRepository
2026-08-05 10:22:14 INFO  o.s.d.r.c.RepositoryConfigurationExtensionSupport - Spring Data Redis - Could not safely identify store assignment for repository candidate interface com.eclectics.collaboration.Tool.repository.WorkSpaceReposiroty; If you want this repository to be a Redis repository, consider annotating your entities with one of these annotations: org.springframework.data.redis.core.RedisHash (preferred), or consider extending one of the following types with your repository: org.springframework.data.keyvalue.repository.KeyValueRepository
2026-08-05 10:22:14 INFO  o.s.d.r.c.RepositoryConfigurationDelegate - Finished Spring Data repository scanning in 90 ms. Found 0 Redis repository interfaces.
2026-08-05 10:22:16 INFO  o.s.boot.tomcat.TomcatWebServer - Tomcat initialized with port 8084 (http)
2026-08-05 10:22:16 INFO  o.a.coyote.http11.Http11NioProtocol - Initializing ProtocolHandler ["http-nio-0.0.0.0-8084"]
2026-08-05 10:22:16 INFO  o.a.catalina.core.StandardService - Starting service [Tomcat]
2026-08-05 10:22:16 INFO  o.a.catalina.core.StandardEngine - Starting Servlet engine: [Apache Tomcat/11.0.15]
2026-08-05 10:22:17 INFO  o.s.b.w.c.s.WebApplicationContextInitializer - Root WebApplicationContext: initialization completed in 7682 ms
2026-08-05 10:22:17 INFO  com.zaxxer.hikari.HikariDataSource - HikariPool-1 - Starting...
2026-08-05 10:22:17 INFO  com.zaxxer.hikari.pool.HikariPool - HikariPool-1 - Added connection org.postgresql.jdbc.PgConnection@24e2355c
2026-08-05 10:22:17 INFO  com.zaxxer.hikari.HikariDataSource - HikariPool-1 - Start completed.
2026-08-05 10:22:18 INFO  org.hibernate.orm.jpa - HHH008540: Processing PersistenceUnitInfo [name: default]
2026-08-05 10:22:18 INFO  org.hibernate.orm.core - HHH000001: Hibernate ORM core version 7.2.1.Final
2026-08-05 10:22:19 INFO  o.s.o.j.p.SpringPersistenceUnitInfo - No LoadTimeWeaver setup: ignoring JPA class transformer
2026-08-05 10:22:20 INFO  o.hibernate.orm.connections.pooling - HHH10001005: Database info:
	Database JDBC URL [jdbc:postgresql://localhost:5432/collaborationTool]
	Database driver: PostgreSQL JDBC Driver
	Database dialect: PostgreSQLDialect
	Database version: 17.6
	Default catalog/schema: collaborationTool/public
	Autocommit mode: undefined/unknown
	Isolation level: READ_COMMITTED [default READ_COMMITTED]
	JDBC fetch size: none
	Pool: DataSourceConnectionProvider
	Minimum pool size: undefined/unknown
	Maximum pool size: undefined/unknown
2026-08-05 10:22:23 INFO  org.hibernate.orm.core - HHH000489: No JTA platform available (set 'hibernate.transaction.jta.platform' to enable JTA platform integration)
2026-08-05 10:22:23 INFO  o.s.o.j.LocalContainerEntityManagerFactoryBean - Initialized JPA EntityManagerFactory for persistence unit 'default'
2026-08-05 10:22:23 INFO  o.s.d.j.r.q.QueryEnhancerFactories - Hibernate is in classpath; If applicable, HQL parser will be used.
2026-08-05 10:22:24 WARN  i.n.r.d.DefaultDnsServerAddressStreamProvider - Default DNS servers: [/[2001:4860:4860:0:0:0:0:8888]:53, /[2001:4860:4860:0:0:0:0:8844]:53] (Google Public DNS as a fallback)
2026-08-05 10:22:27 WARN  o.s.b.j.a.JpaBaseConfiguration$JpaWebConfiguration - spring.jpa.open-in-view is enabled by default. Therefore, database queries may be performed during view rendering. Explicitly configure spring.jpa.open-in-view to disable this warning
2026-08-05 10:22:28 INFO  o.s.v.b.OptionalValidatorFactoryBean - Failed to set up a Bean Validation provider: jakarta.validation.NoProviderFoundException: Unable to create a Configuration, because no Jakarta Validation provider could be found. Add a provider like Hibernate Validator (RI) to your classpath.
2026-08-05 10:22:30 INFO  o.s.m.s.b.SimpleBrokerMessageHandler - Starting...
2026-08-05 10:22:30 INFO  o.s.m.s.b.SimpleBrokerMessageHandler - BrokerAvailabilityEvent[available=true, SimpleBrokerMessageHandler [org.springframework.messaging.simp.broker.DefaultSubscriptionRegistry@70d7282a]]
2026-08-05 10:22:30 INFO  o.s.m.s.b.SimpleBrokerMessageHandler - Started.
2026-08-05 10:22:30 INFO  o.a.coyote.http11.Http11NioProtocol - Starting ProtocolHandler ["http-nio-0.0.0.0-8084"]
2026-08-05 10:22:30 INFO  o.s.boot.tomcat.TomcatWebServer - Tomcat started on port 8084 (http) with context path '/'
2026-08-05 10:22:30 INFO  c.e.c.T.CollaborationToolApplication - Started CollaborationToolApplication in 23.269 seconds (process running for 38.974)
2026-08-05 10:22:31 INFO  c.e.c.Tool.configuration.AdminSeeder - >>> Admin already exists, skipping: nthengeabraham952@gmail.com
2026-08-05 10:22:31 INFO  c.e.c.Tool.configuration.AdminSeeder - >>> Admin already exists, skipping: chepkemoisheilah794@gmail.com
2026-08-05 10:23:30 INFO  o.s.w.s.c.WebSocketMessageBrokerStats - WebSocketSession[0 current WS(0)-HttpStream(0)-HttpPoll(0), 0 total, 0 closed abnormally (0 connect failure, 0 send limit, 0 transport error)], stompSubProtocol[processed CONNECT(0)-CONNECTED(0)-DISCONNECT(0)], stompBrokerRelay[null], inboundChannel[pool size = 0, active threads = 0, queued tasks = 0, completed tasks = 0], outboundChannel[pool size = 0, active threads = 0, queued tasks = 0, completed tasks = 0], sockJsScheduler[pool size = 4, active threads = 1, queued tasks = 1, completed tasks = 2]
2026-08-05 10:27:04 INFO  o.a.c.c.C.[Tomcat].[localhost].[/] - Initializing Spring DispatcherServlet 'dispatcherServlet'
2026-08-05 10:27:04 INFO  o.s.web.servlet.DispatcherServlet - Initializing Servlet 'dispatcherServlet'
2026-08-05 10:27:04 INFO  o.s.web.servlet.DispatcherServlet - Completed initialization in 16 ms
2026-08-05 10:27:04 INFO  c.e.c.Tool.security.RateLimitFilter - Request from IP: 0:0:0:0:0:0:0:1 | URI: / | Tokens remaining: 50
2026-08-05 10:28:34 INFO  c.e.c.Tool.security.RateLimitFilter - Request from IP: 192.168.137.221 | URI: /issues/active | Tokens remaining: 50
2026-08-05 10:28:56 INFO  c.e.c.Tool.security.RateLimitFilter - Request from IP: 192.168.137.221 | URI: /user/login | Tokens remaining: 50
2026-08-05 10:28:58 INFO  c.e.c.Tool.security.RateLimitFilter - Request from IP: 192.168.137.221 | URI: /workspace/my-workspaces | Tokens remaining: 50
2026-08-05 10:29:38 INFO  c.e.c.Tool.security.RateLimitFilter - Request from IP: 192.168.137.221 | URI: /issues/active | Tokens remaining: 50
2026-08-05 10:29:53 INFO  c.e.c.Tool.security.RateLimitFilter - Request from IP: 192.168.137.221 | URI: /user/login | Tokens remaining: 50
2026-08-05 10:29:54 INFO  c.e.c.Tool.security.RateLimitFilter - Request from IP: 192.168.137.221 | URI: /workspace/my-workspaces | Tokens remaining: 49
2026-08-05 10:53:30 INFO  o.s.w.s.c.WebSocketMessageBrokerStats - WebSocketSession[0 current WS(0)-HttpStream(0)-HttpPoll(0), 0 total, 0 closed abnormally (0 connect failure, 0 send limit, 0 transport error)], stompSubProtocol[processed CONNECT(0)-CONNECTED(0)-DISCONNECT(0)], stompBrokerRelay[null], inboundChannel[pool size = 0, active threads = 0, queued tasks = 0, completed tasks = 0], outboundChannel[pool size = 0, active threads = 0, queued tasks = 0, completed tasks = 0], sockJsScheduler[pool size = 4, active threads = 2, queued tasks = 0, completed tasks = 63]
2026-08-05 10:54:14 INFO  c.e.c.Tool.security.RateLimitFilter - Request from IP: 0:0:0:0:0:0:0:1 | URI: / | Tokens remaining: 50
2026-08-05 11:19:33 INFO  c.e.c.Tool.security.RateLimitFilter - Request from IP: 10.246.32.181 | URI: /issues/active | Tokens remaining: 50
2026-08-05 11:19:52 INFO  c.e.c.Tool.security.RateLimitFilter - Request from IP: 10.246.32.181 | URI: /user/login | Tokens remaining: 50
2026-08-05 11:19:53 INFO  c.e.c.Tool.security.RateLimitFilter - Request from IP: 10.246.32.181 | URI: /workspace/my-workspaces | Tokens remaining: 49
2026-08-05 11:21:12 INFO  c.e.c.Tool.security.RateLimitFilter - Request from IP: 172.21.128.1 | URI: /workspace/my-workspaces | Tokens remaining: 50
2026-08-05 11:22:00 INFO  o.s.boot.tomcat.GracefulShutdown - Commencing graceful shutdown. Waiting for active requests to complete
2026-08-05 11:22:00 INFO  o.s.boot.tomcat.GracefulShutdown - Graceful shutdown complete
2026-08-05 11:22:00 INFO  o.s.m.s.b.SimpleBrokerMessageHandler - Stopping...
2026-08-05 11:22:00 INFO  o.s.m.s.b.SimpleBrokerMessageHandler - BrokerAvailabilityEvent[available=false, SimpleBrokerMessageHandler [org.springframework.messaging.simp.broker.DefaultSubscriptionRegistry@70d7282a]]
2026-08-05 11:22:00 INFO  o.s.m.s.b.SimpleBrokerMessageHandler - Stopped.
2026-08-05 11:22:01 INFO  o.s.o.j.LocalContainerEntityManagerFactoryBean - Closing JPA EntityManagerFactory for persistence unit 'default'
2026-08-05 11:22:01 INFO  com.zaxxer.hikari.HikariDataSource - HikariPool-1 - Shutdown initiated...
2026-08-05 11:22:01 INFO  com.zaxxer.hikari.HikariDataSource - HikariPool-1 - Shutdown completed.
2026-08-05 11:22:11 INFO  c.e.c.T.CollaborationToolApplication - Starting CollaborationToolApplication using Java 21.0.8 with PID 6488 (C:\Abraham\Code\Eclectics\Collaboration-Tool\target\classes started by pc in C:\Abraham\Code\Eclectics\Collaboration-Tool)
2026-08-05 11:22:11 INFO  c.e.c.T.CollaborationToolApplication - The following 1 profile is active: "prod"
2026-08-05 11:22:15 INFO  o.s.d.r.c.RepositoryConfigurationDelegate - Multiple Spring Data modules found, entering strict repository configuration mode
2026-08-05 11:22:15 INFO  o.s.d.r.c.RepositoryConfigurationDelegate - Bootstrapping Spring Data JPA repositories in DEFAULT mode.
2026-08-05 11:22:16 INFO  o.s.d.r.c.RepositoryConfigurationDelegate - Finished Spring Data repository scanning in 528 ms. Found 18 JPA repository interfaces.
2026-08-05 11:22:16 INFO  o.s.d.r.c.RepositoryConfigurationDelegate - Multiple Spring Data modules found, entering strict repository configuration mode
2026-08-05 11:22:16 INFO  o.s.d.r.c.RepositoryConfigurationDelegate - Bootstrapping Spring Data Redis repositories in DEFAULT mode.
2026-08-05 11:22:16 INFO  o.s.d.r.c.RepositoryConfigurationExtensionSupport - Spring Data Redis - Could not safely identify store assignment for repository candidate interface com.eclectics.collaboration.Tool.repository.ActivityLogRepository; If you want this repository to be a Redis repository, consider annotating your entities with one of these annotations: org.springframework.data.redis.core.RedisHash (preferred), or consider extending one of the following types with your repository: org.springframework.data.keyvalue.repository.KeyValueRepository
2026-08-05 11:22:16 INFO  o.s.d.r.c.RepositoryConfigurationExtensionSupport - Spring Data Redis - Could not safely identify store assignment for repository candidate interface com.eclectics.collaboration.Tool.repository.BoardMemberRepository; If you want this repository to be a Redis repository, consider annotating your entities with one of these annotations: org.springframework.data.redis.core.RedisHash (preferred), or consider extending one of the following types with your repository: org.springframework.data.keyvalue.repository.KeyValueRepository
2026-08-05 11:22:16 INFO  o.s.d.r.c.RepositoryConfigurationExtensionSupport - Spring Data Redis - Could not safely identify store assignment for repository candidate interface com.eclectics.collaboration.Tool.repository.BoardsRepository; If you want this repository to be a Redis repository, consider annotating your entities with one of these annotations: org.springframework.data.redis.core.RedisHash (preferred), or consider extending one of the following types with your repository: org.springframework.data.keyvalue.repository.KeyValueRepository
2026-08-05 11:22:16 INFO  o.s.d.r.c.RepositoryConfigurationExtensionSupport - Spring Data Redis - Could not safely identify store assignment for repository candidate interface com.eclectics.collaboration.Tool.repository.CardAssigneeRepository; If you want this repository to be a Redis repository, consider annotating your entities with one of these annotations: org.springframework.data.redis.core.RedisHash (preferred), or consider extending one of the following types with your repository: org.springframework.data.keyvalue.repository.KeyValueRepository
2026-08-05 11:22:16 INFO  o.s.d.r.c.RepositoryConfigurationExtensionSupport - Spring Data Redis - Could not safely identify store assignment for repository candidate interface com.eclectics.collaboration.Tool.repository.CardLabelRepository; If you want this repository to be a Redis repository, consider annotating your entities with one of these annotations: org.springframework.data.redis.core.RedisHash (preferred), or consider extending one of the following types with your repository: org.springframework.data.keyvalue.repository.KeyValueRepository
2026-08-05 11:22:16 INFO  o.s.d.r.c.RepositoryConfigurationExtensionSupport - Spring Data Redis - Could not safely identify store assignment for repository candidate interface com.eclectics.collaboration.Tool.repository.CardRepository; If you want this repository to be a Redis repository, consider annotating your entities with one of these annotations: org.springframework.data.redis.core.RedisHash (preferred), or consider extending one of the following types with your repository: org.springframework.data.keyvalue.repository.KeyValueRepository
2026-08-05 11:22:16 INFO  o.s.d.r.c.RepositoryConfigurationExtensionSupport - Spring Data Redis - Could not safely identify store assignment for repository candidate interface com.eclectics.collaboration.Tool.repository.CommentRepository; If you want this repository to be a Redis repository, consider annotating your entities with one of these annotations: org.springframework.data.redis.core.RedisHash (preferred), or consider extending one of the following types with your repository: org.springframework.data.keyvalue.repository.KeyValueRepository
2026-08-05 11:22:16 INFO  o.s.d.r.c.RepositoryConfigurationExtensionSupport - Spring Data Redis - Could not safely identify store assignment for repository candidate interface com.eclectics.collaboration.Tool.repository.FAQRepository; If you want this repository to be a Redis repository, consider annotating your entities with one of these annotations: org.springframework.data.redis.core.RedisHash (preferred), or consider extending one of the following types with your repository: org.springframework.data.keyvalue.repository.KeyValueRepository
2026-08-05 11:22:16 INFO  o.s.d.r.c.RepositoryConfigurationExtensionSupport - Spring Data Redis - Could not safely identify store assignment for repository candidate interface com.eclectics.collaboration.Tool.repository.InvitationRepository; If you want this repository to be a Redis repository, consider annotating your entities with one of these annotations: org.springframework.data.redis.core.RedisHash (preferred), or consider extending one of the following types with your repository: org.springframework.data.keyvalue.repository.KeyValueRepository
2026-08-05 11:22:16 INFO  o.s.d.r.c.RepositoryConfigurationExtensionSupport - Spring Data Redis - Could not safely identify store assignment for repository candidate interface com.eclectics.collaboration.Tool.repository.IssueRepository; If you want this repository to be a Redis repository, consider annotating your entities with one of these annotations: org.springframework.data.redis.core.RedisHash (preferred), or consider extending one of the following types with your repository: org.springframework.data.keyvalue.repository.KeyValueRepository
2026-08-05 11:22:16 INFO  o.s.d.r.c.RepositoryConfigurationExtensionSupport - Spring Data Redis - Could not safely identify store assignment for repository candidate interface com.eclectics.collaboration.Tool.repository.LabelRepository; If you want this repository to be a Redis repository, consider annotating your entities with one of these annotations: org.springframework.data.redis.core.RedisHash (preferred), or consider extending one of the following types with your repository: org.springframework.data.keyvalue.repository.KeyValueRepository
2026-08-05 11:22:16 INFO  o.s.d.r.c.RepositoryConfigurationExtensionSupport - Spring Data Redis - Could not safely identify store assignment for repository candidate interface com.eclectics.collaboration.Tool.repository.ListEntityRepository; If you want this repository to be a Redis repository, consider annotating your entities with one of these annotations: org.springframework.data.redis.core.RedisHash (preferred), or consider extending one of the following types with your repository: org.springframework.data.keyvalue.repository.KeyValueRepository
2026-08-05 11:22:16 INFO  o.s.d.r.c.RepositoryConfigurationExtensionSupport - Spring Data Redis - Could not safely identify store assignment for repository candidate interface com.eclectics.collaboration.Tool.repository.NotificationRepository; If you want this repository to be a Redis repository, consider annotating your entities with one of these annotations: org.springframework.data.redis.core.RedisHash (preferred), or consider extending one of the following types with your repository: org.springframework.data.keyvalue.repository.KeyValueRepository
2026-08-05 11:22:16 INFO  o.s.d.r.c.RepositoryConfigurationExtensionSupport - Spring Data Redis - Could not safely identify store assignment for repository candidate interface com.eclectics.collaboration.Tool.repository.RefreshTokenRepository; If you want this repository to be a Redis repository, consider annotating your entities with one of these annotations: org.springframework.data.redis.core.RedisHash (preferred), or consider extending one of the following types with your repository: org.springframework.data.keyvalue.repository.KeyValueRepository
2026-08-05 11:22:16 INFO  o.s.d.r.c.RepositoryConfigurationExtensionSupport - Spring Data Redis - Could not safely identify store assignment for repository candidate interface com.eclectics.collaboration.Tool.repository.SystemConfigRepository; If you want this repository to be a Redis repository, consider annotating your entities with one of these annotations: org.springframework.data.redis.core.RedisHash (preferred), or consider extending one of the following types with your repository: org.springframework.data.keyvalue.repository.KeyValueRepository
2026-08-05 11:22:16 INFO  o.s.d.r.c.RepositoryConfigurationExtensionSupport - Spring Data Redis - Could not safely identify store assignment for repository candidate interface com.eclectics.collaboration.Tool.repository.TalkRepository; If you want this repository to be a Redis repository, consider annotating your entities with one of these annotations: org.springframework.data.redis.core.RedisHash (preferred), or consider extending one of the following types with your repository: org.springframework.data.keyvalue.repository.KeyValueRepository
2026-08-05 11:22:16 INFO  o.s.d.r.c.RepositoryConfigurationExtensionSupport - Spring Data Redis - Could not safely identify store assignment for repository candidate interface com.eclectics.collaboration.Tool.repository.UserRespository; If you want this repository to be a Redis repository, consider annotating your entities with one of these annotations: org.springframework.data.redis.core.RedisHash (preferred), or consider extending one of the following types with your repository: org.springframework.data.keyvalue.repository.KeyValueRepository
2026-08-05 11:22:16 INFO  o.s.d.r.c.RepositoryConfigurationExtensionSupport - Spring Data Redis - Could not safely identify store assignment for repository candidate interface com.eclectics.collaboration.Tool.repository.WorkSpaceReposiroty; If you want this repository to be a Redis repository, consider annotating your entities with one of these annotations: org.springframework.data.redis.core.RedisHash (preferred), or consider extending one of the following types with your repository: org.springframework.data.keyvalue.repository.KeyValueRepository
2026-08-05 11:22:16 INFO  o.s.d.r.c.RepositoryConfigurationDelegate - Finished Spring Data repository scanning in 73 ms. Found 0 Redis repository interfaces.
2026-08-05 11:22:18 INFO  o.s.boot.tomcat.TomcatWebServer - Tomcat initialized with port 8084 (http)
2026-08-05 11:22:18 INFO  o.a.coyote.http11.Http11NioProtocol - Initializing ProtocolHandler ["http-nio-0.0.0.0-8084"]
2026-08-05 11:22:18 INFO  o.a.catalina.core.StandardService - Starting service [Tomcat]
2026-08-05 11:22:18 INFO  o.a.catalina.core.StandardEngine - Starting Servlet engine: [Apache Tomcat/11.0.15]
2026-08-05 11:22:18 INFO  o.s.b.w.c.s.WebApplicationContextInitializer - Root WebApplicationContext: initialization completed in 6676 ms
2026-08-05 11:22:19 INFO  com.zaxxer.hikari.HikariDataSource - HikariPool-1 - Starting...
2026-08-05 11:22:19 INFO  com.zaxxer.hikari.pool.HikariPool - HikariPool-1 - Added connection org.postgresql.jdbc.PgConnection@6408be5
2026-08-05 11:22:19 INFO  com.zaxxer.hikari.HikariDataSource - HikariPool-1 - Start completed.
2026-08-05 11:22:20 INFO  org.hibernate.orm.jpa - HHH008540: Processing PersistenceUnitInfo [name: default]
2026-08-05 11:22:20 INFO  org.hibernate.orm.core - HHH000001: Hibernate ORM core version 7.2.1.Final
2026-08-05 11:22:21 INFO  o.s.o.j.p.SpringPersistenceUnitInfo - No LoadTimeWeaver setup: ignoring JPA class transformer
2026-08-05 11:22:21 INFO  o.hibernate.orm.connections.pooling - HHH10001005: Database info:
	Database JDBC URL [jdbc:postgresql://localhost:5432/collaborationTool]
	Database driver: PostgreSQL JDBC Driver
	Database dialect: PostgreSQLDialect
	Database version: 17.6
	Default catalog/schema: collaborationTool/public
	Autocommit mode: undefined/unknown
	Isolation level: READ_COMMITTED [default READ_COMMITTED]
	JDBC fetch size: none
	Pool: DataSourceConnectionProvider
	Minimum pool size: undefined/unknown
	Maximum pool size: undefined/unknown
2026-08-05 11:22:25 INFO  org.hibernate.orm.core - HHH000489: No JTA platform available (set 'hibernate.transaction.jta.platform' to enable JTA platform integration)
2026-08-05 11:22:25 INFO  o.s.o.j.LocalContainerEntityManagerFactoryBean - Initialized JPA EntityManagerFactory for persistence unit 'default'
2026-08-05 11:22:25 INFO  o.s.d.j.r.q.QueryEnhancerFactories - Hibernate is in classpath; If applicable, HQL parser will be used.
2026-08-05 11:22:30 WARN  o.s.b.j.a.JpaBaseConfiguration$JpaWebConfiguration - spring.jpa.open-in-view is enabled by default. Therefore, database queries may be performed during view rendering. Explicitly configure spring.jpa.open-in-view to disable this warning
2026-08-05 11:22:31 INFO  o.s.v.b.OptionalValidatorFactoryBean - Failed to set up a Bean Validation provider: jakarta.validation.NoProviderFoundException: Unable to create a Configuration, because no Jakarta Validation provider could be found. Add a provider like Hibernate Validator (RI) to your classpath.
2026-08-05 11:22:33 INFO  o.s.m.s.b.SimpleBrokerMessageHandler - Starting...
2026-08-05 11:22:33 INFO  o.s.m.s.b.SimpleBrokerMessageHandler - BrokerAvailabilityEvent[available=true, SimpleBrokerMessageHandler [org.springframework.messaging.simp.broker.DefaultSubscriptionRegistry@732af580]]
2026-08-05 11:22:33 INFO  o.s.m.s.b.SimpleBrokerMessageHandler - Started.
2026-08-05 11:22:33 INFO  o.a.coyote.http11.Http11NioProtocol - Starting ProtocolHandler ["http-nio-0.0.0.0-8084"]
2026-08-05 11:22:33 INFO  o.s.boot.tomcat.TomcatWebServer - Tomcat started on port 8084 (http) with context path '/'
2026-08-05 11:22:33 INFO  c.e.c.T.CollaborationToolApplication - Started CollaborationToolApplication in 24.576 seconds (process running for 27.46)
2026-08-05 11:22:34 INFO  c.e.c.Tool.configuration.AdminSeeder - >>> Admin already exists, skipping: nthengeabraham952@gmail.com
2026-08-05 11:22:34 INFO  c.e.c.Tool.configuration.AdminSeeder - >>> Admin already exists, skipping: chepkemoisheilah794@gmail.com
2026-08-05 11:22:41 INFO  o.a.c.c.C.[Tomcat].[localhost].[/] - Initializing Spring DispatcherServlet 'dispatcherServlet'
2026-08-05 11:22:41 INFO  o.s.web.servlet.DispatcherServlet - Initializing Servlet 'dispatcherServlet'
2026-08-05 11:22:41 INFO  o.s.web.servlet.DispatcherServlet - Completed initialization in 8 ms
2026-08-05 11:22:41 INFO  c.e.c.Tool.security.RateLimitFilter - Request from IP: 172.21.128.1 | URI: /workspace/my-workspaces | Tokens remaining: 50
2026-08-05 11:22:49 INFO  c.e.c.Tool.security.RateLimitFilter - Request from IP: 172.21.128.1 | URI: /boards/workspace/4 | Tokens remaining: 50
2026-08-05 11:22:50 INFO  c.e.c.Tool.security.RateLimitFilter - Request from IP: 172.21.128.1 | URI: /boards/1/lists | Tokens remaining: 49
2026-08-05 11:22:51 INFO  c.e.c.Tool.security.RateLimitFilter - Request from IP: 172.21.128.1 | URI: /cards/lists/1/cards | Tokens remaining: 49
2026-08-05 11:22:51 INFO  c.e.c.Tool.security.RateLimitFilter - Request from IP: 172.21.128.1 | URI: /cards/lists/3/cards | Tokens remaining: 49
2026-08-05 11:22:51 INFO  c.e.c.Tool.security.RateLimitFilter - Request from IP: 172.21.128.1 | URI: /cards/lists/4/cards | Tokens remaining: 47
2026-08-05 11:22:51 INFO  c.e.c.Tool.security.RateLimitFilter - Request from IP: 172.21.128.1 | URI: /cards/lists/2/cards | Tokens remaining: 46
2026-08-05 11:23:33 INFO  o.s.w.s.c.WebSocketMessageBrokerStats - WebSocketSession[0 current WS(0)-HttpStream(0)-HttpPoll(0), 0 total, 0 closed abnormally (0 connect failure, 0 send limit, 0 transport error)], stompSubProtocol[processed CONNECT(0)-CONNECTED(0)-DISCONNECT(0)], stompBrokerRelay[null], inboundChannel[pool size = 0, active threads = 0, queued tasks = 0, completed tasks = 0], outboundChannel[pool size = 0, active threads = 0, queued tasks = 0, completed tasks = 0], sockJsScheduler[pool size = 4, active threads = 1, queued tasks = 1, completed tasks = 2]
2026-08-05 11:37:50 INFO  c.e.c.Tool.security.RateLimitFilter - Request from IP: 172.21.128.1 | URI: /workspace/my-workspaces | Tokens remaining: 50
2026-08-05 11:38:13 INFO  i.l.core.protocol.ConnectionWatchdog - Reconnecting, last destination was measured-cowbird-128774.upstash.io/13.200.201.38:6379
2026-08-05 11:38:14 INFO  i.l.c.protocol.ReconnectionHandler - Reconnected to measured-cowbird-128774.upstash.io/<unresolved>:6379
2026-08-05 11:38:29 INFO  c.e.c.Tool.security.RateLimitFilter - Request from IP: 172.21.128.1 | URI: /workspace/my-workspaces | Tokens remaining: 50
2026-08-05 11:38:29 INFO  c.e.c.Tool.security.RateLimitFilter - Request from IP: 172.21.128.1 | URI: /boards/workspace/4 | Tokens remaining: 49
2026-08-05 11:38:30 INFO  c.e.c.Tool.security.RateLimitFilter - Request from IP: 172.21.128.1 | URI: /boards/1/lists | Tokens remaining: 49
2026-08-05 11:38:32 INFO  c.e.c.Tool.security.RateLimitFilter - Request from IP: 172.21.128.1 | URI: /cards/lists/1/cards | Tokens remaining: 49
2026-08-05 11:38:32 INFO  c.e.c.Tool.security.RateLimitFilter - Request from IP: 172.21.128.1 | URI: /cards/lists/3/cards | Tokens remaining: 48
2026-08-05 11:38:32 INFO  c.e.c.Tool.security.RateLimitFilter - Request from IP: 172.21.128.1 | URI: /cards/lists/4/cards | Tokens remaining: 47
2026-08-05 11:38:32 INFO  c.e.c.Tool.security.RateLimitFilter - Request from IP: 172.21.128.1 | URI: /cards/lists/2/cards | Tokens remaining: 46
2026-08-05 11:43:02 INFO  c.e.c.Tool.security.RateLimitFilter - Request from IP: 172.21.128.1 | URI: /workspace/my-workspaces | Tokens remaining: 50
2026-08-05 11:43:02 INFO  c.e.c.Tool.security.RateLimitFilter - Request from IP: 172.21.128.1 | URI: /boards/workspace/4 | Tokens remaining: 49
2026-08-05 11:43:03 INFO  c.e.c.Tool.security.RateLimitFilter - Request from IP: 172.21.128.1 | URI: /boards/1/lists | Tokens remaining: 48
2026-08-05 11:43:03 INFO  c.e.c.Tool.security.RateLimitFilter - Request from IP: 172.21.128.1 | URI: /cards/lists/1/cards | Tokens remaining: 48
2026-08-05 11:43:03 INFO  c.e.c.Tool.security.RateLimitFilter - Request from IP: 172.21.128.1 | URI: /cards/lists/2/cards | Tokens remaining: 48
2026-08-05 11:43:03 INFO  c.e.c.Tool.security.RateLimitFilter - Request from IP: 172.21.128.1 | URI: /cards/lists/3/cards | Tokens remaining: 46
2026-08-05 11:43:03 INFO  c.e.c.Tool.security.RateLimitFilter - Request from IP: 172.21.128.1 | URI: /cards/lists/4/cards | Tokens remaining: 45
2026-08-05 11:53:33 INFO  o.s.w.s.c.WebSocketMessageBrokerStats - WebSocketSession[0 current WS(0)-HttpStream(0)-HttpPoll(0), 0 total, 0 closed abnormally (0 connect failure, 0 send limit, 0 transport error)], stompSubProtocol[processed CONNECT(0)-CONNECTED(0)-DISCONNECT(0)], stompBrokerRelay[null], inboundChannel[pool size = 0, active threads = 0, queued tasks = 0, completed tasks = 0], outboundChannel[pool size = 0, active threads = 0, queued tasks = 0, completed tasks = 0], sockJsScheduler[pool size = 4, active threads = 1, queued tasks = 1, completed tasks = 63]
2026-08-05 11:54:43 INFO  c.e.c.Tool.security.RateLimitFilter - Request from IP: 172.21.128.1 | URI: /workspace/my-workspaces | Tokens remaining: 50
2026-08-05 11:55:02 INFO  i.l.core.protocol.ConnectionWatchdog - Reconnecting, last destination was measured-cowbird-128774.upstash.io/13.200.201.38:6379
2026-08-05 11:55:05 INFO  i.l.c.protocol.ReconnectionHandler - Reconnected to measured-cowbird-128774.upstash.io/<unresolved>:6379
2026-08-05 11:55:06 INFO  c.e.c.Tool.security.RateLimitFilter - Request from IP: 172.21.128.1 | URI: /issues/active | Tokens remaining: 50
2026-08-05 11:55:20 INFO  c.e.c.Tool.security.RateLimitFilter - Request from IP: 172.21.128.1 | URI: /user/login | Tokens remaining: 50
2026-08-05 11:55:27 INFO  c.e.c.Tool.security.RateLimitFilter - Request from IP: 172.21.128.1 | URI: /workspace/my-workspaces | Tokens remaining: 50
2026-08-05 11:55:28 INFO  c.e.c.Tool.security.RateLimitFilter - Request from IP: 172.21.128.1 | URI: /boards/workspace/4 | Tokens remaining: 49
2026-08-05 11:55:28 INFO  c.e.c.Tool.security.RateLimitFilter - Request from IP: 172.21.128.1 | URI: /boards/1/lists | Tokens remaining: 48
2026-08-05 11:55:29 INFO  c.e.c.Tool.security.RateLimitFilter - Request from IP: 172.21.128.1 | URI: /cards/lists/1/cards | Tokens remaining: 48
2026-08-05 11:55:29 INFO  c.e.c.Tool.security.RateLimitFilter - Request from IP: 172.21.128.1 | URI: /cards/lists/3/cards | Tokens remaining: 47
2026-08-05 11:55:29 INFO  c.e.c.Tool.security.RateLimitFilter - Request from IP: 172.21.128.1 | URI: /cards/lists/2/cards | Tokens remaining: 47
2026-08-05 11:55:29 INFO  c.e.c.Tool.security.RateLimitFilter - Request from IP: 172.21.128.1 | URI: /cards/lists/4/cards | Tokens remaining: 45
2026-08-05 12:03:12 INFO  c.e.c.Tool.security.RateLimitFilter - Request from IP: 172.21.128.1 | URI: /workspace/my-workspaces | Tokens remaining: 50
2026-08-05 12:03:12 INFO  c.e.c.Tool.security.RateLimitFilter - Request from IP: 172.21.128.1 | URI: /boards/workspace/4 | Tokens remaining: 49
2026-08-05 12:03:13 INFO  c.e.c.Tool.security.RateLimitFilter - Request from IP: 172.21.128.1 | URI: /boards/1/lists | Tokens remaining: 48
2026-08-05 12:03:13 INFO  c.e.c.Tool.security.RateLimitFilter - Request from IP: 172.21.128.1 | URI: /cards/lists/1/cards | Tokens remaining: 48
2026-08-05 12:03:13 INFO  c.e.c.Tool.security.RateLimitFilter - Request from IP: 172.21.128.1 | URI: /cards/lists/2/cards | Tokens remaining: 47
2026-08-05 12:03:13 INFO  c.e.c.Tool.security.RateLimitFilter - Request from IP: 172.21.128.1 | URI: /cards/lists/3/cards | Tokens remaining: 46
2026-08-05 12:03:14 INFO  c.e.c.Tool.security.RateLimitFilter - Request from IP: 172.21.128.1 | URI: /cards/lists/4/cards | Tokens remaining: 45
2026-08-05 12:03:49 INFO  c.e.c.Tool.security.RateLimitFilter - Request from IP: 172.21.128.1 | URI: /workspace/my-workspaces | Tokens remaining: 50
2026-08-05 12:03:51 INFO  c.e.c.Tool.security.RateLimitFilter - Request from IP: 172.21.128.1 | URI: /boards/workspace/4 | Tokens remaining: 50
2026-08-05 12:03:51 INFO  c.e.c.Tool.security.RateLimitFilter - Request from IP: 172.21.128.1 | URI: /boards/1/lists | Tokens remaining: 49
2026-08-05 12:03:52 INFO  c.e.c.Tool.security.RateLimitFilter - Request from IP: 172.21.128.1 | URI: /cards/lists/1/cards | Tokens remaining: 48
2026-08-05 12:03:52 INFO  c.e.c.Tool.security.RateLimitFilter - Request from IP: 172.21.128.1 | URI: /cards/lists/3/cards | Tokens remaining: 48
2026-08-05 12:03:52 INFO  c.e.c.Tool.security.RateLimitFilter - Request from IP: 172.21.128.1 | URI: /cards/lists/2/cards | Tokens remaining: 47
2026-08-05 12:03:52 INFO  c.e.c.Tool.security.RateLimitFilter - Request from IP: 172.21.128.1 | URI: /cards/lists/4/cards | Tokens remaining: 45
2026-08-05 12:04:05 INFO  c.e.c.Tool.security.RateLimitFilter - Request from IP: 172.21.128.1 | URI: /workspace/my-workspaces | Tokens remaining: 50
2026-08-05 12:04:05 INFO  c.e.c.Tool.security.RateLimitFilter - Request from IP: 172.21.128.1 | URI: /boards/workspace/4 | Tokens remaining: 49
2026-08-05 12:04:06 INFO  c.e.c.Tool.security.RateLimitFilter - Request from IP: 172.21.128.1 | URI: /boards/1/lists | Tokens remaining: 48
2026-08-05 12:04:06 INFO  c.e.c.Tool.security.RateLimitFilter - Request from IP: 172.21.128.1 | URI: /cards/lists/2/cards | Tokens remaining: 48
2026-08-05 12:04:06 INFO  c.e.c.Tool.security.RateLimitFilter - Request from IP: 172.21.128.1 | URI: /cards/lists/1/cards | Tokens remaining: 47
2026-08-05 12:04:06 INFO  c.e.c.Tool.security.RateLimitFilter - Request from IP: 172.21.128.1 | URI: /cards/lists/3/cards | Tokens remaining: 46
2026-08-05 12:04:06 INFO  c.e.c.Tool.security.RateLimitFilter - Request from IP: 172.21.128.1 | URI: /cards/lists/4/cards | Tokens remaining: 46
2026-08-05 12:04:42 INFO  c.e.c.Tool.security.RateLimitFilter - Request from IP: 172.21.128.1 | URI: /workspace/my-workspaces | Tokens remaining: 50
2026-08-05 12:04:42 INFO  c.e.c.Tool.security.RateLimitFilter - Request from IP: 172.21.128.1 | URI: /boards/workspace/4 | Tokens remaining: 49
2026-08-05 12:04:43 INFO  c.e.c.Tool.security.RateLimitFilter - Request from IP: 172.21.128.1 | URI: /boards/1/lists | Tokens remaining: 49
2026-08-05 12:04:44 INFO  c.e.c.Tool.security.RateLimitFilter - Request from IP: 172.21.128.1 | URI: /cards/lists/3/cards | Tokens remaining: 48
2026-08-05 12:04:44 INFO  c.e.c.Tool.security.RateLimitFilter - Request from IP: 172.21.128.1 | URI: /cards/lists/1/cards | Tokens remaining: 48
2026-08-05 12:04:44 INFO  c.e.c.Tool.security.RateLimitFilter - Request from IP: 172.21.128.1 | URI: /cards/lists/2/cards | Tokens remaining: 46
2026-08-05 12:04:44 INFO  c.e.c.Tool.security.RateLimitFilter - Request from IP: 172.21.128.1 | URI: /cards/lists/4/cards | Tokens remaining: 46
2026-08-05 12:04:58 INFO  c.e.c.Tool.security.RateLimitFilter - Request from IP: 172.21.128.1 | URI: /workspace/my-workspaces | Tokens remaining: 50
2026-08-05 12:04:58 INFO  c.e.c.Tool.security.RateLimitFilter - Request from IP: 172.21.128.1 | URI: /boards/workspace/4 | Tokens remaining: 49
2026-08-05 12:04:59 INFO  c.e.c.Tool.security.RateLimitFilter - Request from IP: 172.21.128.1 | URI: /boards/1/lists | Tokens remaining: 48
2026-08-05 12:04:59 INFO  c.e.c.Tool.security.RateLimitFilter - Request from IP: 172.21.128.1 | URI: /cards/lists/1/cards | Tokens remaining: 48
2026-08-05 12:04:59 INFO  c.e.c.Tool.security.RateLimitFilter - Request from IP: 172.21.128.1 | URI: /cards/lists/4/cards | Tokens remaining: 47
2026-08-05 12:04:59 INFO  c.e.c.Tool.security.RateLimitFilter - Request from IP: 172.21.128.1 | URI: /cards/lists/3/cards | Tokens remaining: 46
2026-08-05 12:04:59 INFO  c.e.c.Tool.security.RateLimitFilter - Request from IP: 172.21.128.1 | URI: /cards/lists/2/cards | Tokens remaining: 48
2026-08-05 12:05:14 INFO  c.e.c.Tool.security.RateLimitFilter - Request from IP: 172.21.128.1 | URI: /workspace/my-workspaces | Tokens remaining: 50
2026-08-05 12:05:15 INFO  c.e.c.Tool.security.RateLimitFilter - Request from IP: 172.21.128.1 | URI: /boards/workspace/4 | Tokens remaining: 49
2026-08-05 12:05:15 INFO  c.e.c.Tool.security.RateLimitFilter - Request from IP: 172.21.128.1 | URI: /boards/1/lists | Tokens remaining: 48
2026-08-05 12:05:16 INFO  c.e.c.Tool.security.RateLimitFilter - Request from IP: 172.21.128.1 | URI: /cards/lists/1/cards | Tokens remaining: 48
2026-08-05 12:05:16 INFO  c.e.c.Tool.security.RateLimitFilter - Request from IP: 172.21.128.1 | URI: /cards/lists/3/cards | Tokens remaining: 48
2026-08-05 12:05:16 INFO  c.e.c.Tool.security.RateLimitFilter - Request from IP: 172.21.128.1 | URI: /cards/lists/2/cards | Tokens remaining: 48
2026-08-05 12:05:16 INFO  c.e.c.Tool.security.RateLimitFilter - Request from IP: 172.21.128.1 | URI: /cards/lists/4/cards | Tokens remaining: 45
2026-08-05 12:09:36 INFO  c.e.c.Tool.security.RateLimitFilter - Request from IP: 172.21.128.1 | URI: /board/1/members | Tokens remaining: 50
2026-08-05 12:09:39 INFO  c.e.c.Tool.security.RateLimitFilter - Request from IP: 172.21.128.1 | URI: /cards/2/assignee | Tokens remaining: 50
2026-08-05 12:09:40 WARN  org.hibernate.orm.jdbc.error - HHH000247: ErrorCode: 0, SQLState: 23505
2026-08-05 12:09:40 WARN  org.hibernate.orm.jdbc.error - ERROR: duplicate key value violates unique constraint "uk3teyfbfba7fya96wxev5mkj0s"
  Detail: Key (card_id, user_id)=(2, 19) already exists.
2026-08-05 12:09:40 ERROR c.e.c.T.e.CollaborationExceptionHandler - Unexpected error occurred: could not execute statement [ERROR: duplicate key value violates unique constraint "uk3teyfbfba7fya96wxev5mkj0s"
  Detail: Key (card_id, user_id)=(2, 19) already exists.] [insert into public.card_assignees (card_id,user_id) values (?,?)]; SQL [insert into public.card_assignees (card_id,user_id) values (?,?)]; constraint [uk3teyfbfba7fya96wxev5mkj0s]
org.springframework.dao.DataIntegrityViolationException: could not execute statement [ERROR: duplicate key value violates unique constraint "uk3teyfbfba7fya96wxev5mkj0s"
  Detail: Key (card_id, user_id)=(2, 19) already exists.] [insert into public.card_assignees (card_id,user_id) values (?,?)]; SQL [insert into public.card_assignees (card_id,user_id) values (?,?)]; constraint [uk3teyfbfba7fya96wxev5mkj0s]
	at org.springframework.orm.jpa.hibernate.HibernateExceptionTranslator.convertHibernateAccessException(HibernateExceptionTranslator.java:169)
	at org.springframework.orm.jpa.hibernate.HibernateExceptionTranslator.convertHibernateAccessException(HibernateExceptionTranslator.java:131)
	at org.springframework.orm.jpa.hibernate.HibernateExceptionTranslator.translateExceptionIfPossible(HibernateExceptionTranslator.java:105)
	at org.springframework.orm.jpa.vendor.HibernateJpaDialect.translateExceptionIfPossible(HibernateJpaDialect.java:199)
	at org.springframework.orm.jpa.AbstractEntityManagerFactoryBean.translateExceptionIfPossible(AbstractEntityManagerFactoryBean.java:556)
	at org.springframework.dao.support.ChainedPersistenceExceptionTranslator.translateExceptionIfPossible(ChainedPersistenceExceptionTranslator.java:61)
	at org.springframework.dao.support.DataAccessUtils.translateIfNecessary(DataAccessUtils.java:346)
	at org.springframework.dao.support.PersistenceExceptionTranslationInterceptor.invoke(PersistenceExceptionTranslationInterceptor.java:157)
	at org.springframework.aop.framework.ReflectiveMethodInvocation.proceed(ReflectiveMethodInvocation.java:179)
	at org.springframework.data.jpa.repository.support.CrudMethodMetadataPostProcessor$CrudMethodMetadataPopulatingMethodInterceptor.invoke(CrudMethodMetadataPostProcessor.java:166)
	at org.springframework.aop.framework.ReflectiveMethodInvocation.proceed(ReflectiveMethodInvocation.java:179)
	at org.springframework.aop.framework.JdkDynamicAopProxy.invoke(JdkDynamicAopProxy.java:222)
	at jdk.proxy2/jdk.proxy2.$Proxy184.save(Unknown Source)
	at com.eclectics.collaboration.Tool.service.Impl.CardServiceImpl.reassignCard(CardServiceImpl.java:215)
	at java.base/jdk.internal.reflect.DirectMethodHandleAccessor.invoke(DirectMethodHandleAccessor.java:103)
	at java.base/java.lang.reflect.Method.invoke(Method.java:580)
	at org.springframework.aop.support.AopUtils.invokeJoinpointUsingReflection(AopUtils.java:359)
	at org.springframework.aop.framework.ReflectiveMethodInvocation.invokeJoinpoint(ReflectiveMethodInvocation.java:190)
	at org.springframework.aop.framework.ReflectiveMethodInvocation.proceed(ReflectiveMethodInvocation.java:158)
	at org.springframework.transaction.interceptor.TransactionInterceptor$1.proceedWithInvocation(TransactionInterceptor.java:133)
	at org.springframework.transaction.interceptor.TransactionAspectSupport.invokeWithinTransaction(TransactionAspectSupport.java:371)
	at org.springframework.transaction.interceptor.TransactionInterceptor.invoke(TransactionInterceptor.java:130)
	at org.springframework.aop.framework.ReflectiveMethodInvocation.proceed(ReflectiveMethodInvocation.java:179)
	at org.springframework.aop.framework.CglibAopProxy$DynamicAdvisedInterceptor.intercept(CglibAopProxy.java:719)
	at com.eclectics.collaboration.Tool.service.Impl.CardServiceImpl$$SpringCGLIB$$0.reassignCard(<generated>)
	at com.eclectics.collaboration.Tool.controller.CardController.reassignCard(CardController.java:106)
	at java.base/jdk.internal.reflect.DirectMethodHandleAccessor.invoke(DirectMethodHandleAccessor.java:103)
	at java.base/java.lang.reflect.Method.invoke(Method.java:580)
	at org.springframework.web.method.support.InvocableHandlerMethod.doInvoke(InvocableHandlerMethod.java:258)
	at org.springframework.web.method.support.InvocableHandlerMethod.invokeForRequest(InvocableHandlerMethod.java:190)
	at org.springframework.web.servlet.mvc.method.annotation.ServletInvocableHandlerMethod.invokeAndHandle(ServletInvocableHandlerMethod.java:117)
	at org.springframework.web.servlet.mvc.method.annotation.RequestMappingHandlerAdapter.invokeHandlerMethod(RequestMappingHandlerAdapter.java:934)
	at org.springframework.web.servlet.mvc.method.annotation.RequestMappingHandlerAdapter.handleInternal(RequestMappingHandlerAdapter.java:853)
	at org.springframework.web.servlet.mvc.method.AbstractHandlerMethodAdapter.handle(AbstractHandlerMethodAdapter.java:86)
	at org.springframework.web.servlet.DispatcherServlet.doDispatch(DispatcherServlet.java:963)
	at org.springframework.web.servlet.DispatcherServlet.doService(DispatcherServlet.java:866)
	at org.springframework.web.servlet.FrameworkServlet.processRequest(FrameworkServlet.java:1003)
	at org.springframework.web.servlet.FrameworkServlet.doPut(FrameworkServlet.java:914)
	at jakarta.servlet.http.HttpServlet.service(HttpServlet.java:650)
	at org.springframework.web.servlet.FrameworkServlet.service(FrameworkServlet.java:874)
	at jakarta.servlet.http.HttpServlet.service(HttpServlet.java:710)
	at org.apache.catalina.core.ApplicationFilterChain.doFilter(ApplicationFilterChain.java:128)
	at org.apache.tomcat.websocket.server.WsFilter.doFilter(WsFilter.java:53)
	at org.apache.catalina.core.ApplicationFilterChain.doFilter(ApplicationFilterChain.java:107)
	at org.springframework.web.filter.OncePerRequestFilter.doFilter(OncePerRequestFilter.java:110)
	at org.apache.catalina.core.ApplicationFilterChain.doFilter(ApplicationFilterChain.java:107)
	at org.springframework.web.filter.OncePerRequestFilter.doFilter(OncePerRequestFilter.java:110)
	at org.apache.catalina.core.ApplicationFilterChain.doFilter(ApplicationFilterChain.java:107)
	at org.springframework.web.filter.CompositeFilter$VirtualFilterChain.doFilter(CompositeFilter.java:108)
	at org.springframework.security.web.FilterChainProxy.lambda$doFilterInternal$3(FilterChainProxy.java:235)
	at org.springframework.security.web.FilterChainProxy$VirtualFilterChain.doFilter(FilterChainProxy.java:371)
	at org.springframework.security.web.access.intercept.AuthorizationFilter.doFilter(AuthorizationFilter.java:101)
	at org.springframework.security.web.FilterChainProxy$VirtualFilterChain.doFilter(FilterChainProxy.java:380)
	at org.springframework.security.web.access.ExceptionTranslationFilter.doFilter(ExceptionTranslationFilter.java:126)
	at org.springframework.security.web.access.ExceptionTranslationFilter.doFilter(ExceptionTranslationFilter.java:120)
	at org.springframework.security.web.FilterChainProxy$VirtualFilterChain.doFilter(FilterChainProxy.java:380)
	at org.springframework.security.web.session.SessionManagementFilter.doFilter(SessionManagementFilter.java:132)
	at org.springframework.security.web.session.SessionManagementFilter.doFilter(SessionManagementFilter.java:86)
	at org.springframework.security.web.FilterChainProxy$VirtualFilterChain.doFilter(FilterChainProxy.java:380)
	at org.springframework.security.web.authentication.AnonymousAuthenticationFilter.doFilter(AnonymousAuthenticationFilter.java:100)
	at org.springframework.security.web.FilterChainProxy$VirtualFilterChain.doFilter(FilterChainProxy.java:380)
	at org.springframework.security.web.servletapi.SecurityContextHolderAwareRequestFilter.doFilter(SecurityContextHolderAwareRequestFilter.java:181)
	at org.springframework.security.web.FilterChainProxy$VirtualFilterChain.doFilter(FilterChainProxy.java:380)
	at org.springframework.security.web.savedrequest.RequestCacheAwareFilter.doFilter(RequestCacheAwareFilter.java:63)
	at org.springframework.security.web.FilterChainProxy$VirtualFilterChain.doFilter(FilterChainProxy.java:380)
	at com.eclectics.collaboration.Tool.security.JwtFilter.doFilterInternal(JwtFilter.java:77)
	at org.springframework.web.filter.OncePerRequestFilter.doFilter(OncePerRequestFilter.java:116)
	at org.springframework.security.web.FilterChainProxy$VirtualFilterChain.doFilter(FilterChainProxy.java:380)
	at com.eclectics.collaboration.Tool.security.RateLimitFilter.doFilterInternal(RateLimitFilter.java:50)
	at org.springframework.web.filter.OncePerRequestFilter.doFilter(OncePerRequestFilter.java:116)
	at org.springframework.security.web.FilterChainProxy$VirtualFilterChain.doFilter(FilterChainProxy.java:380)
	at org.springframework.security.web.authentication.logout.LogoutFilter.doFilter(LogoutFilter.java:110)
	at org.springframework.security.web.authentication.logout.LogoutFilter.doFilter(LogoutFilter.java:96)
	at org.springframework.security.web.FilterChainProxy$VirtualFilterChain.doFilter(FilterChainProxy.java:380)
	at org.springframework.web.filter.CorsFilter.doFilterInternal(CorsFilter.java:91)
	at org.springframework.web.filter.OncePerRequestFilter.doFilter(OncePerRequestFilter.java:116)
	at org.springframework.security.web.FilterChainProxy$VirtualFilterChain.doFilter(FilterChainProxy.java:380)
	at org.springframework.security.web.header.HeaderWriterFilter.doHeadersAfter(HeaderWriterFilter.java:90)
	at org.springframework.security.web.header.HeaderWriterFilter.doFilterInternal(HeaderWriterFilter.java:75)
	at org.springframework.web.filter.OncePerRequestFilter.doFilter(OncePerRequestFilter.java:116)
	at org.springframework.security.web.FilterChainProxy$VirtualFilterChain.doFilter(FilterChainProxy.java:380)
	at org.springframework.security.web.context.SecurityContextHolderFilter.doFilter(SecurityContextHolderFilter.java:82)
	at org.springframework.security.web.context.SecurityContextHolderFilter.doFilter(SecurityContextHolderFilter.java:69)
	at org.springframework.security.web.FilterChainProxy$VirtualFilterChain.doFilter(FilterChainProxy.java:380)
	at org.springframework.security.web.context.request.async.WebAsyncManagerIntegrationFilter.doFilterInternal(WebAsyncManagerIntegrationFilter.java:62)
	at org.springframework.web.filter.OncePerRequestFilter.doFilter(OncePerRequestFilter.java:116)
	at org.springframework.security.web.FilterChainProxy$VirtualFilterChain.doFilter(FilterChainProxy.java:380)
	at org.springframework.security.web.session.DisableEncodeUrlFilter.doFilterInternal(DisableEncodeUrlFilter.java:42)
	at org.springframework.web.filter.OncePerRequestFilter.doFilter(OncePerRequestFilter.java:116)
	at org.springframework.security.web.FilterChainProxy$VirtualFilterChain.doFilter(FilterChainProxy.java:380)
	at org.springframework.security.web.FilterChainProxy.doFilterInternal(FilterChainProxy.java:237)
	at org.springframework.security.web.FilterChainProxy.doFilter(FilterChainProxy.java:195)
	at org.springframework.web.filter.CompositeFilter$VirtualFilterChain.doFilter(CompositeFilter.java:113)
	at org.springframework.web.filter.ServletRequestPathFilter.doFilter(ServletRequestPathFilter.java:52)
	at org.springframework.web.filter.CompositeFilter$VirtualFilterChain.doFilter(CompositeFilter.java:113)
	at org.springframework.web.filter.CompositeFilter.doFilter(CompositeFilter.java:74)
	at org.springframework.security.config.annotation.web.configuration.WebSecurityConfiguration$CompositeFilterChainProxy.doFilter(WebSecurityConfiguration.java:317)
	at org.springframework.web.filter.DelegatingFilterProxy.invokeDelegate(DelegatingFilterProxy.java:355)
	at org.springframework.web.filter.DelegatingFilterProxy.doFilter(DelegatingFilterProxy.java:272)
	at org.apache.catalina.core.ApplicationFilterChain.doFilter(ApplicationFilterChain.java:107)
	at org.springframework.web.filter.RequestContextFilter.doFilterInternal(RequestContextFilter.java:100)
	at org.springframework.web.filter.OncePerRequestFilter.doFilter(OncePerRequestFilter.java:116)
	at org.apache.catalina.core.ApplicationFilterChain.doFilter(ApplicationFilterChain.java:107)
	at org.springframework.web.filter.FormContentFilter.doFilterInternal(FormContentFilter.java:93)
	at org.springframework.web.filter.OncePerRequestFilter.doFilter(OncePerRequestFilter.java:116)
	at org.apache.catalina.core.ApplicationFilterChain.doFilter(ApplicationFilterChain.java:107)
	at org.springframework.session.web.http.SessionRepositoryFilter.doFilterInternal(SessionRepositoryFilter.java:142)
	at org.springframework.session.web.http.OncePerRequestFilter.doFilter(OncePerRequestFilter.java:82)
	at org.springframework.web.filter.DelegatingFilterProxy.invokeDelegate(DelegatingFilterProxy.java:355)
	at org.springframework.web.filter.DelegatingFilterProxy.doFilter(DelegatingFilterProxy.java:272)
	at org.apache.catalina.core.ApplicationFilterChain.doFilter(ApplicationFilterChain.java:107)
	at org.springframework.web.filter.CharacterEncodingFilter.doFilterInternal(CharacterEncodingFilter.java:199)
	at org.springframework.web.filter.OncePerRequestFilter.doFilter(OncePerRequestFilter.java:116)
	at org.apache.catalina.core.ApplicationFilterChain.doFilter(ApplicationFilterChain.java:107)
	at org.apache.catalina.core.StandardWrapperValve.invoke(StandardWrapperValve.java:165)
	at org.apache.catalina.core.StandardContextValve.invoke(StandardContextValve.java:77)
	at org.apache.catalina.authenticator.AuthenticatorBase.invoke(AuthenticatorBase.java:482)
	at org.apache.catalina.core.StandardHostValve.invoke(StandardHostValve.java:113)
	at org.apache.catalina.valves.ErrorReportValve.invoke(ErrorReportValve.java:83)
	at org.apache.catalina.core.StandardEngineValve.invoke(StandardEngineValve.java:72)
	at org.apache.catalina.connector.CoyoteAdapter.service(CoyoteAdapter.java:341)
	at org.apache.coyote.http11.Http11Processor.service(Http11Processor.java:397)
	at org.apache.coyote.AbstractProcessorLight.process(AbstractProcessorLight.java:63)
	at org.apache.coyote.AbstractProtocol$ConnectionHandler.process(AbstractProtocol.java:903)
	at org.apache.tomcat.util.net.NioEndpoint$SocketProcessor.doRun(NioEndpoint.java:1778)
	at org.apache.tomcat.util.net.SocketProcessorBase.run(SocketProcessorBase.java:52)
	at org.apache.tomcat.util.threads.ThreadPoolExecutor.runWorker(ThreadPoolExecutor.java:946)
	at org.apache.tomcat.util.threads.ThreadPoolExecutor$Worker.run(ThreadPoolExecutor.java:480)
	at org.apache.tomcat.util.threads.TaskThread$WrappingRunnable.run(TaskThread.java:57)
	at java.base/java.lang.Thread.run(Thread.java:1583)
Caused by: org.hibernate.exception.ConstraintViolationException: could not execute statement [ERROR: duplicate key value violates unique constraint "uk3teyfbfba7fya96wxev5mkj0s"
  Detail: Key (card_id, user_id)=(2, 19) already exists.] [insert into public.card_assignees (card_id,user_id) values (?,?)]
	at org.hibernate.exception.internal.SQLStateConversionDelegate.convert(SQLStateConversionDelegate.java:73)
	at org.hibernate.exception.internal.StandardSQLExceptionConverter.convert(StandardSQLExceptionConverter.java:34)
	at org.hibernate.engine.jdbc.spi.SqlExceptionHelper.convert(SqlExceptionHelper.java:115)
	at org.hibernate.engine.jdbc.internal.ResultSetReturnImpl.executeUpdate(ResultSetReturnImpl.java:184)
	at org.hibernate.id.insert.GetGeneratedKeysDelegate.performMutation(GetGeneratedKeysDelegate.java:103)
	at org.hibernate.engine.jdbc.mutation.internal.MutationExecutorSingleNonBatched.performNonBatchedOperations(MutationExecutorSingleNonBatched.java:45)
	at org.hibernate.engine.jdbc.mutation.internal.AbstractMutationExecutor.execute(AbstractMutationExecutor.java:66)
	at org.hibernate.engine.jdbc.mutation.internal.AbstractMutationExecutor.execute(AbstractMutationExecutor.java:55)
	at org.hibernate.persister.entity.mutation.InsertCoordinatorStandard.doStaticInserts(InsertCoordinatorStandard.java:180)
	at org.hibernate.persister.entity.mutation.InsertCoordinatorStandard.coordinateInsert(InsertCoordinatorStandard.java:120)
	at org.hibernate.persister.entity.mutation.InsertCoordinatorStandard.insert(InsertCoordinatorStandard.java:84)
	at org.hibernate.action.internal.EntityIdentityInsertAction.execute(EntityIdentityInsertAction.java:85)
	at org.hibernate.engine.spi.ActionQueue.execute(ActionQueue.java:667)
	at org.hibernate.engine.spi.ActionQueue.addResolvedEntityInsertAction(ActionQueue.java:291)
	at org.hibernate.engine.spi.ActionQueue.addInsertAction(ActionQueue.java:270)
	at org.hibernate.engine.spi.ActionQueue.addAction(ActionQueue.java:322)
	at org.hibernate.event.internal.AbstractSaveEventListener.addInsertAction(AbstractSaveEventListener.java:371)
	at org.hibernate.event.internal.AbstractSaveEventListener.performSaveOrReplicate(AbstractSaveEventListener.java:285)
	at org.hibernate.event.internal.AbstractSaveEventListener.performSave(AbstractSaveEventListener.java:215)
	at org.hibernate.event.internal.AbstractSaveEventListener.saveWithGeneratedId(AbstractSaveEventListener.java:133)
	at org.hibernate.event.internal.DefaultPersistEventListener.entityIsTransient(DefaultPersistEventListener.java:145)
	at org.hibernate.event.internal.DefaultPersistEventListener.persist(DefaultPersistEventListener.java:89)
	at org.hibernate.event.internal.DefaultPersistEventListener.onPersist(DefaultPersistEventListener.java:73)
	at org.hibernate.event.internal.DefaultPersistEventListener.onPersist(DefaultPersistEventListener.java:49)
	at org.hibernate.event.service.internal.EventListenerGroupImpl.fireEventOnEachListener(EventListenerGroupImpl.java:138)
	at org.hibernate.internal.SessionImpl.firePersist(SessionImpl.java:689)
	at org.hibernate.internal.SessionImpl.persist(SessionImpl.java:672)
	at java.base/jdk.internal.reflect.DirectMethodHandleAccessor.invoke(DirectMethodHandleAccessor.java:103)
	at java.base/java.lang.reflect.Method.invoke(Method.java:580)
	at org.springframework.orm.jpa.ExtendedEntityManagerCreator$ExtendedEntityManagerInvocationHandler.invoke(ExtendedEntityManagerCreator.java:362)
	at jdk.proxy2/jdk.proxy2.$Proxy162.persist(Unknown Source)
	at java.base/jdk.internal.reflect.DirectMethodHandleAccessor.invoke(DirectMethodHandleAccessor.java:103)
	at java.base/java.lang.reflect.Method.invoke(Method.java:580)
	at org.springframework.orm.jpa.SharedEntityManagerCreator$SharedEntityManagerInvocationHandler.invoke(SharedEntityManagerCreator.java:317)
	at jdk.proxy2/jdk.proxy2.$Proxy162.persist(Unknown Source)
	at org.springframework.data.jpa.repository.support.SimpleJpaRepository.save(SimpleJpaRepository.java:664)
	at java.base/jdk.internal.reflect.DirectMethodHandleAccessor.invoke(DirectMethodHandleAccessor.java:103)
	at java.base/java.lang.reflect.Method.invoke(Method.java:580)
	at org.springframework.aop.support.AopUtils.invokeJoinpointUsingReflection(AopUtils.java:359)
	at org.springframework.data.repository.core.support.RepositoryMethodInvoker$RepositoryFragmentMethodInvoker.lambda$new$0(RepositoryMethodInvoker.java:278)
	at org.springframework.data.repository.core.support.RepositoryMethodInvoker.doInvoke(RepositoryMethodInvoker.java:169)
	at org.springframework.data.repository.core.support.RepositoryMethodInvoker.invoke(RepositoryMethodInvoker.java:158)
	at org.springframework.data.repository.core.support.RepositoryComposition$RepositoryFragments.invoke(RepositoryComposition.java:545)
	at org.springframework.data.repository.core.support.RepositoryComposition.invoke(RepositoryComposition.java:290)
	at org.springframework.data.repository.core.support.RepositoryFactorySupport$ImplementationMethodExecutionInterceptor.invoke(RepositoryFactorySupport.java:690)
	at org.springframework.aop.framework.ReflectiveMethodInvocation.proceed(ReflectiveMethodInvocation.java:179)
	at org.springframework.data.repository.core.support.QueryExecutorMethodInterceptor.doInvoke(QueryExecutorMethodInterceptor.java:171)
	at org.springframework.data.repository.core.support.QueryExecutorMethodInterceptor.invoke(QueryExecutorMethodInterceptor.java:146)
	at org.springframework.aop.framework.ReflectiveMethodInvocation.proceed(ReflectiveMethodInvocation.java:179)
	at org.springframework.data.projection.DefaultMethodInvokingMethodInterceptor.invoke(DefaultMethodInvokingMethodInterceptor.java:69)
	at org.springframework.aop.framework.ReflectiveMethodInvocation.proceed(ReflectiveMethodInvocation.java:179)
	at org.springframework.transaction.interceptor.TransactionInterceptor$1.proceedWithInvocation(TransactionInterceptor.java:133)
	at org.springframework.transaction.interceptor.TransactionAspectSupport.invokeWithinTransaction(TransactionAspectSupport.java:371)
	at org.springframework.transaction.interceptor.TransactionInterceptor.invoke(TransactionInterceptor.java:130)
	at org.springframework.aop.framework.ReflectiveMethodInvocation.proceed(ReflectiveMethodInvocation.java:179)
	at org.springframework.dao.support.PersistenceExceptionTranslationInterceptor.invoke(PersistenceExceptionTranslationInterceptor.java:135)
	... 122 common frames omitted
Caused by: org.postgresql.util.PSQLException: ERROR: duplicate key value violates unique constraint "uk3teyfbfba7fya96wxev5mkj0s"
  Detail: Key (card_id, user_id)=(2, 19) already exists.
	at org.postgresql.core.v3.QueryExecutorImpl.receiveErrorResponse(QueryExecutorImpl.java:2846)
	at org.postgresql.core.v3.QueryExecutorImpl.processResults(QueryExecutorImpl.java:2531)
	at org.postgresql.core.v3.QueryExecutorImpl.execute(QueryExecutorImpl.java:429)
	at org.postgresql.jdbc.PgStatement.executeInternal(PgStatement.java:526)
	at org.postgresql.jdbc.PgStatement.execute(PgStatement.java:436)
	at org.postgresql.jdbc.PgPreparedStatement.executeWithFlags(PgPreparedStatement.java:196)
	at org.postgresql.jdbc.PgPreparedStatement.executeUpdate(PgPreparedStatement.java:157)
	at com.zaxxer.hikari.pool.ProxyPreparedStatement.executeUpdate(ProxyPreparedStatement.java:61)
	at com.zaxxer.hikari.pool.HikariProxyPreparedStatement.executeUpdate(HikariProxyPreparedStatement.java)
	at org.hibernate.engine.jdbc.internal.ResultSetReturnImpl.executeUpdate(ResultSetReturnImpl.java:181)
	... 174 common frames omitted
2026-08-05 12:09:42 INFO  c.e.c.Tool.security.RateLimitFilter - Request from IP: 172.21.128.1 | URI: /board/1/members | Tokens remaining: 50
2026-08-05 12:09:46 INFO  c.e.c.Tool.security.RateLimitFilter - Request from IP: 172.21.128.1 | URI: /board/1/members | Tokens remaining: 50
2026-08-05 12:12:41 INFO  c.e.c.Tool.security.RateLimitFilter - Request from IP: 172.21.128.1 | URI: /workspace/my-workspaces | Tokens remaining: 50
2026-08-05 12:12:42 INFO  c.e.c.Tool.security.RateLimitFilter - Request from IP: 172.21.128.1 | URI: /boards/workspace/4 | Tokens remaining: 49
2026-08-05 12:12:42 INFO  c.e.c.Tool.security.RateLimitFilter - Request from IP: 172.21.128.1 | URI: /boards/1/lists | Tokens remaining: 48
2026-08-05 12:12:43 INFO  c.e.c.Tool.security.RateLimitFilter - Request from IP: 172.21.128.1 | URI: /cards/lists/1/cards | Tokens remaining: 48
2026-08-05 12:12:43 INFO  c.e.c.Tool.security.RateLimitFilter - Request from IP: 172.21.128.1 | URI: /cards/lists/4/cards | Tokens remaining: 47
2026-08-05 12:12:43 INFO  c.e.c.Tool.security.RateLimitFilter - Request from IP: 172.21.128.1 | URI: /cards/lists/2/cards | Tokens remaining: 46
2026-08-05 12:12:43 INFO  c.e.c.Tool.security.RateLimitFilter - Request from IP: 172.21.128.1 | URI: /cards/lists/3/cards | Tokens remaining: 45
2026-08-05 12:13:33 INFO  c.e.c.Tool.security.RateLimitFilter - Request from IP: 172.21.128.1 | URI: /workspace/my-workspaces | Tokens remaining: 50
2026-08-05 12:13:34 INFO  c.e.c.Tool.security.RateLimitFilter - Request from IP: 172.21.128.1 | URI: /boards/workspace/4 | Tokens remaining: 49
2026-08-05 12:13:34 INFO  c.e.c.Tool.security.RateLimitFilter - Request from IP: 172.21.128.1 | URI: /boards/1/lists | Tokens remaining: 48
2026-08-05 12:13:35 INFO  c.e.c.Tool.security.RateLimitFilter - Request from IP: 172.21.128.1 | URI: /cards/lists/1/cards | Tokens remaining: 48
2026-08-05 12:13:35 INFO  c.e.c.Tool.security.RateLimitFilter - Request from IP: 172.21.128.1 | URI: /cards/lists/3/cards | Tokens remaining: 47
2026-08-05 12:13:35 INFO  c.e.c.Tool.security.RateLimitFilter - Request from IP: 172.21.128.1 | URI: /cards/lists/2/cards | Tokens remaining: 46
2026-08-05 12:13:35 INFO  c.e.c.Tool.security.RateLimitFilter - Request from IP: 172.21.128.1 | URI: /cards/lists/4/cards | Tokens remaining: 45
2026-08-05 12:13:42 INFO  c.e.c.Tool.security.RateLimitFilter - Request from IP: 172.21.128.1 | URI: /board/1/members | Tokens remaining: 50
2026-08-05 12:13:49 INFO  c.e.c.Tool.security.RateLimitFilter - Request from IP: 172.21.128.1 | URI: /board/1/members | Tokens remaining: 50
2026-08-05 12:13:52 INFO  c.e.c.Tool.security.RateLimitFilter - Request from IP: 172.21.128.1 | URI: /board/1/members | Tokens remaining: 50
2026-08-05 12:14:08 INFO  c.e.c.Tool.security.RateLimitFilter - Request from IP: 172.21.128.1 | URI: /board/1/members | Tokens remaining: 50
2026-08-05 12:14:11 INFO  c.e.c.Tool.security.RateLimitFilter - Request from IP: 172.21.128.1 | URI: /board/1/members | Tokens remaining: 50
2026-08-05 12:14:15 INFO  c.e.c.Tool.security.RateLimitFilter - Request from IP: 172.21.128.1 | URI: /board/1/members | Tokens remaining: 50
2026-08-05 12:14:17 INFO  c.e.c.Tool.security.RateLimitFilter - Request from IP: 172.21.128.1 | URI: /board/1/members | Tokens remaining: 50
2026-08-05 12:18:10 INFO  c.e.c.Tool.security.RateLimitFilter - Request from IP: 172.21.128.1 | URI: /workspace/my-workspaces | Tokens remaining: 50
2026-08-05 12:18:10 INFO  c.e.c.Tool.security.RateLimitFilter - Request from IP: 172.21.128.1 | URI: /boards/workspace/4 | Tokens remaining: 49
2026-08-05 12:18:11 INFO  c.e.c.Tool.security.RateLimitFilter - Request from IP: 172.21.128.1 | URI: /boards/1/lists | Tokens remaining: 48
2026-08-05 12:18:11 INFO  c.e.c.Tool.security.RateLimitFilter - Request from IP: 172.21.128.1 | URI: /cards/lists/1/cards | Tokens remaining: 48
2026-08-05 12:18:11 INFO  c.e.c.Tool.security.RateLimitFilter - Request from IP: 172.21.128.1 | URI: /cards/lists/2/cards | Tokens remaining: 47
2026-08-05 12:18:11 INFO  c.e.c.Tool.security.RateLimitFilter - Request from IP: 172.21.128.1 | URI: /cards/lists/3/cards | Tokens remaining: 46
2026-08-05 12:18:11 INFO  c.e.c.Tool.security.RateLimitFilter - Request from IP: 172.21.128.1 | URI: /cards/lists/4/cards | Tokens remaining: 45
2026-08-05 12:19:10 INFO  c.e.c.Tool.security.RateLimitFilter - Request from IP: 172.21.128.1 | URI: /workspace/my-workspaces | Tokens remaining: 50
2026-08-05 12:19:11 INFO  c.e.c.Tool.security.RateLimitFilter - Request from IP: 172.21.128.1 | URI: /boards/workspace/4 | Tokens remaining: 49
2026-08-05 12:19:12 INFO  c.e.c.Tool.security.RateLimitFilter - Request from IP: 172.21.128.1 | URI: /boards/1/lists | Tokens remaining: 49
2026-08-05 12:19:13 INFO  c.e.c.Tool.security.RateLimitFilter - Request from IP: 172.21.128.1 | URI: /cards/lists/1/cards | Tokens remaining: 48
2026-08-05 12:19:13 INFO  c.e.c.Tool.security.RateLimitFilter - Request from IP: 172.21.128.1 | URI: /cards/lists/2/cards | Tokens remaining: 47
2026-08-05 12:19:13 INFO  c.e.c.Tool.security.RateLimitFilter - Request from IP: 172.21.128.1 | URI: /cards/lists/3/cards | Tokens remaining: 46
2026-08-05 12:19:13 INFO  c.e.c.Tool.security.RateLimitFilter - Request from IP: 172.21.128.1 | URI: /cards/lists/4/cards | Tokens remaining: 45
2026-08-05 12:20:00 INFO  c.e.c.Tool.security.RateLimitFilter - Request from IP: 172.21.128.1 | URI: /workspace/my-workspaces | Tokens remaining: 50
2026-08-05 12:20:01 INFO  c.e.c.Tool.security.RateLimitFilter - Request from IP: 172.21.128.1 | URI: /boards/workspace/4 | Tokens remaining: 49
2026-08-05 12:20:01 INFO  c.e.c.Tool.security.RateLimitFilter - Request from IP: 172.21.128.1 | URI: /boards/1/lists | Tokens remaining: 48
2026-08-05 12:20:02 INFO  c.e.c.Tool.security.RateLimitFilter - Request from IP: 172.21.128.1 | URI: /cards/lists/1/cards | Tokens remaining: 48
2026-08-05 12:20:02 INFO  c.e.c.Tool.security.RateLimitFilter - Request from IP: 172.21.128.1 | URI: /cards/lists/2/cards | Tokens remaining: 47
2026-08-05 12:20:02 INFO  c.e.c.Tool.security.RateLimitFilter - Request from IP: 172.21.128.1 | URI: /cards/lists/3/cards | Tokens remaining: 46
2026-08-05 12:20:02 INFO  c.e.c.Tool.security.RateLimitFilter - Request from IP: 172.21.128.1 | URI: /cards/lists/4/cards | Tokens remaining: 45
2026-08-05 12:20:12 INFO  c.e.c.Tool.security.RateLimitFilter - Request from IP: 172.21.128.1 | URI: /board/1/members | Tokens remaining: 50
2026-08-05 12:20:15 INFO  c.e.c.Tool.security.RateLimitFilter - Request from IP: 172.21.128.1 | URI: /board/1/members | Tokens remaining: 50
2026-08-05 12:20:38 INFO  c.e.c.Tool.security.RateLimitFilter - Request from IP: 172.21.128.1 | URI: /boards/workspace/5 | Tokens remaining: 50
2026-08-05 12:20:39 INFO  c.e.c.Tool.security.RateLimitFilter - Request from IP: 172.21.128.1 | URI: /boards/4/lists | Tokens remaining: 49
2026-08-05 12:20:41 INFO  c.e.c.Tool.security.RateLimitFilter - Request from IP: 172.21.128.1 | URI: /boards/workspace/6 | Tokens remaining: 49
2026-08-05 12:20:43 INFO  c.e.c.Tool.security.RateLimitFilter - Request from IP: 172.21.128.1 | URI: /boards/workspace/8 | Tokens remaining: 50
2026-08-05 12:20:43 INFO  c.e.c.Tool.security.RateLimitFilter - Request from IP: 172.21.128.1 | URI: /boards/3/lists | Tokens remaining: 49
2026-08-05 12:20:45 INFO  c.e.c.Tool.security.RateLimitFilter - Request from IP: 172.21.128.1 | URI: /boards/workspace/4 | Tokens remaining: 49
2026-08-05 12:20:45 INFO  c.e.c.Tool.security.RateLimitFilter - Request from IP: 172.21.128.1 | URI: /boards/1/lists | Tokens remaining: 49
2026-08-05 12:20:46 INFO  c.e.c.Tool.security.RateLimitFilter - Request from IP: 172.21.128.1 | URI: /cards/lists/1/cards | Tokens remaining: 48
2026-08-05 12:20:46 INFO  c.e.c.Tool.security.RateLimitFilter - Request from IP: 172.21.128.1 | URI: /cards/lists/3/cards | Tokens remaining: 48
2026-08-05 12:20:46 INFO  c.e.c.Tool.security.RateLimitFilter - Request from IP: 172.21.128.1 | URI: /cards/lists/2/cards | Tokens remaining: 46
2026-08-05 12:20:46 INFO  c.e.c.Tool.security.RateLimitFilter - Request from IP: 172.21.128.1 | URI: /cards/lists/4/cards | Tokens remaining: 45
2026-08-05 12:21:04 INFO  c.e.c.Tool.security.RateLimitFilter - Request from IP: 172.21.128.1 | URI: /board/1/members | Tokens remaining: 50
2026-08-05 12:21:16 INFO  c.e.c.Tool.security.RateLimitFilter - Request from IP: 172.21.128.1 | URI: /issues/active | Tokens remaining: 50
2026-08-05 12:21:19 INFO  c.e.c.Tool.security.RateLimitFilter - Request from IP: 172.21.128.1 | URI: /workspace/my-workspaces | Tokens remaining: 50
2026-08-05 12:21:19 INFO  c.e.c.Tool.security.RateLimitFilter - Request from IP: 172.21.128.1 | URI: /boards/workspace/4 | Tokens remaining: 49
2026-08-05 12:21:20 INFO  c.e.c.Tool.security.RateLimitFilter - Request from IP: 172.21.128.1 | URI: /boards/1/lists | Tokens remaining: 48
2026-08-05 12:21:20 INFO  c.e.c.Tool.security.RateLimitFilter - Request from IP: 172.21.128.1 | URI: /cards/lists/2/cards | Tokens remaining: 48
2026-08-05 12:21:20 INFO  c.e.c.Tool.security.RateLimitFilter - Request from IP: 172.21.128.1 | URI: /cards/lists/1/cards | Tokens remaining: 47
2026-08-05 12:21:20 INFO  c.e.c.Tool.security.RateLimitFilter - Request from IP: 172.21.128.1 | URI: /cards/lists/3/cards | Tokens remaining: 46
2026-08-05 12:21:20 INFO  c.e.c.Tool.security.RateLimitFilter - Request from IP: 172.21.128.1 | URI: /cards/lists/4/cards | Tokens remaining: 45
2026-08-05 12:23:33 INFO  o.s.w.s.c.WebSocketMessageBrokerStats - WebSocketSession[0 current WS(0)-HttpStream(0)-HttpPoll(0), 0 total, 0 closed abnormally (0 connect failure, 0 send limit, 0 transport error)], stompSubProtocol[processed CONNECT(0)-CONNECTED(0)-DISCONNECT(0)], stompBrokerRelay[null], inboundChannel[pool size = 0, active threads = 0, queued tasks = 0, completed tasks = 0], outboundChannel[pool size = 0, active threads = 0, queued tasks = 0, completed tasks = 0], sockJsScheduler[pool size = 4, active threads = 1, queued tasks = 1, completed tasks = 124]
2026-08-05 12:23:52 INFO  c.e.c.Tool.security.RateLimitFilter - Request from IP: 172.21.128.1 | URI: /workspace/my-workspaces | Tokens remaining: 50
2026-08-05 12:23:53 INFO  c.e.c.Tool.security.RateLimitFilter - Request from IP: 172.21.128.1 | URI: /boards/workspace/4 | Tokens remaining: 49
2026-08-05 12:23:53 INFO  c.e.c.Tool.security.RateLimitFilter - Request from IP: 172.21.128.1 | URI: /boards/1/lists | Tokens remaining: 48
2026-08-05 12:23:54 INFO  c.e.c.Tool.security.RateLimitFilter - Request from IP: 172.21.128.1 | URI: /cards/lists/2/cards | Tokens remaining: 48
2026-08-05 12:23:54 INFO  c.e.c.Tool.security.RateLimitFilter - Request from IP: 172.21.128.1 | URI: /cards/lists/1/cards | Tokens remaining: 48
2026-08-05 12:23:54 INFO  c.e.c.Tool.security.RateLimitFilter - Request from IP: 172.21.128.1 | URI: /cards/lists/3/cards | Tokens remaining: 46
2026-08-05 12:23:54 INFO  c.e.c.Tool.security.RateLimitFilter - Request from IP: 172.21.128.1 | URI: /cards/lists/4/cards | Tokens remaining: 46
2026-08-05 12:26:37 INFO  c.e.c.Tool.security.RateLimitFilter - Request from IP: 172.21.128.1 | URI: /workspace/my-workspaces | Tokens remaining: 50
2026-08-05 12:26:37 INFO  c.e.c.Tool.security.RateLimitFilter - Request from IP: 172.21.128.1 | URI: /boards/workspace/4 | Tokens remaining: 49
2026-08-05 12:26:38 INFO  c.e.c.Tool.security.RateLimitFilter - Request from IP: 172.21.128.1 | URI: /boards/1/lists | Tokens remaining: 48
2026-08-05 12:26:38 INFO  c.e.c.Tool.security.RateLimitFilter - Request from IP: 172.21.128.1 | URI: /cards/lists/1/cards | Tokens remaining: 48
2026-08-05 12:26:38 INFO  c.e.c.Tool.security.RateLimitFilter - Request from IP: 172.21.128.1 | URI: /cards/lists/2/cards | Tokens remaining: 47
2026-08-05 12:26:38 INFO  c.e.c.Tool.security.RateLimitFilter - Request from IP: 172.21.128.1 | URI: /cards/lists/4/cards | Tokens remaining: 46
2026-08-05 12:26:38 INFO  c.e.c.Tool.security.RateLimitFilter - Request from IP: 172.21.128.1 | URI: /cards/lists/3/cards | Tokens remaining: 45
2026-08-05 12:28:18 INFO  c.e.c.Tool.security.RateLimitFilter - Request from IP: 172.21.128.1 | URI: /workspace/my-workspaces | Tokens remaining: 50
2026-08-05 12:28:18 INFO  c.e.c.Tool.security.RateLimitFilter - Request from IP: 172.21.128.1 | URI: /boards/workspace/4 | Tokens remaining: 49
2026-08-05 12:28:19 INFO  c.e.c.Tool.security.RateLimitFilter - Request from IP: 172.21.128.1 | URI: /boards/1/lists | Tokens remaining: 49
2026-08-05 12:28:19 INFO  c.e.c.Tool.security.RateLimitFilter - Request from IP: 172.21.128.1 | URI: /cards/lists/2/cards | Tokens remaining: 48
2026-08-05 12:28:19 INFO  c.e.c.Tool.security.RateLimitFilter - Request from IP: 172.21.128.1 | URI: /cards/lists/4/cards | Tokens remaining: 47
2026-08-05 12:28:19 INFO  c.e.c.Tool.security.RateLimitFilter - Request from IP: 172.21.128.1 | URI: /cards/lists/1/cards | Tokens remaining: 46
2026-08-05 12:28:19 INFO  c.e.c.Tool.security.RateLimitFilter - Request from IP: 172.21.128.1 | URI: /cards/lists/3/cards | Tokens remaining: 45
2026-08-05 12:28:32 INFO  c.e.c.Tool.security.RateLimitFilter - Request from IP: 172.21.128.1 | URI: /board/1/members | Tokens remaining: 50
2026-08-05 12:30:51 INFO  c.e.c.Tool.security.RateLimitFilter - Request from IP: 172.21.128.1 | URI: /workspace/my-workspaces | Tokens remaining: 50
2026-08-05 12:30:51 INFO  c.e.c.Tool.security.RateLimitFilter - Request from IP: 172.21.128.1 | URI: /boards/workspace/4 | Tokens remaining: 49
2026-08-05 12:30:52 INFO  c.e.c.Tool.security.RateLimitFilter - Request from IP: 172.21.128.1 | URI: /boards/1/lists | Tokens remaining: 48
2026-08-05 12:30:52 INFO  c.e.c.Tool.security.RateLimitFilter - Request from IP: 172.21.128.1 | URI: /cards/lists/1/cards | Tokens remaining: 48
2026-08-05 12:30:52 INFO  c.e.c.Tool.security.RateLimitFilter - Request from IP: 172.21.128.1 | URI: /cards/lists/2/cards | Tokens remaining: 47
2026-08-05 12:30:52 INFO  c.e.c.Tool.security.RateLimitFilter - Request from IP: 172.21.128.1 | URI: /cards/lists/3/cards | Tokens remaining: 46
2026-08-05 12:30:52 INFO  c.e.c.Tool.security.RateLimitFilter - Request from IP: 172.21.128.1 | URI: /cards/lists/4/cards | Tokens remaining: 45
2026-08-05 12:30:55 INFO  c.e.c.Tool.security.RateLimitFilter - Request from IP: 172.21.128.1 | URI: /board/1/members | Tokens remaining: 46
2026-08-05 12:30:59 INFO  c.e.c.Tool.security.RateLimitFilter - Request from IP: 172.21.128.1 | URI: /cards/2/assignee | Tokens remaining: 48
2026-08-05 12:31:06 INFO  c.e.c.Tool.security.RateLimitFilter - Request from IP: 172.21.128.1 | URI: /workspace/my-workspaces | Tokens remaining: 50
2026-08-05 12:31:06 INFO  c.e.c.Tool.security.RateLimitFilter - Request from IP: 172.21.128.1 | URI: /boards/workspace/4 | Tokens remaining: 49
2026-08-05 12:31:07 INFO  c.e.c.Tool.security.RateLimitFilter - Request from IP: 172.21.128.1 | URI: /boards/1/lists | Tokens remaining: 49
2026-08-05 12:31:08 INFO  c.e.c.Tool.security.RateLimitFilter - Request from IP: 172.21.128.1 | URI: /cards/lists/1/cards | Tokens remaining: 48
2026-08-05 12:31:08 INFO  c.e.c.Tool.security.RateLimitFilter - Request from IP: 172.21.128.1 | URI: /cards/lists/3/cards | Tokens remaining: 47
2026-08-05 12:31:08 INFO  c.e.c.Tool.security.RateLimitFilter - Request from IP: 172.21.128.1 | URI: /cards/lists/2/cards | Tokens remaining: 47
2026-08-05 12:31:08 INFO  c.e.c.Tool.security.RateLimitFilter - Request from IP: 172.21.128.1 | URI: /cards/lists/4/cards | Tokens remaining: 45
2026-08-05 12:31:15 INFO  c.e.c.Tool.security.RateLimitFilter - Request from IP: 172.21.128.1 | URI: /board/1/members | Tokens remaining: 50
2026-08-05 12:33:57 INFO  c.e.c.Tool.security.RateLimitFilter - Request from IP: 172.21.128.1 | URI: /workspace/my-workspaces | Tokens remaining: 50
2026-08-05 12:33:57 INFO  c.e.c.Tool.security.RateLimitFilter - Request from IP: 172.21.128.1 | URI: /boards/workspace/4 | Tokens remaining: 49
2026-08-05 12:33:58 INFO  c.e.c.Tool.security.RateLimitFilter - Request from IP: 172.21.128.1 | URI: /boards/1/lists | Tokens remaining: 48
2026-08-05 12:33:58 INFO  c.e.c.Tool.security.RateLimitFilter - Request from IP: 172.21.128.1 | URI: /cards/lists/1/cards | Tokens remaining: 48
2026-08-05 12:33:58 INFO  c.e.c.Tool.security.RateLimitFilter - Request from IP: 172.21.128.1 | URI: /cards/lists/2/cards | Tokens remaining: 48
2026-08-05 12:33:58 INFO  c.e.c.Tool.security.RateLimitFilter - Request from IP: 172.21.128.1 | URI: /cards/lists/4/cards | Tokens remaining: 46
2026-08-05 12:33:58 INFO  c.e.c.Tool.security.RateLimitFilter - Request from IP: 172.21.128.1 | URI: /cards/lists/3/cards | Tokens remaining: 45
2026-08-05 12:34:03 INFO  c.e.c.Tool.security.RateLimitFilter - Request from IP: 172.21.128.1 | URI: /board/1/members | Tokens remaining: 48
2026-08-05 12:34:10 INFO  c.e.c.Tool.security.RateLimitFilter - Request from IP: 172.21.128.1 | URI: /cards/2/assignee | Tokens remaining: 50
2026-08-05 12:34:13 INFO  c.e.c.Tool.security.RateLimitFilter - Request from IP: 172.21.128.1 | URI: /board/1/members | Tokens remaining: 50
2026-08-05 12:34:15 INFO  c.e.c.Tool.security.RateLimitFilter - Request from IP: 172.21.128.1 | URI: /cards/3/assignee | Tokens remaining: 50
2026-08-05 12:34:20 INFO  c.e.c.Tool.security.RateLimitFilter - Request from IP: 172.21.128.1 | URI: /workspace/my-workspaces | Tokens remaining: 50
2026-08-05 12:34:21 INFO  c.e.c.Tool.security.RateLimitFilter - Request from IP: 172.21.128.1 | URI: /boards/workspace/4 | Tokens remaining: 49
2026-08-05 12:34:21 INFO  c.e.c.Tool.security.RateLimitFilter - Request from IP: 172.21.128.1 | URI: /boards/1/lists | Tokens remaining: 48
2026-08-05 12:34:22 INFO  c.e.c.Tool.security.RateLimitFilter - Request from IP: 172.21.128.1 | URI: /cards/lists/1/cards | Tokens remaining: 48
2026-08-05 12:34:22 INFO  c.e.c.Tool.security.RateLimitFilter - Request from IP: 172.21.128.1 | URI: /cards/lists/4/cards | Tokens remaining: 48
2026-08-05 12:34:22 INFO  c.e.c.Tool.security.RateLimitFilter - Request from IP: 172.21.128.1 | URI: /cards/lists/3/cards | Tokens remaining: 46
2026-08-05 12:34:22 INFO  c.e.c.Tool.security.RateLimitFilter - Request from IP: 172.21.128.1 | URI: /cards/lists/2/cards | Tokens remaining: 45
2026-08-05 12:34:28 INFO  c.e.c.Tool.security.RateLimitFilter - Request from IP: 172.21.128.1 | URI: /board/1/members | Tokens remaining: 49
2026-08-05 12:34:33 INFO  c.e.c.Tool.security.RateLimitFilter - Request from IP: 172.21.128.1 | URI: /board/1/members | Tokens remaining: 50
2026-08-05 12:37:00 INFO  c.e.c.Tool.security.RateLimitFilter - Request from IP: 172.21.128.1 | URI: /cards/3/assignee | Tokens remaining: 50
2026-08-05 12:37:01 WARN  org.hibernate.orm.jdbc.error - HHH000247: ErrorCode: 0, SQLState: 23505
2026-08-05 12:37:01 WARN  org.hibernate.orm.jdbc.error - ERROR: duplicate key value violates unique constraint "uk3teyfbfba7fya96wxev5mkj0s"
  Detail: Key (card_id, user_id)=(3, 17) already exists.
2026-08-05 12:37:01 ERROR c.e.c.T.e.CollaborationExceptionHandler - Unexpected error occurred: could not execute statement [ERROR: duplicate key value violates unique constraint "uk3teyfbfba7fya96wxev5mkj0s"
  Detail: Key (card_id, user_id)=(3, 17) already exists.] [insert into public.card_assignees (card_id,user_id) values (?,?)]; SQL [insert into public.card_assignees (card_id,user_id) values (?,?)]; constraint [uk3teyfbfba7fya96wxev5mkj0s]
org.springframework.dao.DataIntegrityViolationException: could not execute statement [ERROR: duplicate key value violates unique constraint "uk3teyfbfba7fya96wxev5mkj0s"
  Detail: Key (card_id, user_id)=(3, 17) already exists.] [insert into public.card_assignees (card_id,user_id) values (?,?)]; SQL [insert into public.card_assignees (card_id,user_id) values (?,?)]; constraint [uk3teyfbfba7fya96wxev5mkj0s]
	at org.springframework.orm.jpa.hibernate.HibernateExceptionTranslator.convertHibernateAccessException(HibernateExceptionTranslator.java:169)
	at org.springframework.orm.jpa.hibernate.HibernateExceptionTranslator.convertHibernateAccessException(HibernateExceptionTranslator.java:131)
	at org.springframework.orm.jpa.hibernate.HibernateExceptionTranslator.translateExceptionIfPossible(HibernateExceptionTranslator.java:105)
	at org.springframework.orm.jpa.vendor.HibernateJpaDialect.translateExceptionIfPossible(HibernateJpaDialect.java:199)
	at org.springframework.orm.jpa.AbstractEntityManagerFactoryBean.translateExceptionIfPossible(AbstractEntityManagerFactoryBean.java:556)
	at org.springframework.dao.support.ChainedPersistenceExceptionTranslator.translateExceptionIfPossible(ChainedPersistenceExceptionTranslator.java:61)
	at org.springframework.dao.support.DataAccessUtils.translateIfNecessary(DataAccessUtils.java:346)
	at org.springframework.dao.support.PersistenceExceptionTranslationInterceptor.invoke(PersistenceExceptionTranslationInterceptor.java:157)
	at org.springframework.aop.framework.ReflectiveMethodInvocation.proceed(ReflectiveMethodInvocation.java:179)
	at org.springframework.data.jpa.repository.support.CrudMethodMetadataPostProcessor$CrudMethodMetadataPopulatingMethodInterceptor.invoke(CrudMethodMetadataPostProcessor.java:166)
	at org.springframework.aop.framework.ReflectiveMethodInvocation.proceed(ReflectiveMethodInvocation.java:179)
	at org.springframework.aop.framework.JdkDynamicAopProxy.invoke(JdkDynamicAopProxy.java:222)
	at jdk.proxy2/jdk.proxy2.$Proxy184.save(Unknown Source)
	at com.eclectics.collaboration.Tool.service.Impl.CardServiceImpl.reassignCard(CardServiceImpl.java:215)
	at java.base/jdk.internal.reflect.DirectMethodHandleAccessor.invoke(DirectMethodHandleAccessor.java:103)
	at java.base/java.lang.reflect.Method.invoke(Method.java:580)
	at org.springframework.aop.support.AopUtils.invokeJoinpointUsingReflection(AopUtils.java:359)
	at org.springframework.aop.framework.ReflectiveMethodInvocation.invokeJoinpoint(ReflectiveMethodInvocation.java:190)
	at org.springframework.aop.framework.ReflectiveMethodInvocation.proceed(ReflectiveMethodInvocation.java:158)
	at org.springframework.transaction.interceptor.TransactionInterceptor$1.proceedWithInvocation(TransactionInterceptor.java:133)
	at org.springframework.transaction.interceptor.TransactionAspectSupport.invokeWithinTransaction(TransactionAspectSupport.java:371)
	at org.springframework.transaction.interceptor.TransactionInterceptor.invoke(TransactionInterceptor.java:130)
	at org.springframework.aop.framework.ReflectiveMethodInvocation.proceed(ReflectiveMethodInvocation.java:179)
	at org.springframework.aop.framework.CglibAopProxy$DynamicAdvisedInterceptor.intercept(CglibAopProxy.java:719)
	at com.eclectics.collaboration.Tool.service.Impl.CardServiceImpl$$SpringCGLIB$$0.reassignCard(<generated>)
	at com.eclectics.collaboration.Tool.controller.CardController.reassignCard(CardController.java:106)
	at java.base/jdk.internal.reflect.DirectMethodHandleAccessor.invoke(DirectMethodHandleAccessor.java:103)
	at java.base/java.lang.reflect.Method.invoke(Method.java:580)
	at org.springframework.web.method.support.InvocableHandlerMethod.doInvoke(InvocableHandlerMethod.java:258)
	at org.springframework.web.method.support.InvocableHandlerMethod.invokeForRequest(InvocableHandlerMethod.java:190)
	at org.springframework.web.servlet.mvc.method.annotation.ServletInvocableHandlerMethod.invokeAndHandle(ServletInvocableHandlerMethod.java:117)
	at org.springframework.web.servlet.mvc.method.annotation.RequestMappingHandlerAdapter.invokeHandlerMethod(RequestMappingHandlerAdapter.java:934)
	at org.springframework.web.servlet.mvc.method.annotation.RequestMappingHandlerAdapter.handleInternal(RequestMappingHandlerAdapter.java:853)
	at org.springframework.web.servlet.mvc.method.AbstractHandlerMethodAdapter.handle(AbstractHandlerMethodAdapter.java:86)
	at org.springframework.web.servlet.DispatcherServlet.doDispatch(DispatcherServlet.java:963)
	at org.springframework.web.servlet.DispatcherServlet.doService(DispatcherServlet.java:866)
	at org.springframework.web.servlet.FrameworkServlet.processRequest(FrameworkServlet.java:1003)
	at org.springframework.web.servlet.FrameworkServlet.doPut(FrameworkServlet.java:914)
	at jakarta.servlet.http.HttpServlet.service(HttpServlet.java:650)
	at org.springframework.web.servlet.FrameworkServlet.service(FrameworkServlet.java:874)
	at jakarta.servlet.http.HttpServlet.service(HttpServlet.java:710)
	at org.apache.catalina.core.ApplicationFilterChain.doFilter(ApplicationFilterChain.java:128)
	at org.apache.tomcat.websocket.server.WsFilter.doFilter(WsFilter.java:53)
	at org.apache.catalina.core.ApplicationFilterChain.doFilter(ApplicationFilterChain.java:107)
	at org.springframework.web.filter.OncePerRequestFilter.doFilter(OncePerRequestFilter.java:110)
	at org.apache.catalina.core.ApplicationFilterChain.doFilter(ApplicationFilterChain.java:107)
	at org.springframework.web.filter.OncePerRequestFilter.doFilter(OncePerRequestFilter.java:110)
	at org.apache.catalina.core.ApplicationFilterChain.doFilter(ApplicationFilterChain.java:107)
	at org.springframework.web.filter.CompositeFilter$VirtualFilterChain.doFilter(CompositeFilter.java:108)
	at org.springframework.security.web.FilterChainProxy.lambda$doFilterInternal$3(FilterChainProxy.java:235)
	at org.springframework.security.web.FilterChainProxy$VirtualFilterChain.doFilter(FilterChainProxy.java:371)
	at org.springframework.security.web.access.intercept.AuthorizationFilter.doFilter(AuthorizationFilter.java:101)
	at org.springframework.security.web.FilterChainProxy$VirtualFilterChain.doFilter(FilterChainProxy.java:380)
	at org.springframework.security.web.access.ExceptionTranslationFilter.doFilter(ExceptionTranslationFilter.java:126)
	at org.springframework.security.web.access.ExceptionTranslationFilter.doFilter(ExceptionTranslationFilter.java:120)
	at org.springframework.security.web.FilterChainProxy$VirtualFilterChain.doFilter(FilterChainProxy.java:380)
	at org.springframework.security.web.session.SessionManagementFilter.doFilter(SessionManagementFilter.java:132)
	at org.springframework.security.web.session.SessionManagementFilter.doFilter(SessionManagementFilter.java:86)
	at org.springframework.security.web.FilterChainProxy$VirtualFilterChain.doFilter(FilterChainProxy.java:380)
	at org.springframework.security.web.authentication.AnonymousAuthenticationFilter.doFilter(AnonymousAuthenticationFilter.java:100)
	at org.springframework.security.web.FilterChainProxy$VirtualFilterChain.doFilter(FilterChainProxy.java:380)
	at org.springframework.security.web.servletapi.SecurityContextHolderAwareRequestFilter.doFilter(SecurityContextHolderAwareRequestFilter.java:181)
	at org.springframework.security.web.FilterChainProxy$VirtualFilterChain.doFilter(FilterChainProxy.java:380)
	at org.springframework.security.web.savedrequest.RequestCacheAwareFilter.doFilter(RequestCacheAwareFilter.java:63)
	at org.springframework.security.web.FilterChainProxy$VirtualFilterChain.doFilter(FilterChainProxy.java:380)
	at com.eclectics.collaboration.Tool.security.JwtFilter.doFilterInternal(JwtFilter.java:77)
	at org.springframework.web.filter.OncePerRequestFilter.doFilter(OncePerRequestFilter.java:116)
	at org.springframework.security.web.FilterChainProxy$VirtualFilterChain.doFilter(FilterChainProxy.java:380)
	at com.eclectics.collaboration.Tool.security.RateLimitFilter.doFilterInternal(RateLimitFilter.java:50)
	at org.springframework.web.filter.OncePerRequestFilter.doFilter(OncePerRequestFilter.java:116)
	at org.springframework.security.web.FilterChainProxy$VirtualFilterChain.doFilter(FilterChainProxy.java:380)
	at org.springframework.security.web.authentication.logout.LogoutFilter.doFilter(LogoutFilter.java:110)
	at org.springframework.security.web.authentication.logout.LogoutFilter.doFilter(LogoutFilter.java:96)
	at org.springframework.security.web.FilterChainProxy$VirtualFilterChain.doFilter(FilterChainProxy.java:380)
	at org.springframework.web.filter.CorsFilter.doFilterInternal(CorsFilter.java:91)
	at org.springframework.web.filter.OncePerRequestFilter.doFilter(OncePerRequestFilter.java:116)
	at org.springframework.security.web.FilterChainProxy$VirtualFilterChain.doFilter(FilterChainProxy.java:380)
	at org.springframework.security.web.header.HeaderWriterFilter.doHeadersAfter(HeaderWriterFilter.java:90)
	at org.springframework.security.web.header.HeaderWriterFilter.doFilterInternal(HeaderWriterFilter.java:75)
	at org.springframework.web.filter.OncePerRequestFilter.doFilter(OncePerRequestFilter.java:116)
	at org.springframework.security.web.FilterChainProxy$VirtualFilterChain.doFilter(FilterChainProxy.java:380)
	at org.springframework.security.web.context.SecurityContextHolderFilter.doFilter(SecurityContextHolderFilter.java:82)
	at org.springframework.security.web.context.SecurityContextHolderFilter.doFilter(SecurityContextHolderFilter.java:69)
	at org.springframework.security.web.FilterChainProxy$VirtualFilterChain.doFilter(FilterChainProxy.java:380)
	at org.springframework.security.web.context.request.async.WebAsyncManagerIntegrationFilter.doFilterInternal(WebAsyncManagerIntegrationFilter.java:62)
	at org.springframework.web.filter.OncePerRequestFilter.doFilter(OncePerRequestFilter.java:116)
	at org.springframework.security.web.FilterChainProxy$VirtualFilterChain.doFilter(FilterChainProxy.java:380)
	at org.springframework.security.web.session.DisableEncodeUrlFilter.doFilterInternal(DisableEncodeUrlFilter.java:42)
	at org.springframework.web.filter.OncePerRequestFilter.doFilter(OncePerRequestFilter.java:116)
	at org.springframework.security.web.FilterChainProxy$VirtualFilterChain.doFilter(FilterChainProxy.java:380)
	at org.springframework.security.web.FilterChainProxy.doFilterInternal(FilterChainProxy.java:237)
	at org.springframework.security.web.FilterChainProxy.doFilter(FilterChainProxy.java:195)
	at org.springframework.web.filter.CompositeFilter$VirtualFilterChain.doFilter(CompositeFilter.java:113)
	at org.springframework.web.filter.ServletRequestPathFilter.doFilter(ServletRequestPathFilter.java:52)
	at org.springframework.web.filter.CompositeFilter$VirtualFilterChain.doFilter(CompositeFilter.java:113)
	at org.springframework.web.filter.CompositeFilter.doFilter(CompositeFilter.java:74)
	at org.springframework.security.config.annotation.web.configuration.WebSecurityConfiguration$CompositeFilterChainProxy.doFilter(WebSecurityConfiguration.java:317)
	at org.springframework.web.filter.DelegatingFilterProxy.invokeDelegate(DelegatingFilterProxy.java:355)
	at org.springframework.web.filter.DelegatingFilterProxy.doFilter(DelegatingFilterProxy.java:272)
	at org.apache.catalina.core.ApplicationFilterChain.doFilter(ApplicationFilterChain.java:107)
	at org.springframework.web.filter.RequestContextFilter.doFilterInternal(RequestContextFilter.java:100)
	at org.springframework.web.filter.OncePerRequestFilter.doFilter(OncePerRequestFilter.java:116)
	at org.apache.catalina.core.ApplicationFilterChain.doFilter(ApplicationFilterChain.java:107)
	at org.springframework.web.filter.FormContentFilter.doFilterInternal(FormContentFilter.java:93)
	at org.springframework.web.filter.OncePerRequestFilter.doFilter(OncePerRequestFilter.java:116)
	at org.apache.catalina.core.ApplicationFilterChain.doFilter(ApplicationFilterChain.java:107)
	at org.springframework.session.web.http.SessionRepositoryFilter.doFilterInternal(SessionRepositoryFilter.java:142)
	at org.springframework.session.web.http.OncePerRequestFilter.doFilter(OncePerRequestFilter.java:82)
	at org.springframework.web.filter.DelegatingFilterProxy.invokeDelegate(DelegatingFilterProxy.java:355)
	at org.springframework.web.filter.DelegatingFilterProxy.doFilter(DelegatingFilterProxy.java:272)
	at org.apache.catalina.core.ApplicationFilterChain.doFilter(ApplicationFilterChain.java:107)
	at org.springframework.web.filter.CharacterEncodingFilter.doFilterInternal(CharacterEncodingFilter.java:199)
	at org.springframework.web.filter.OncePerRequestFilter.doFilter(OncePerRequestFilter.java:116)
	at org.apache.catalina.core.ApplicationFilterChain.doFilter(ApplicationFilterChain.java:107)
	at org.apache.catalina.core.StandardWrapperValve.invoke(StandardWrapperValve.java:165)
	at org.apache.catalina.core.StandardContextValve.invoke(StandardContextValve.java:77)
	at org.apache.catalina.authenticator.AuthenticatorBase.invoke(AuthenticatorBase.java:482)
	at org.apache.catalina.core.StandardHostValve.invoke(StandardHostValve.java:113)
	at org.apache.catalina.valves.ErrorReportValve.invoke(ErrorReportValve.java:83)
	at org.apache.catalina.core.StandardEngineValve.invoke(StandardEngineValve.java:72)
	at org.apache.catalina.connector.CoyoteAdapter.service(CoyoteAdapter.java:341)
	at org.apache.coyote.http11.Http11Processor.service(Http11Processor.java:397)
	at org.apache.coyote.AbstractProcessorLight.process(AbstractProcessorLight.java:63)
	at org.apache.coyote.AbstractProtocol$ConnectionHandler.process(AbstractProtocol.java:903)
	at org.apache.tomcat.util.net.NioEndpoint$SocketProcessor.doRun(NioEndpoint.java:1778)
	at org.apache.tomcat.util.net.SocketProcessorBase.run(SocketProcessorBase.java:52)
	at org.apache.tomcat.util.threads.ThreadPoolExecutor.runWorker(ThreadPoolExecutor.java:946)
	at org.apache.tomcat.util.threads.ThreadPoolExecutor$Worker.run(ThreadPoolExecutor.java:480)
	at org.apache.tomcat.util.threads.TaskThread$WrappingRunnable.run(TaskThread.java:57)
	at java.base/java.lang.Thread.run(Thread.java:1583)
Caused by: org.hibernate.exception.ConstraintViolationException: could not execute statement [ERROR: duplicate key value violates unique constraint "uk3teyfbfba7fya96wxev5mkj0s"
  Detail: Key (card_id, user_id)=(3, 17) already exists.] [insert into public.card_assignees (card_id,user_id) values (?,?)]
	at org.hibernate.exception.internal.SQLStateConversionDelegate.convert(SQLStateConversionDelegate.java:73)
	at org.hibernate.exception.internal.StandardSQLExceptionConverter.convert(StandardSQLExceptionConverter.java:34)
	at org.hibernate.engine.jdbc.spi.SqlExceptionHelper.convert(SqlExceptionHelper.java:115)
	at org.hibernate.engine.jdbc.internal.ResultSetReturnImpl.executeUpdate(ResultSetReturnImpl.java:184)
	at org.hibernate.id.insert.GetGeneratedKeysDelegate.performMutation(GetGeneratedKeysDelegate.java:103)
	at org.hibernate.engine.jdbc.mutation.internal.MutationExecutorSingleNonBatched.performNonBatchedOperations(MutationExecutorSingleNonBatched.java:45)
	at org.hibernate.engine.jdbc.mutation.internal.AbstractMutationExecutor.execute(AbstractMutationExecutor.java:66)
	at org.hibernate.engine.jdbc.mutation.internal.AbstractMutationExecutor.execute(AbstractMutationExecutor.java:55)
	at org.hibernate.persister.entity.mutation.InsertCoordinatorStandard.doStaticInserts(InsertCoordinatorStandard.java:180)
	at org.hibernate.persister.entity.mutation.InsertCoordinatorStandard.coordinateInsert(InsertCoordinatorStandard.java:120)
	at org.hibernate.persister.entity.mutation.InsertCoordinatorStandard.insert(InsertCoordinatorStandard.java:84)
	at org.hibernate.action.internal.EntityIdentityInsertAction.execute(EntityIdentityInsertAction.java:85)
	at org.hibernate.engine.spi.ActionQueue.execute(ActionQueue.java:667)
	at org.hibernate.engine.spi.ActionQueue.addResolvedEntityInsertAction(ActionQueue.java:291)
	at org.hibernate.engine.spi.ActionQueue.addInsertAction(ActionQueue.java:270)
	at org.hibernate.engine.spi.ActionQueue.addAction(ActionQueue.java:322)
	at org.hibernate.event.internal.AbstractSaveEventListener.addInsertAction(AbstractSaveEventListener.java:371)
	at org.hibernate.event.internal.AbstractSaveEventListener.performSaveOrReplicate(AbstractSaveEventListener.java:285)
	at org.hibernate.event.internal.AbstractSaveEventListener.performSave(AbstractSaveEventListener.java:215)
	at org.hibernate.event.internal.AbstractSaveEventListener.saveWithGeneratedId(AbstractSaveEventListener.java:133)
	at org.hibernate.event.internal.DefaultPersistEventListener.entityIsTransient(DefaultPersistEventListener.java:145)
	at org.hibernate.event.internal.DefaultPersistEventListener.persist(DefaultPersistEventListener.java:89)
	at org.hibernate.event.internal.DefaultPersistEventListener.onPersist(DefaultPersistEventListener.java:73)
	at org.hibernate.event.internal.DefaultPersistEventListener.onPersist(DefaultPersistEventListener.java:49)
	at org.hibernate.event.service.internal.EventListenerGroupImpl.fireEventOnEachListener(EventListenerGroupImpl.java:138)
	at org.hibernate.internal.SessionImpl.firePersist(SessionImpl.java:689)
	at org.hibernate.internal.SessionImpl.persist(SessionImpl.java:672)
	at java.base/jdk.internal.reflect.DirectMethodHandleAccessor.invoke(DirectMethodHandleAccessor.java:103)
	at java.base/java.lang.reflect.Method.invoke(Method.java:580)
	at org.springframework.orm.jpa.ExtendedEntityManagerCreator$ExtendedEntityManagerInvocationHandler.invoke(ExtendedEntityManagerCreator.java:362)
	at jdk.proxy2/jdk.proxy2.$Proxy162.persist(Unknown Source)
	at java.base/jdk.internal.reflect.DirectMethodHandleAccessor.invoke(DirectMethodHandleAccessor.java:103)
	at java.base/java.lang.reflect.Method.invoke(Method.java:580)
	at org.springframework.orm.jpa.SharedEntityManagerCreator$SharedEntityManagerInvocationHandler.invoke(SharedEntityManagerCreator.java:317)
	at jdk.proxy2/jdk.proxy2.$Proxy162.persist(Unknown Source)
	at org.springframework.data.jpa.repository.support.SimpleJpaRepository.save(SimpleJpaRepository.java:664)
	at java.base/jdk.internal.reflect.DirectMethodHandleAccessor.invoke(DirectMethodHandleAccessor.java:103)
	at java.base/java.lang.reflect.Method.invoke(Method.java:580)
	at org.springframework.aop.support.AopUtils.invokeJoinpointUsingReflection(AopUtils.java:359)
	at org.springframework.data.repository.core.support.RepositoryMethodInvoker$RepositoryFragmentMethodInvoker.lambda$new$0(RepositoryMethodInvoker.java:278)
	at org.springframework.data.repository.core.support.RepositoryMethodInvoker.doInvoke(RepositoryMethodInvoker.java:169)
	at org.springframework.data.repository.core.support.RepositoryMethodInvoker.invoke(RepositoryMethodInvoker.java:158)
	at org.springframework.data.repository.core.support.RepositoryComposition$RepositoryFragments.invoke(RepositoryComposition.java:545)
	at org.springframework.data.repository.core.support.RepositoryComposition.invoke(RepositoryComposition.java:290)
	at org.springframework.data.repository.core.support.RepositoryFactorySupport$ImplementationMethodExecutionInterceptor.invoke(RepositoryFactorySupport.java:690)
	at org.springframework.aop.framework.ReflectiveMethodInvocation.proceed(ReflectiveMethodInvocation.java:179)
	at org.springframework.data.repository.core.support.QueryExecutorMethodInterceptor.doInvoke(QueryExecutorMethodInterceptor.java:171)
	at org.springframework.data.repository.core.support.QueryExecutorMethodInterceptor.invoke(QueryExecutorMethodInterceptor.java:146)
	at org.springframework.aop.framework.ReflectiveMethodInvocation.proceed(ReflectiveMethodInvocation.java:179)
	at org.springframework.data.projection.DefaultMethodInvokingMethodInterceptor.invoke(DefaultMethodInvokingMethodInterceptor.java:69)
	at org.springframework.aop.framework.ReflectiveMethodInvocation.proceed(ReflectiveMethodInvocation.java:179)
	at org.springframework.transaction.interceptor.TransactionInterceptor$1.proceedWithInvocation(TransactionInterceptor.java:133)
	at org.springframework.transaction.interceptor.TransactionAspectSupport.invokeWithinTransaction(TransactionAspectSupport.java:371)
	at org.springframework.transaction.interceptor.TransactionInterceptor.invoke(TransactionInterceptor.java:130)
	at org.springframework.aop.framework.ReflectiveMethodInvocation.proceed(ReflectiveMethodInvocation.java:179)
	at org.springframework.dao.support.PersistenceExceptionTranslationInterceptor.invoke(PersistenceExceptionTranslationInterceptor.java:135)
	... 122 common frames omitted
Caused by: org.postgresql.util.PSQLException: ERROR: duplicate key value violates unique constraint "uk3teyfbfba7fya96wxev5mkj0s"
  Detail: Key (card_id, user_id)=(3, 17) already exists.
	at org.postgresql.core.v3.QueryExecutorImpl.receiveErrorResponse(QueryExecutorImpl.java:2846)
	at org.postgresql.core.v3.QueryExecutorImpl.processResults(QueryExecutorImpl.java:2531)
	at org.postgresql.core.v3.QueryExecutorImpl.execute(QueryExecutorImpl.java:429)
	at org.postgresql.jdbc.PgStatement.executeInternal(PgStatement.java:526)
	at org.postgresql.jdbc.PgStatement.execute(PgStatement.java:436)
	at org.postgresql.jdbc.PgPreparedStatement.executeWithFlags(PgPreparedStatement.java:196)
	at org.postgresql.jdbc.PgPreparedStatement.executeUpdate(PgPreparedStatement.java:157)
	at com.zaxxer.hikari.pool.ProxyPreparedStatement.executeUpdate(ProxyPreparedStatement.java:61)
	at com.zaxxer.hikari.pool.HikariProxyPreparedStatement.executeUpdate(HikariProxyPreparedStatement.java)
	at org.hibernate.engine.jdbc.internal.ResultSetReturnImpl.executeUpdate(ResultSetReturnImpl.java:181)
	... 174 common frames omitted
2026-08-05 12:37:02 INFO  c.e.c.Tool.security.RateLimitFilter - Request from IP: 172.21.128.1 | URI: /cards/3/assignee | Tokens remaining: 50
2026-08-05 12:37:10 INFO  c.e.c.Tool.security.RateLimitFilter - Request from IP: 172.21.128.1 | URI: /board/1/members | Tokens remaining: 50
2026-08-05 12:38:00 INFO  c.e.c.Tool.security.RateLimitFilter - Request from IP: 172.21.128.1 | URI: /workspace/my-workspaces | Tokens remaining: 50
2026-08-05 12:38:00 INFO  c.e.c.Tool.security.RateLimitFilter - Request from IP: 172.21.128.1 | URI: /boards/workspace/4 | Tokens remaining: 49
2026-08-05 12:38:01 INFO  c.e.c.Tool.security.RateLimitFilter - Request from IP: 172.21.128.1 | URI: /boards/1/lists | Tokens remaining: 48
2026-08-05 12:38:01 INFO  c.e.c.Tool.security.RateLimitFilter - Request from IP: 172.21.128.1 | URI: /cards/lists/1/cards | Tokens remaining: 48
2026-08-05 12:38:01 INFO  c.e.c.Tool.security.RateLimitFilter - Request from IP: 172.21.128.1 | URI: /cards/lists/2/cards | Tokens remaining: 47
2026-08-05 12:38:01 INFO  c.e.c.Tool.security.RateLimitFilter - Request from IP: 172.21.128.1 | URI: /cards/lists/3/cards | Tokens remaining: 46
2026-08-05 12:38:01 INFO  c.e.c.Tool.security.RateLimitFilter - Request from IP: 172.21.128.1 | URI: /cards/lists/4/cards | Tokens remaining: 45
2026-08-05 12:38:09 INFO  c.e.c.Tool.security.RateLimitFilter - Request from IP: 172.21.128.1 | URI: /board/1/members | Tokens remaining: 50
2026-08-05 12:38:28 INFO  c.e.c.Tool.security.RateLimitFilter - Request from IP: 172.21.128.1 | URI: /cards/3/assignee | Tokens remaining: 50
2026-08-05 12:38:41 INFO  c.e.c.Tool.security.RateLimitFilter - Request from IP: 172.21.128.1 | URI: /board/1/members | Tokens remaining: 50
2026-08-05 12:38:42 INFO  c.e.c.Tool.security.RateLimitFilter - Request from IP: 172.21.128.1 | URI: /cards/1/assignee | Tokens remaining: 50
2026-08-05 12:39:37 INFO  c.e.c.Tool.security.RateLimitFilter - Request from IP: 172.21.128.1 | URI: /board/1/members | Tokens remaining: 50
2026-08-05 12:39:40 INFO  c.e.c.Tool.security.RateLimitFilter - Request from IP: 172.21.128.1 | URI: /board/1/members | Tokens remaining: 50
2026-08-05 12:41:04 INFO  c.e.c.Tool.security.RateLimitFilter - Request from IP: 172.21.128.1 | URI: /board/1/members | Tokens remaining: 50
2026-08-05 12:41:10 INFO  c.e.c.Tool.security.RateLimitFilter - Request from IP: 172.21.128.1 | URI: /board/1/members | Tokens remaining: 50
2026-08-05 12:41:22 INFO  c.e.c.Tool.security.RateLimitFilter - Request from IP: 172.21.128.1 | URI: /board/1/members | Tokens remaining: 50
2026-08-05 12:41:25 INFO  c.e.c.Tool.security.RateLimitFilter - Request from IP: 172.21.128.1 | URI: /cards/3/assignee | Tokens remaining: 50
2026-08-05 12:42:10 INFO  c.e.c.Tool.security.RateLimitFilter - Request from IP: 172.21.128.1 | URI: /board/1/members | Tokens remaining: 50
2026-08-05 12:42:11 INFO  c.e.c.Tool.security.RateLimitFilter - Request from IP: 172.21.128.1 | URI: /cards/3/assignee | Tokens remaining: 50
2026-08-05 12:42:27 INFO  c.e.c.Tool.security.RateLimitFilter - Request from IP: 172.21.128.1 | URI: /board/1/members | Tokens remaining: 50
2026-08-05 12:42:32 INFO  c.e.c.Tool.security.RateLimitFilter - Request from IP: 172.21.128.1 | URI: /cards/3/assignee | Tokens remaining: 50
2026-08-05 12:43:46 INFO  c.e.c.Tool.security.RateLimitFilter - Request from IP: 172.21.128.1 | URI: /boards/workspace/4 | Tokens remaining: 50
2026-08-05 12:43:48 INFO  c.e.c.Tool.security.RateLimitFilter - Request from IP: 172.21.128.1 | URI: /boards/1 | Tokens remaining: 50
2026-08-05 12:43:48 INFO  c.e.c.Tool.security.RateLimitFilter - Request from IP: 172.21.128.1 | URI: /boards/1/lists | Tokens remaining: 49
2026-08-05 12:43:48 INFO  c.e.c.Tool.security.RateLimitFilter - Request from IP: 172.21.128.1 | URI: /cards/lists/1/cards | Tokens remaining: 48
2026-08-05 12:43:48 INFO  c.e.c.Tool.security.RateLimitFilter - Request from IP: 172.21.128.1 | URI: /cards/lists/2/cards | Tokens remaining: 47
2026-08-05 12:43:48 INFO  c.e.c.Tool.security.RateLimitFilter - Request from IP: 172.21.128.1 | URI: /cards/lists/4/cards | Tokens remaining: 46
2026-08-05 12:43:48 INFO  c.e.c.Tool.security.RateLimitFilter - Request from IP: 172.21.128.1 | URI: /cards/lists/3/cards | Tokens remaining: 45
2026-08-05 12:44:31 INFO  c.e.c.Tool.security.RateLimitFilter - Request from IP: 172.21.128.1 | URI: /cards | Tokens remaining: 50
2026-08-05 12:44:34 INFO  c.e.c.Tool.security.RateLimitFilter - Request from IP: 172.21.128.1 | URI: /workspace/my-workspaces | Tokens remaining: 50
2026-08-05 12:44:35 INFO  c.e.c.Tool.security.RateLimitFilter - Request from IP: 172.21.128.1 | URI: /boards/workspace/4 | Tokens remaining: 49
2026-08-05 12:44:35 INFO  c.e.c.Tool.security.RateLimitFilter - Request from IP: 172.21.128.1 | URI: /boards/1/lists | Tokens remaining: 48
2026-08-05 12:44:36 INFO  c.e.c.Tool.security.RateLimitFilter - Request from IP: 172.21.128.1 | URI: /cards/lists/2/cards | Tokens remaining: 48
2026-08-05 12:44:36 INFO  c.e.c.Tool.security.RateLimitFilter - Request from IP: 172.21.128.1 | URI: /cards/lists/1/cards | Tokens remaining: 48
2026-08-05 12:44:36 INFO  c.e.c.Tool.security.RateLimitFilter - Request from IP: 172.21.128.1 | URI: /cards/lists/3/cards | Tokens remaining: 46
2026-08-05 12:44:36 INFO  c.e.c.Tool.security.RateLimitFilter - Request from IP: 172.21.128.1 | URI: /cards/lists/4/cards | Tokens remaining: 45
2026-08-05 12:44:58 INFO  c.e.c.Tool.security.RateLimitFilter - Request from IP: 172.21.128.1 | URI: /boards/workspace/4 | Tokens remaining: 50
2026-08-05 12:45:00 INFO  c.e.c.Tool.security.RateLimitFilter - Request from IP: 172.21.128.1 | URI: /boards/1 | Tokens remaining: 50
2026-08-05 12:45:00 INFO  c.e.c.Tool.security.RateLimitFilter - Request from IP: 172.21.128.1 | URI: /boards/1/lists | Tokens remaining: 49
2026-08-05 12:45:00 INFO  c.e.c.Tool.security.RateLimitFilter - Request from IP: 172.21.128.1 | URI: /cards/lists/4/cards | Tokens remaining: 48
2026-08-05 12:45:00 INFO  c.e.c.Tool.security.RateLimitFilter - Request from IP: 172.21.128.1 | URI: /cards/lists/2/cards | Tokens remaining: 47
2026-08-05 12:45:00 INFO  c.e.c.Tool.security.RateLimitFilter - Request from IP: 172.21.128.1 | URI: /cards/lists/3/cards | Tokens remaining: 46
2026-08-05 12:45:00 INFO  c.e.c.Tool.security.RateLimitFilter - Request from IP: 172.21.128.1 | URI: /cards/lists/1/cards | Tokens remaining: 45
2026-08-05 12:45:57 INFO  c.e.c.Tool.security.RateLimitFilter - Request from IP: 172.21.128.1 | URI: /workspace/my-workspaces | Tokens remaining: 50
2026-08-05 12:45:57 INFO  c.e.c.Tool.security.RateLimitFilter - Request from IP: 172.21.128.1 | URI: /boards/workspace/4 | Tokens remaining: 49
2026-08-05 12:45:58 INFO  c.e.c.Tool.security.RateLimitFilter - Request from IP: 172.21.128.1 | URI: /boards/1/lists | Tokens remaining: 48
2026-08-05 12:45:58 INFO  c.e.c.Tool.security.RateLimitFilter - Request from IP: 172.21.128.1 | URI: /cards/lists/1/cards | Tokens remaining: 48
2026-08-05 12:45:58 INFO  c.e.c.Tool.security.RateLimitFilter - Request from IP: 172.21.128.1 | URI: /cards/lists/3/cards | Tokens remaining: 47
2026-08-05 12:45:58 INFO  c.e.c.Tool.security.RateLimitFilter - Request from IP: 172.21.128.1 | URI: /cards/lists/4/cards | Tokens remaining: 46
2026-08-05 12:45:58 INFO  c.e.c.Tool.security.RateLimitFilter - Request from IP: 172.21.128.1 | URI: /cards/lists/2/cards | Tokens remaining: 46
2026-08-05 12:46:02 INFO  c.e.c.Tool.security.RateLimitFilter - Request from IP: 172.21.128.1 | URI: /board/1/members | Tokens remaining: 47
2026-08-05 12:46:11 INFO  c.e.c.Tool.security.RateLimitFilter - Request from IP: 172.21.128.1 | URI: /board/1/members | Tokens remaining: 50
2026-08-05 12:46:18 INFO  c.e.c.Tool.security.RateLimitFilter - Request from IP: 172.21.128.1 | URI: /board/1/members | Tokens remaining: 50
2026-08-05 12:46:20 INFO  c.e.c.Tool.security.RateLimitFilter - Request from IP: 172.21.128.1 | URI: /board/1/members | Tokens remaining: 50
2026-08-05 12:46:25 INFO  c.e.c.Tool.security.RateLimitFilter - Request from IP: 172.21.128.1 | URI: /cards/4/assignee | Tokens remaining: 50
2026-08-05 12:49:00 INFO  c.e.c.Tool.security.RateLimitFilter - Request from IP: 172.21.128.1 | URI: /board/1/members | Tokens remaining: 50
2026-08-05 12:49:03 INFO  c.e.c.Tool.security.RateLimitFilter - Request from IP: 172.21.128.1 | URI: /board/1/members | Tokens remaining: 50
2026-08-05 12:49:10 INFO  c.e.c.Tool.security.RateLimitFilter - Request from IP: 172.21.128.1 | URI: /board/1/members | Tokens remaining: 50
2026-08-05 12:51:56 INFO  c.e.c.Tool.security.RateLimitFilter - Request from IP: 172.21.128.1 | URI: /workspace/my-workspaces | Tokens remaining: 50
2026-08-05 12:51:57 INFO  c.e.c.Tool.security.RateLimitFilter - Request from IP: 172.21.128.1 | URI: /boards/workspace/4 | Tokens remaining: 49
2026-08-05 12:51:57 INFO  c.e.c.Tool.security.RateLimitFilter - Request from IP: 172.21.128.1 | URI: /boards/1/lists | Tokens remaining: 48
2026-08-05 12:51:58 INFO  c.e.c.Tool.security.RateLimitFilter - Request from IP: 172.21.128.1 | URI: /cards/lists/1/cards | Tokens remaining: 48
2026-08-05 12:51:58 INFO  c.e.c.Tool.security.RateLimitFilter - Request from IP: 172.21.128.1 | URI: /cards/lists/2/cards | Tokens remaining: 47
2026-08-05 12:51:58 INFO  c.e.c.Tool.security.RateLimitFilter - Request from IP: 172.21.128.1 | URI: /cards/lists/3/cards | Tokens remaining: 46
2026-08-05 12:51:58 INFO  c.e.c.Tool.security.RateLimitFilter - Request from IP: 172.21.128.1 | URI: /cards/lists/4/cards | Tokens remaining: 45
2026-08-05 12:53:18 INFO  c.e.c.Tool.security.RateLimitFilter - Request from IP: 172.21.128.1 | URI: /workspace/my-workspaces | Tokens remaining: 50
2026-08-05 12:53:18 INFO  c.e.c.Tool.security.RateLimitFilter - Request from IP: 172.21.128.1 | URI: /boards/workspace/4 | Tokens remaining: 49
2026-08-05 12:53:19 INFO  c.e.c.Tool.security.RateLimitFilter - Request from IP: 172.21.128.1 | URI: /boards/1/lists | Tokens remaining: 48
2026-08-05 12:53:19 INFO  c.e.c.Tool.security.RateLimitFilter - Request from IP: 172.21.128.1 | URI: /cards/lists/3/cards | Tokens remaining: 48
2026-08-05 12:53:19 INFO  c.e.c.Tool.security.RateLimitFilter - Request from IP: 172.21.128.1 | URI: /cards/lists/2/cards | Tokens remaining: 48
2026-08-05 12:53:19 INFO  c.e.c.Tool.security.RateLimitFilter - Request from IP: 172.21.128.1 | URI: /cards/lists/1/cards | Tokens remaining: 48
2026-08-05 12:53:19 INFO  c.e.c.Tool.security.RateLimitFilter - Request from IP: 172.21.128.1 | URI: /cards/lists/4/cards | Tokens remaining: 45
2026-08-05 12:53:25 INFO  c.e.c.Tool.security.RateLimitFilter - Request from IP: 172.21.128.1 | URI: /workspace/my-workspaces | Tokens remaining: 49
2026-08-05 12:53:26 INFO  c.e.c.Tool.security.RateLimitFilter - Request from IP: 172.21.128.1 | URI: /boards/workspace/4 | Tokens remaining: 48
2026-08-05 12:53:26 INFO  c.e.c.Tool.security.RateLimitFilter - Request from IP: 172.21.128.1 | URI: /boards/1/lists | Tokens remaining: 48
2026-08-05 12:53:27 INFO  c.e.c.Tool.security.RateLimitFilter - Request from IP: 172.21.128.1 | URI: /cards/lists/4/cards | Tokens remaining: 47
2026-08-05 12:53:27 INFO  c.e.c.Tool.security.RateLimitFilter - Request from IP: 172.21.128.1 | URI: /cards/lists/1/cards | Tokens remaining: 47
2026-08-05 12:53:27 INFO  c.e.c.Tool.security.RateLimitFilter - Request from IP: 172.21.128.1 | URI: /cards/lists/3/cards | Tokens remaining: 45
2026-08-05 12:53:27 INFO  c.e.c.Tool.security.RateLimitFilter - Request from IP: 172.21.128.1 | URI: /cards/lists/2/cards | Tokens remaining: 45
2026-08-05 12:53:30 INFO  c.e.c.Tool.security.RateLimitFilter - Request from IP: 172.21.128.1 | URI: /board/1/members | Tokens remaining: 46
2026-08-05 12:53:33 INFO  o.s.w.s.c.WebSocketMessageBrokerStats - WebSocketSession[0 current WS(0)-HttpStream(0)-HttpPoll(0), 0 total, 0 closed abnormally (0 connect failure, 0 send limit, 0 transport error)], stompSubProtocol[processed CONNECT(0)-CONNECTED(0)-DISCONNECT(0)], stompBrokerRelay[null], inboundChannel[pool size = 0, active threads = 0, queued tasks = 0, completed tasks = 0], outboundChannel[pool size = 0, active threads = 0, queued tasks = 0, completed tasks = 0], sockJsScheduler[pool size = 4, active threads = 1, queued tasks = 1, completed tasks = 185]
2026-08-05 12:53:38 INFO  c.e.c.Tool.security.RateLimitFilter - Request from IP: 172.21.128.1 | URI: /board/1/members | Tokens remaining: 50
2026-08-05 12:53:41 INFO  c.e.c.Tool.security.RateLimitFilter - Request from IP: 172.21.128.1 | URI: /board/1/members | Tokens remaining: 50
2026-08-05 12:53:46 INFO  c.e.c.Tool.security.RateLimitFilter - Request from IP: 172.21.128.1 | URI: /board/1/members | Tokens remaining: 50
2026-08-05 12:53:49 INFO  c.e.c.Tool.security.RateLimitFilter - Request from IP: 172.21.128.1 | URI: /board/1/members | Tokens remaining: 50
2026-08-05 12:53:53 INFO  c.e.c.Tool.security.RateLimitFilter - Request from IP: 172.21.128.1 | URI: /board/1/members | Tokens remaining: 50
2026-08-05 12:53:59 INFO  c.e.c.Tool.security.RateLimitFilter - Request from IP: 172.21.128.1 | URI: /board/1/members | Tokens remaining: 50
2026-08-05 12:54:13 INFO  c.e.c.Tool.security.RateLimitFilter - Request from IP: 172.21.128.1 | URI: /board/1/members | Tokens remaining: 50
2026-08-05 12:54:17 INFO  c.e.c.Tool.security.RateLimitFilter - Request from IP: 172.21.128.1 | URI: /board/1/members | Tokens remaining: 50
2026-08-05 12:54:22 INFO  c.e.c.Tool.security.RateLimitFilter - Request from IP: 172.21.128.1 | URI: /board/1/members | Tokens remaining: 50
2026-08-05 12:56:58 INFO  c.e.c.Tool.security.RateLimitFilter - Request from IP: 172.21.128.1 | URI: /board/1/members | Tokens remaining: 50
2026-08-05 12:57:01 INFO  c.e.c.Tool.security.RateLimitFilter - Request from IP: 172.21.128.1 | URI: /board/1/members | Tokens remaining: 50
2026-08-05 12:57:08 INFO  c.e.c.Tool.security.RateLimitFilter - Request from IP: 172.21.128.1 | URI: /issues/active | Tokens remaining: 50
2026-08-05 12:57:32 INFO  c.e.c.Tool.security.RateLimitFilter - Request from IP: 172.21.128.1 | URI: /user/login | Tokens remaining: 50
2026-08-05 12:57:33 INFO  c.e.c.Tool.security.RateLimitFilter - Request from IP: 172.21.128.1 | URI: /workspace/my-workspaces | Tokens remaining: 49
2026-08-05 12:57:33 INFO  c.e.c.Tool.security.RateLimitFilter - Request from IP: 172.21.128.1 | URI: /boards/workspace/4 | Tokens remaining: 49
2026-08-05 12:57:34 INFO  c.e.c.Tool.security.RateLimitFilter - Request from IP: 172.21.128.1 | URI: /boards/1/lists | Tokens remaining: 48
2026-08-05 12:57:34 INFO  c.e.c.Tool.security.RateLimitFilter - Request from IP: 172.21.128.1 | URI: /cards/lists/1/cards | Tokens remaining: 47
2026-08-05 12:57:34 INFO  c.e.c.Tool.security.RateLimitFilter - Request from IP: 172.21.128.1 | URI: /cards/lists/4/cards | Tokens remaining: 46
2026-08-05 12:57:34 INFO  c.e.c.Tool.security.RateLimitFilter - Request from IP: 172.21.128.1 | URI: /cards/lists/3/cards | Tokens remaining: 46
2026-08-05 12:57:34 INFO  c.e.c.Tool.security.RateLimitFilter - Request from IP: 172.21.128.1 | URI: /cards/lists/2/cards | Tokens remaining: 46
2026-08-05 12:57:37 INFO  c.e.c.Tool.security.RateLimitFilter - Request from IP: 172.21.128.1 | URI: /board/1/members | Tokens remaining: 45
2026-08-05 12:57:39 INFO  c.e.c.Tool.security.RateLimitFilter - Request from IP: 172.21.128.1 | URI: /board/1/members | Tokens remaining: 46
2026-08-05 12:57:42 INFO  c.e.c.Tool.security.RateLimitFilter - Request from IP: 172.21.128.1 | URI: /board/1/members | Tokens remaining: 48
2026-08-05 12:57:46 INFO  c.e.c.Tool.security.RateLimitFilter - Request from IP: 172.21.128.1 | URI: /board/1/members | Tokens remaining: 50
2026-08-05 13:00:46 INFO  i.l.core.protocol.CommandHandler - null Unexpected exception during request: java.net.SocketException: Connection reset
java.net.SocketException: Connection reset
	at java.base/sun.nio.ch.SocketChannelImpl.throwConnectionReset(SocketChannelImpl.java:401)
	at java.base/sun.nio.ch.SocketChannelImpl.read(SocketChannelImpl.java:434)
	at io.netty.buffer.AdaptivePoolingAllocator$AdaptiveByteBuf.setBytes(AdaptivePoolingAllocator.java:1750)
	at io.netty.buffer.AbstractByteBuf.writeBytes(AbstractByteBuf.java:1139)
	at io.netty.channel.socket.nio.NioSocketChannel.doReadBytes(NioSocketChannel.java:350)
	at io.netty.channel.nio.AbstractNioByteChannel$NioByteUnsafe.read(AbstractNioByteChannel.java:157)
	at io.netty.channel.nio.AbstractNioChannel$AbstractNioUnsafe.handle(AbstractNioChannel.java:445)
	at io.netty.channel.nio.NioIoHandler$DefaultNioRegistration.handle(NioIoHandler.java:388)
	at io.netty.channel.nio.NioIoHandler.processSelectedKey(NioIoHandler.java:596)
	at io.netty.channel.nio.NioIoHandler.processSelectedKeysOptimized(NioIoHandler.java:571)
	at io.netty.channel.nio.NioIoHandler.processSelectedKeys(NioIoHandler.java:512)
	at io.netty.channel.nio.NioIoHandler.run(NioIoHandler.java:484)
	at io.netty.channel.SingleThreadIoEventLoop.runIo(SingleThreadIoEventLoop.java:225)
	at io.netty.channel.SingleThreadIoEventLoop.run(SingleThreadIoEventLoop.java:196)
	at io.netty.util.concurrent.SingleThreadEventExecutor$5.run(SingleThreadEventExecutor.java:1195)
	at io.netty.util.internal.ThreadExecutorMap$2.run(ThreadExecutorMap.java:74)
	at io.netty.util.concurrent.FastThreadLocalRunnable.run(FastThreadLocalRunnable.java:30)
	at java.base/java.lang.Thread.run(Thread.java:1583)
2026-08-05 13:00:46 INFO  i.l.core.protocol.ConnectionWatchdog - Reconnecting, last destination was measured-cowbird-128774.upstash.io/13.200.201.38:6379
2026-08-05 13:00:52 WARN  i.l.core.protocol.ConnectionWatchdog - Cannot reconnect to [measured-cowbird-128774.upstash.io/<unresolved>:6379]: Failed to resolve 'measured-cowbird-128774.upstash.io' [A(1)]
java.net.UnknownHostException: Failed to resolve 'measured-cowbird-128774.upstash.io' [A(1)]
	at io.netty.resolver.dns.DnsResolveContext.finishResolve(DnsResolveContext.java:1137)
	at io.netty.resolver.dns.DnsResolveContext.tryToFinishResolve(DnsResolveContext.java:1084)
	at io.netty.resolver.dns.DnsResolveContext.query(DnsResolveContext.java:443)
	at io.netty.resolver.dns.DnsResolveContext.access$700(DnsResolveContext.java:69)
	at io.netty.resolver.dns.DnsResolveContext$2.operationComplete(DnsResolveContext.java:512)
	at io.netty.util.concurrent.DefaultPromise.notifyListener0(DefaultPromise.java:604)
	at io.netty.util.concurrent.DefaultPromise.notifyListeners0(DefaultPromise.java:597)
	at io.netty.util.concurrent.DefaultPromise.notifyListenersNow(DefaultPromise.java:573)
	at io.netty.util.concurrent.DefaultPromise.notifyListeners(DefaultPromise.java:506)
	at io.netty.util.concurrent.DefaultPromise.setValue0(DefaultPromise.java:650)
	at io.netty.util.concurrent.DefaultPromise.setFailure0(DefaultPromise.java:643)
	at io.netty.util.concurrent.DefaultPromise.tryFailure(DefaultPromise.java:132)
	at io.netty.resolver.dns.DnsQueryContext.finishFailure(DnsQueryContext.java:346)
	at io.netty.resolver.dns.DnsQueryContext$4.run(DnsQueryContext.java:281)
	at io.netty.util.concurrent.PromiseTask.runTask(PromiseTask.java:98)
	at io.netty.util.concurrent.ScheduledFutureTask.run(ScheduledFutureTask.java:160)
	at io.netty.util.concurrent.AbstractEventExecutor.runTask(AbstractEventExecutor.java:148)
	at io.netty.util.concurrent.AbstractEventExecutor.safeExecute$$$capture(AbstractEventExecutor.java:141)
	at io.netty.util.concurrent.AbstractEventExecutor.safeExecute(AbstractEventExecutor.java)
	at io.netty.util.concurrent.SingleThreadEventExecutor.runAllTasks(SingleThreadEventExecutor.java:535)
	at io.netty.channel.SingleThreadIoEventLoop.run(SingleThreadIoEventLoop.java:201)
	at io.netty.util.concurrent.SingleThreadEventExecutor$5.run(SingleThreadEventExecutor.java:1195)
	at io.netty.util.internal.ThreadExecutorMap$2.run(ThreadExecutorMap.java:74)
	at io.netty.util.concurrent.FastThreadLocalRunnable.run(FastThreadLocalRunnable.java:30)
	at java.base/java.lang.Thread.run(Thread.java:1583)
Caused by: io.netty.resolver.dns.DnsNameResolverTimeoutException: [4648: /10.246.32.204:53] DefaultDnsQuestion(measured-cowbird-128774.upstash.io. IN A) query '4648' via UDP timed out after 5000 milliseconds (no stack trace available)
2026-08-05 13:00:52 INFO  i.l.core.protocol.ConnectionWatchdog - Reconnecting, last destination was measured-cowbird-128774.upstash.io/<unresolved>:6379
2026-08-05 13:00:57 WARN  i.l.core.protocol.ConnectionWatchdog - Cannot reconnect to [measured-cowbird-128774.upstash.io/<unresolved>:6379]: Failed to resolve 'measured-cowbird-128774.upstash.io' [A(1)]
java.net.UnknownHostException: Failed to resolve 'measured-cowbird-128774.upstash.io' [A(1)]
	at io.netty.resolver.dns.DnsResolveContext.finishResolve(DnsResolveContext.java:1137)
	at io.netty.resolver.dns.DnsResolveContext.tryToFinishResolve(DnsResolveContext.java:1084)
	at io.netty.resolver.dns.DnsResolveContext.query(DnsResolveContext.java:443)
	at io.netty.resolver.dns.DnsResolveContext.access$700(DnsResolveContext.java:69)
	at io.netty.resolver.dns.DnsResolveContext$2.operationComplete(DnsResolveContext.java:512)
	at io.netty.util.concurrent.DefaultPromise.notifyListener0(DefaultPromise.java:604)
	at io.netty.util.concurrent.DefaultPromise.notifyListeners0(DefaultPromise.java:597)
	at io.netty.util.concurrent.DefaultPromise.notifyListenersNow(DefaultPromise.java:573)
	at io.netty.util.concurrent.DefaultPromise.notifyListeners(DefaultPromise.java:506)
	at io.netty.util.concurrent.DefaultPromise.setValue0(DefaultPromise.java:650)
	at io.netty.util.concurrent.DefaultPromise.setFailure0(DefaultPromise.java:643)
	at io.netty.util.concurrent.DefaultPromise.tryFailure(DefaultPromise.java:132)
	at io.netty.resolver.dns.DnsQueryContext.finishFailure(DnsQueryContext.java:346)
	at io.netty.resolver.dns.DnsQueryContext$4.run(DnsQueryContext.java:281)
	at io.netty.util.concurrent.PromiseTask.runTask(PromiseTask.java:98)
	at io.netty.util.concurrent.ScheduledFutureTask.run(ScheduledFutureTask.java:160)
	at io.netty.util.concurrent.AbstractEventExecutor.runTask(AbstractEventExecutor.java:148)
	at io.netty.util.concurrent.AbstractEventExecutor.safeExecute$$$capture(AbstractEventExecutor.java:141)
	at io.netty.util.concurrent.AbstractEventExecutor.safeExecute(AbstractEventExecutor.java)
	at io.netty.util.concurrent.SingleThreadEventExecutor.runAllTasks(SingleThreadEventExecutor.java:535)
	at io.netty.channel.SingleThreadIoEventLoop.run(SingleThreadIoEventLoop.java:201)
	at io.netty.util.concurrent.SingleThreadEventExecutor$5.run(SingleThreadEventExecutor.java:1195)
	at io.netty.util.internal.ThreadExecutorMap$2.run(ThreadExecutorMap.java:74)
	at io.netty.util.concurrent.FastThreadLocalRunnable.run(FastThreadLocalRunnable.java:30)
	at java.base/java.lang.Thread.run(Thread.java:1583)
Caused by: io.netty.resolver.dns.DnsNameResolverTimeoutException: [13514: /10.246.32.204:53] DefaultDnsQuestion(measured-cowbird-128774.upstash.io. IN A) query '13514' via UDP timed out after 5000 milliseconds (no stack trace available)
2026-08-05 13:00:57 INFO  i.l.core.protocol.ConnectionWatchdog - Reconnecting, last destination was measured-cowbird-128774.upstash.io/<unresolved>:6379
2026-08-05 13:01:02 WARN  i.l.core.protocol.ConnectionWatchdog - Cannot reconnect to [measured-cowbird-128774.upstash.io/<unresolved>:6379]: Failed to resolve 'measured-cowbird-128774.upstash.io' [A(1)]
java.net.UnknownHostException: Failed to resolve 'measured-cowbird-128774.upstash.io' [A(1)]
	at io.netty.resolver.dns.DnsResolveContext.finishResolve(DnsResolveContext.java:1137)
	at io.netty.resolver.dns.DnsResolveContext.tryToFinishResolve(DnsResolveContext.java:1084)
	at io.netty.resolver.dns.DnsResolveContext.query(DnsResolveContext.java:443)
	at io.netty.resolver.dns.DnsResolveContext.access$700(DnsResolveContext.java:69)
	at io.netty.resolver.dns.DnsResolveContext$2.operationComplete(DnsResolveContext.java:512)
	at io.netty.util.concurrent.DefaultPromise.notifyListener0(DefaultPromise.java:604)
	at io.netty.util.concurrent.DefaultPromise.notifyListeners0(DefaultPromise.java:597)
	at io.netty.util.concurrent.DefaultPromise.notifyListenersNow(DefaultPromise.java:573)
	at io.netty.util.concurrent.DefaultPromise.notifyListeners(DefaultPromise.java:506)
	at io.netty.util.concurrent.DefaultPromise.setValue0(DefaultPromise.java:650)
	at io.netty.util.concurrent.DefaultPromise.setFailure0(DefaultPromise.java:643)
	at io.netty.util.concurrent.DefaultPromise.tryFailure(DefaultPromise.java:132)
	at io.netty.resolver.dns.DnsQueryContext.finishFailure(DnsQueryContext.java:346)
	at io.netty.resolver.dns.DnsQueryContext$4.run(DnsQueryContext.java:281)
	at io.netty.util.concurrent.PromiseTask.runTask(PromiseTask.java:98)
	at io.netty.util.concurrent.ScheduledFutureTask.run(ScheduledFutureTask.java:160)
	at io.netty.util.concurrent.AbstractEventExecutor.runTask(AbstractEventExecutor.java:148)
	at io.netty.util.concurrent.AbstractEventExecutor.safeExecute$$$capture(AbstractEventExecutor.java:141)
	at io.netty.util.concurrent.AbstractEventExecutor.safeExecute(AbstractEventExecutor.java)
	at io.netty.util.concurrent.SingleThreadEventExecutor.runAllTasks(SingleThreadEventExecutor.java:535)
	at io.netty.channel.SingleThreadIoEventLoop.run(SingleThreadIoEventLoop.java:201)
	at io.netty.util.concurrent.SingleThreadEventExecutor$5.run(SingleThreadEventExecutor.java:1195)
	at io.netty.util.internal.ThreadExecutorMap$2.run(ThreadExecutorMap.java:74)
	at io.netty.util.concurrent.FastThreadLocalRunnable.run(FastThreadLocalRunnable.java:30)
	at java.base/java.lang.Thread.run(Thread.java:1583)
Caused by: io.netty.resolver.dns.DnsNameResolverTimeoutException: [6535: /10.246.32.204:53] DefaultDnsQuestion(measured-cowbird-128774.upstash.io. IN A) query '6535' via UDP timed out after 5000 milliseconds (no stack trace available)
2026-08-05 13:01:02 INFO  i.l.core.protocol.ConnectionWatchdog - Reconnecting, last destination was measured-cowbird-128774.upstash.io/<unresolved>:6379
2026-08-05 13:01:07 WARN  i.l.core.protocol.ConnectionWatchdog - Cannot reconnect to [measured-cowbird-128774.upstash.io/<unresolved>:6379]: Failed to resolve 'measured-cowbird-128774.upstash.io' [A(1)]
java.net.UnknownHostException: Failed to resolve 'measured-cowbird-128774.upstash.io' [A(1)]
	at io.netty.resolver.dns.DnsResolveContext.finishResolve(DnsResolveContext.java:1137)
	at io.netty.resolver.dns.DnsResolveContext.tryToFinishResolve(DnsResolveContext.java:1084)
	at io.netty.resolver.dns.DnsResolveContext.query(DnsResolveContext.java:443)
	at io.netty.resolver.dns.DnsResolveContext.access$700(DnsResolveContext.java:69)
	at io.netty.resolver.dns.DnsResolveContext$2.operationComplete(DnsResolveContext.java:512)
	at io.netty.util.concurrent.DefaultPromise.notifyListener0(DefaultPromise.java:604)
	at io.netty.util.concurrent.DefaultPromise.notifyListeners0(DefaultPromise.java:597)
	at io.netty.util.concurrent.DefaultPromise.notifyListenersNow(DefaultPromise.java:573)
	at io.netty.util.concurrent.DefaultPromise.notifyListeners(DefaultPromise.java:506)
	at io.netty.util.concurrent.DefaultPromise.setValue0(DefaultPromise.java:650)
	at io.netty.util.concurrent.DefaultPromise.setFailure0(DefaultPromise.java:643)
	at io.netty.util.concurrent.DefaultPromise.tryFailure(DefaultPromise.java:132)
	at io.netty.resolver.dns.DnsQueryContext.finishFailure(DnsQueryContext.java:346)
	at io.netty.resolver.dns.DnsQueryContext$4.run(DnsQueryContext.java:281)
	at io.netty.util.concurrent.PromiseTask.runTask(PromiseTask.java:98)
	at io.netty.util.concurrent.ScheduledFutureTask.run(ScheduledFutureTask.java:160)
	at io.netty.util.concurrent.AbstractEventExecutor.runTask(AbstractEventExecutor.java:148)
	at io.netty.util.concurrent.AbstractEventExecutor.safeExecute$$$capture(AbstractEventExecutor.java:141)
	at io.netty.util.concurrent.AbstractEventExecutor.safeExecute(AbstractEventExecutor.java)
	at io.netty.util.concurrent.SingleThreadEventExecutor.runAllTasks(SingleThreadEventExecutor.java:535)
	at io.netty.channel.SingleThreadIoEventLoop.run(SingleThreadIoEventLoop.java:201)
	at io.netty.util.concurrent.SingleThreadEventExecutor$5.run(SingleThreadEventExecutor.java:1195)
	at io.netty.util.internal.ThreadExecutorMap$2.run(ThreadExecutorMap.java:74)
	at io.netty.util.concurrent.FastThreadLocalRunnable.run(FastThreadLocalRunnable.java:30)
	at java.base/java.lang.Thread.run(Thread.java:1583)
Caused by: io.netty.resolver.dns.DnsNameResolverTimeoutException: [4838: /10.246.32.204:53] DefaultDnsQuestion(measured-cowbird-128774.upstash.io. IN A) query '4838' via UDP timed out after 5000 milliseconds (no stack trace available)
2026-08-05 13:01:07 INFO  i.l.core.protocol.ConnectionWatchdog - Reconnecting, last destination was measured-cowbird-128774.upstash.io/<unresolved>:6379
2026-08-05 13:01:12 WARN  i.l.core.protocol.ConnectionWatchdog - Cannot reconnect to [measured-cowbird-128774.upstash.io/<unresolved>:6379]: Failed to resolve 'measured-cowbird-128774.upstash.io' [A(1)]
java.net.UnknownHostException: Failed to resolve 'measured-cowbird-128774.upstash.io' [A(1)]
	at io.netty.resolver.dns.DnsResolveContext.finishResolve(DnsResolveContext.java:1137)
	at io.netty.resolver.dns.DnsResolveContext.tryToFinishResolve(DnsResolveContext.java:1084)
	at io.netty.resolver.dns.DnsResolveContext.query(DnsResolveContext.java:443)
	at io.netty.resolver.dns.DnsResolveContext.access$700(DnsResolveContext.java:69)
	at io.netty.resolver.dns.DnsResolveContext$2.operationComplete(DnsResolveContext.java:512)
	at io.netty.util.concurrent.DefaultPromise.notifyListener0(DefaultPromise.java:604)
	at io.netty.util.concurrent.DefaultPromise.notifyListeners0(DefaultPromise.java:597)
	at io.netty.util.concurrent.DefaultPromise.notifyListenersNow(DefaultPromise.java:573)
	at io.netty.util.concurrent.DefaultPromise.notifyListeners(DefaultPromise.java:506)
	at io.netty.util.concurrent.DefaultPromise.setValue0(DefaultPromise.java:650)
	at io.netty.util.concurrent.DefaultPromise.setFailure0(DefaultPromise.java:643)
	at io.netty.util.concurrent.DefaultPromise.tryFailure(DefaultPromise.java:132)
	at io.netty.resolver.dns.DnsQueryContext.finishFailure(DnsQueryContext.java:346)
	at io.netty.resolver.dns.DnsQueryContext$4.run(DnsQueryContext.java:281)
	at io.netty.util.concurrent.PromiseTask.runTask(PromiseTask.java:98)
	at io.netty.util.concurrent.ScheduledFutureTask.run(ScheduledFutureTask.java:160)
	at io.netty.util.concurrent.AbstractEventExecutor.runTask(AbstractEventExecutor.java:148)
	at io.netty.util.concurrent.AbstractEventExecutor.safeExecute$$$capture(AbstractEventExecutor.java:141)
	at io.netty.util.concurrent.AbstractEventExecutor.safeExecute(AbstractEventExecutor.java)
	at io.netty.util.concurrent.SingleThreadEventExecutor.runAllTasks(SingleThreadEventExecutor.java:535)
	at io.netty.channel.SingleThreadIoEventLoop.run(SingleThreadIoEventLoop.java:201)
	at io.netty.util.concurrent.SingleThreadEventExecutor$5.run(SingleThreadEventExecutor.java:1195)
	at io.netty.util.internal.ThreadExecutorMap$2.run(ThreadExecutorMap.java:74)
	at io.netty.util.concurrent.FastThreadLocalRunnable.run(FastThreadLocalRunnable.java:30)
	at java.base/java.lang.Thread.run(Thread.java:1583)
Caused by: io.netty.resolver.dns.DnsNameResolverTimeoutException: [7819: /10.246.32.204:53] DefaultDnsQuestion(measured-cowbird-128774.upstash.io. IN A) query '7819' via UDP timed out after 5000 milliseconds (no stack trace available)
2026-08-05 13:01:13 INFO  i.l.core.protocol.ConnectionWatchdog - Reconnecting, last destination was measured-cowbird-128774.upstash.io/<unresolved>:6379
2026-08-05 13:01:18 WARN  i.l.core.protocol.ConnectionWatchdog - Cannot reconnect to [measured-cowbird-128774.upstash.io/<unresolved>:6379]: Failed to resolve 'measured-cowbird-128774.upstash.io' [A(1)]
java.net.UnknownHostException: Failed to resolve 'measured-cowbird-128774.upstash.io' [A(1)]
	at io.netty.resolver.dns.DnsResolveContext.finishResolve(DnsResolveContext.java:1137)
	at io.netty.resolver.dns.DnsResolveContext.tryToFinishResolve(DnsResolveContext.java:1084)
	at io.netty.resolver.dns.DnsResolveContext.query(DnsResolveContext.java:443)
	at io.netty.resolver.dns.DnsResolveContext.access$700(DnsResolveContext.java:69)
	at io.netty.resolver.dns.DnsResolveContext$2.operationComplete(DnsResolveContext.java:512)
	at io.netty.util.concurrent.DefaultPromise.notifyListener0(DefaultPromise.java:604)
	at io.netty.util.concurrent.DefaultPromise.notifyListeners0(DefaultPromise.java:597)
	at io.netty.util.concurrent.DefaultPromise.notifyListenersNow(DefaultPromise.java:573)
	at io.netty.util.concurrent.DefaultPromise.notifyListeners(DefaultPromise.java:506)
	at io.netty.util.concurrent.DefaultPromise.setValue0(DefaultPromise.java:650)
	at io.netty.util.concurrent.DefaultPromise.setFailure0(DefaultPromise.java:643)
	at io.netty.util.concurrent.DefaultPromise.tryFailure(DefaultPromise.java:132)
	at io.netty.resolver.dns.DnsQueryContext.finishFailure(DnsQueryContext.java:346)
	at io.netty.resolver.dns.DnsQueryContext$4.run(DnsQueryContext.java:281)
	at io.netty.util.concurrent.PromiseTask.runTask(PromiseTask.java:98)
	at io.netty.util.concurrent.ScheduledFutureTask.run(ScheduledFutureTask.java:160)
	at io.netty.util.concurrent.AbstractEventExecutor.runTask(AbstractEventExecutor.java:148)
	at io.netty.util.concurrent.AbstractEventExecutor.safeExecute$$$capture(AbstractEventExecutor.java:141)
	at io.netty.util.concurrent.AbstractEventExecutor.safeExecute(AbstractEventExecutor.java)
	at io.netty.util.concurrent.SingleThreadEventExecutor.runAllTasks(SingleThreadEventExecutor.java:535)
	at io.netty.channel.SingleThreadIoEventLoop.run(SingleThreadIoEventLoop.java:201)
	at io.netty.util.concurrent.SingleThreadEventExecutor$5.run(SingleThreadEventExecutor.java:1195)
	at io.netty.util.internal.ThreadExecutorMap$2.run(ThreadExecutorMap.java:74)
	at io.netty.util.concurrent.FastThreadLocalRunnable.run(FastThreadLocalRunnable.java:30)
	at java.base/java.lang.Thread.run(Thread.java:1583)
Caused by: io.netty.resolver.dns.DnsNameResolverTimeoutException: [11247: /10.246.32.204:53] DefaultDnsQuestion(measured-cowbird-128774.upstash.io. IN A) query '11247' via UDP timed out after 5000 milliseconds (no stack trace available)
2026-08-05 13:01:18 INFO  i.l.core.protocol.ConnectionWatchdog - Reconnecting, last destination was measured-cowbird-128774.upstash.io/<unresolved>:6379
2026-08-05 13:01:23 WARN  i.l.core.protocol.ConnectionWatchdog - Cannot reconnect to [measured-cowbird-128774.upstash.io/<unresolved>:6379]: Failed to resolve 'measured-cowbird-128774.upstash.io' [A(1)]
java.net.UnknownHostException: Failed to resolve 'measured-cowbird-128774.upstash.io' [A(1)]
	at io.netty.resolver.dns.DnsResolveContext.finishResolve(DnsResolveContext.java:1137)
	at io.netty.resolver.dns.DnsResolveContext.tryToFinishResolve(DnsResolveContext.java:1084)
	at io.netty.resolver.dns.DnsResolveContext.query(DnsResolveContext.java:443)
	at io.netty.resolver.dns.DnsResolveContext.access$700(DnsResolveContext.java:69)
	at io.netty.resolver.dns.DnsResolveContext$2.operationComplete(DnsResolveContext.java:512)
	at io.netty.util.concurrent.DefaultPromise.notifyListener0(DefaultPromise.java:604)
	at io.netty.util.concurrent.DefaultPromise.notifyListeners0(DefaultPromise.java:597)
	at io.netty.util.concurrent.DefaultPromise.notifyListenersNow(DefaultPromise.java:573)
	at io.netty.util.concurrent.DefaultPromise.notifyListeners(DefaultPromise.java:506)
	at io.netty.util.concurrent.DefaultPromise.setValue0(DefaultPromise.java:650)
	at io.netty.util.concurrent.DefaultPromise.setFailure0(DefaultPromise.java:643)
	at io.netty.util.concurrent.DefaultPromise.tryFailure(DefaultPromise.java:132)
	at io.netty.resolver.dns.DnsQueryContext.finishFailure(DnsQueryContext.java:346)
	at io.netty.resolver.dns.DnsQueryContext$4.run(DnsQueryContext.java:281)
	at io.netty.util.concurrent.PromiseTask.runTask(PromiseTask.java:98)
	at io.netty.util.concurrent.ScheduledFutureTask.run(ScheduledFutureTask.java:160)
	at io.netty.util.concurrent.AbstractEventExecutor.runTask(AbstractEventExecutor.java:148)
	at io.netty.util.concurrent.AbstractEventExecutor.safeExecute$$$capture(AbstractEventExecutor.java:141)
	at io.netty.util.concurrent.AbstractEventExecutor.safeExecute(AbstractEventExecutor.java)
	at io.netty.util.concurrent.SingleThreadEventExecutor.runAllTasks(SingleThreadEventExecutor.java:535)
	at io.netty.channel.SingleThreadIoEventLoop.run(SingleThreadIoEventLoop.java:201)
	at io.netty.util.concurrent.SingleThreadEventExecutor$5.run(SingleThreadEventExecutor.java:1195)
	at io.netty.util.internal.ThreadExecutorMap$2.run(ThreadExecutorMap.java:74)
	at io.netty.util.concurrent.FastThreadLocalRunnable.run(FastThreadLocalRunnable.java:30)
	at java.base/java.lang.Thread.run(Thread.java:1583)
Caused by: io.netty.resolver.dns.DnsNameResolverTimeoutException: [10129: /10.246.32.204:53] DefaultDnsQuestion(measured-cowbird-128774.upstash.io. IN A) query '10129' via UDP timed out after 5000 milliseconds (no stack trace available)
2026-08-05 13:01:23 INFO  i.l.core.protocol.ConnectionWatchdog - Reconnecting, last destination was measured-cowbird-128774.upstash.io/<unresolved>:6379
2026-08-05 13:01:28 WARN  i.l.core.protocol.ConnectionWatchdog - Cannot reconnect to [measured-cowbird-128774.upstash.io/<unresolved>:6379]: Failed to resolve 'measured-cowbird-128774.upstash.io' [A(1)]
java.net.UnknownHostException: Failed to resolve 'measured-cowbird-128774.upstash.io' [A(1)]
	at io.netty.resolver.dns.DnsResolveContext.finishResolve(DnsResolveContext.java:1137)
	at io.netty.resolver.dns.DnsResolveContext.tryToFinishResolve(DnsResolveContext.java:1084)
	at io.netty.resolver.dns.DnsResolveContext.query(DnsResolveContext.java:443)
	at io.netty.resolver.dns.DnsResolveContext.access$700(DnsResolveContext.java:69)
	at io.netty.resolver.dns.DnsResolveContext$2.operationComplete(DnsResolveContext.java:512)
	at io.netty.util.concurrent.DefaultPromise.notifyListener0(DefaultPromise.java:604)
	at io.netty.util.concurrent.DefaultPromise.notifyListeners0(DefaultPromise.java:597)
	at io.netty.util.concurrent.DefaultPromise.notifyListenersNow(DefaultPromise.java:573)
	at io.netty.util.concurrent.DefaultPromise.notifyListeners(DefaultPromise.java:506)
	at io.netty.util.concurrent.DefaultPromise.setValue0(DefaultPromise.java:650)
	at io.netty.util.concurrent.DefaultPromise.setFailure0(DefaultPromise.java:643)
	at io.netty.util.concurrent.DefaultPromise.tryFailure(DefaultPromise.java:132)
	at io.netty.resolver.dns.DnsQueryContext.finishFailure(DnsQueryContext.java:346)
	at io.netty.resolver.dns.DnsQueryContext$4.run(DnsQueryContext.java:281)
	at io.netty.util.concurrent.PromiseTask.runTask(PromiseTask.java:98)
	at io.netty.util.concurrent.ScheduledFutureTask.run(ScheduledFutureTask.java:160)
	at io.netty.util.concurrent.AbstractEventExecutor.runTask(AbstractEventExecutor.java:148)
	at io.netty.util.concurrent.AbstractEventExecutor.safeExecute$$$capture(AbstractEventExecutor.java:141)
	at io.netty.util.concurrent.AbstractEventExecutor.safeExecute(AbstractEventExecutor.java)
	at io.netty.util.concurrent.SingleThreadEventExecutor.runAllTasks(SingleThreadEventExecutor.java:535)
	at io.netty.channel.SingleThreadIoEventLoop.run(SingleThreadIoEventLoop.java:201)
	at io.netty.util.concurrent.SingleThreadEventExecutor$5.run(SingleThreadEventExecutor.java:1195)
	at io.netty.util.internal.ThreadExecutorMap$2.run(ThreadExecutorMap.java:74)
	at io.netty.util.concurrent.FastThreadLocalRunnable.run(FastThreadLocalRunnable.java:30)
	at java.base/java.lang.Thread.run(Thread.java:1583)
Caused by: io.netty.resolver.dns.DnsNameResolverTimeoutException: [3292: /10.246.32.204:53] DefaultDnsQuestion(measured-cowbird-128774.upstash.io. IN A) query '3292' via UDP timed out after 5000 milliseconds (no stack trace available)
2026-08-05 13:01:28 INFO  i.l.core.protocol.ConnectionWatchdog - Reconnecting, last destination was measured-cowbird-128774.upstash.io/<unresolved>:6379
2026-08-05 13:01:33 WARN  i.l.core.protocol.ConnectionWatchdog - Cannot reconnect to [measured-cowbird-128774.upstash.io/<unresolved>:6379]: Failed to resolve 'measured-cowbird-128774.upstash.io' [A(1)]
java.net.UnknownHostException: Failed to resolve 'measured-cowbird-128774.upstash.io' [A(1)]
	at io.netty.resolver.dns.DnsResolveContext.finishResolve(DnsResolveContext.java:1137)
	at io.netty.resolver.dns.DnsResolveContext.tryToFinishResolve(DnsResolveContext.java:1084)
	at io.netty.resolver.dns.DnsResolveContext.query(DnsResolveContext.java:443)
	at io.netty.resolver.dns.DnsResolveContext.access$700(DnsResolveContext.java:69)
	at io.netty.resolver.dns.DnsResolveContext$2.operationComplete(DnsResolveContext.java:512)
	at io.netty.util.concurrent.DefaultPromise.notifyListener0(DefaultPromise.java:604)
	at io.netty.util.concurrent.DefaultPromise.notifyListeners0(DefaultPromise.java:597)
	at io.netty.util.concurrent.DefaultPromise.notifyListenersNow(DefaultPromise.java:573)
	at io.netty.util.concurrent.DefaultPromise.notifyListeners(DefaultPromise.java:506)
	at io.netty.util.concurrent.DefaultPromise.setValue0(DefaultPromise.java:650)
	at io.netty.util.concurrent.DefaultPromise.setFailure0(DefaultPromise.java:643)
	at io.netty.util.concurrent.DefaultPromise.tryFailure(DefaultPromise.java:132)
	at io.netty.resolver.dns.DnsQueryContext.finishFailure(DnsQueryContext.java:346)
	at io.netty.resolver.dns.DnsQueryContext$4.run(DnsQueryContext.java:281)
	at io.netty.util.concurrent.PromiseTask.runTask(PromiseTask.java:98)
	at io.netty.util.concurrent.ScheduledFutureTask.run(ScheduledFutureTask.java:160)
	at io.netty.util.concurrent.AbstractEventExecutor.runTask(AbstractEventExecutor.java:148)
	at io.netty.util.concurrent.AbstractEventExecutor.safeExecute$$$capture(AbstractEventExecutor.java:141)
	at io.netty.util.concurrent.AbstractEventExecutor.safeExecute(AbstractEventExecutor.java)
	at io.netty.util.concurrent.SingleThreadEventExecutor.runAllTasks(SingleThreadEventExecutor.java:535)
	at io.netty.channel.SingleThreadIoEventLoop.run(SingleThreadIoEventLoop.java:201)
	at io.netty.util.concurrent.SingleThreadEventExecutor$5.run(SingleThreadEventExecutor.java:1195)
	at io.netty.util.internal.ThreadExecutorMap$2.run(ThreadExecutorMap.java:74)
	at io.netty.util.concurrent.FastThreadLocalRunnable.run(FastThreadLocalRunnable.java:30)
	at java.base/java.lang.Thread.run(Thread.java:1583)
Caused by: io.netty.resolver.dns.DnsNameResolverTimeoutException: [3228: /10.246.32.204:53] DefaultDnsQuestion(measured-cowbird-128774.upstash.io. IN A) query '3228' via UDP timed out after 5000 milliseconds (no stack trace available)
2026-08-05 13:01:34 INFO  i.l.core.protocol.ConnectionWatchdog - Reconnecting, last destination was measured-cowbird-128774.upstash.io/<unresolved>:6379
2026-08-05 13:01:39 WARN  i.l.core.protocol.ConnectionWatchdog - Cannot reconnect to [measured-cowbird-128774.upstash.io/<unresolved>:6379]: Failed to resolve 'measured-cowbird-128774.upstash.io' [A(1)]
java.net.UnknownHostException: Failed to resolve 'measured-cowbird-128774.upstash.io' [A(1)]
	at io.netty.resolver.dns.DnsResolveContext.finishResolve(DnsResolveContext.java:1137)
	at io.netty.resolver.dns.DnsResolveContext.tryToFinishResolve(DnsResolveContext.java:1084)
	at io.netty.resolver.dns.DnsResolveContext.query(DnsResolveContext.java:443)
	at io.netty.resolver.dns.DnsResolveContext.access$700(DnsResolveContext.java:69)
	at io.netty.resolver.dns.DnsResolveContext$2.operationComplete(DnsResolveContext.java:512)
	at io.netty.util.concurrent.DefaultPromise.notifyListener0(DefaultPromise.java:604)
	at io.netty.util.concurrent.DefaultPromise.notifyListeners0(DefaultPromise.java:597)
	at io.netty.util.concurrent.DefaultPromise.notifyListenersNow(DefaultPromise.java:573)
	at io.netty.util.concurrent.DefaultPromise.notifyListeners(DefaultPromise.java:506)
	at io.netty.util.concurrent.DefaultPromise.setValue0(DefaultPromise.java:650)
	at io.netty.util.concurrent.DefaultPromise.setFailure0(DefaultPromise.java:643)
	at io.netty.util.concurrent.DefaultPromise.tryFailure(DefaultPromise.java:132)
	at io.netty.resolver.dns.DnsQueryContext.finishFailure(DnsQueryContext.java:346)
	at io.netty.resolver.dns.DnsQueryContext$4.run(DnsQueryContext.java:281)
	at io.netty.util.concurrent.PromiseTask.runTask(PromiseTask.java:98)
	at io.netty.util.concurrent.ScheduledFutureTask.run(ScheduledFutureTask.java:160)
	at io.netty.util.concurrent.AbstractEventExecutor.runTask(AbstractEventExecutor.java:148)
	at io.netty.util.concurrent.AbstractEventExecutor.safeExecute$$$capture(AbstractEventExecutor.java:141)
	at io.netty.util.concurrent.AbstractEventExecutor.safeExecute(AbstractEventExecutor.java)
	at io.netty.util.concurrent.SingleThreadEventExecutor.runAllTasks(SingleThreadEventExecutor.java:535)
	at io.netty.channel.SingleThreadIoEventLoop.run(SingleThreadIoEventLoop.java:201)
	at io.netty.util.concurrent.SingleThreadEventExecutor$5.run(SingleThreadEventExecutor.java:1195)
	at io.netty.util.internal.ThreadExecutorMap$2.run(ThreadExecutorMap.java:74)
	at io.netty.util.concurrent.FastThreadLocalRunnable.run(FastThreadLocalRunnable.java:30)
	at java.base/java.lang.Thread.run(Thread.java:1583)
Caused by: io.netty.resolver.dns.DnsNameResolverTimeoutException: [2785: /10.246.32.204:53] DefaultDnsQuestion(measured-cowbird-128774.upstash.io. IN A) query '2785' via UDP timed out after 5000 milliseconds (no stack trace available)
2026-08-05 13:01:40 INFO  i.l.core.protocol.ConnectionWatchdog - Reconnecting, last destination was measured-cowbird-128774.upstash.io/<unresolved>:6379
2026-08-05 13:01:45 WARN  i.l.core.protocol.ConnectionWatchdog - Cannot reconnect to [measured-cowbird-128774.upstash.io/<unresolved>:6379]: Failed to resolve 'measured-cowbird-128774.upstash.io' [A(1)]
java.net.UnknownHostException: Failed to resolve 'measured-cowbird-128774.upstash.io' [A(1)]
	at io.netty.resolver.dns.DnsResolveContext.finishResolve(DnsResolveContext.java:1137)
	at io.netty.resolver.dns.DnsResolveContext.tryToFinishResolve(DnsResolveContext.java:1084)
	at io.netty.resolver.dns.DnsResolveContext.query(DnsResolveContext.java:443)
	at io.netty.resolver.dns.DnsResolveContext.access$700(DnsResolveContext.java:69)
	at io.netty.resolver.dns.DnsResolveContext$2.operationComplete(DnsResolveContext.java:512)
	at io.netty.util.concurrent.DefaultPromise.notifyListener0(DefaultPromise.java:604)
	at io.netty.util.concurrent.DefaultPromise.notifyListeners0(DefaultPromise.java:597)
	at io.netty.util.concurrent.DefaultPromise.notifyListenersNow(DefaultPromise.java:573)
	at io.netty.util.concurrent.DefaultPromise.notifyListeners(DefaultPromise.java:506)
	at io.netty.util.concurrent.DefaultPromise.setValue0(DefaultPromise.java:650)
	at io.netty.util.concurrent.DefaultPromise.setFailure0(DefaultPromise.java:643)
	at io.netty.util.concurrent.DefaultPromise.tryFailure(DefaultPromise.java:132)
	at io.netty.resolver.dns.DnsQueryContext.finishFailure(DnsQueryContext.java:346)
	at io.netty.resolver.dns.DnsQueryContext$4.run(DnsQueryContext.java:281)
	at io.netty.util.concurrent.PromiseTask.runTask(PromiseTask.java:98)
	at io.netty.util.concurrent.ScheduledFutureTask.run(ScheduledFutureTask.java:160)
	at io.netty.util.concurrent.AbstractEventExecutor.runTask(AbstractEventExecutor.java:148)
	at io.netty.util.concurrent.AbstractEventExecutor.safeExecute$$$capture(AbstractEventExecutor.java:141)
	at io.netty.util.concurrent.AbstractEventExecutor.safeExecute(AbstractEventExecutor.java)
	at io.netty.util.concurrent.SingleThreadEventExecutor.runAllTasks(SingleThreadEventExecutor.java:535)
	at io.netty.channel.SingleThreadIoEventLoop.run(SingleThreadIoEventLoop.java:201)
	at io.netty.util.concurrent.SingleThreadEventExecutor$5.run(SingleThreadEventExecutor.java:1195)
	at io.netty.util.internal.ThreadExecutorMap$2.run(ThreadExecutorMap.java:74)
	at io.netty.util.concurrent.FastThreadLocalRunnable.run(FastThreadLocalRunnable.java:30)
	at java.base/java.lang.Thread.run(Thread.java:1583)
Caused by: io.netty.resolver.dns.DnsNameResolverTimeoutException: [878: /10.246.32.204:53] DefaultDnsQuestion(measured-cowbird-128774.upstash.io. IN A) query '878' via UDP timed out after 5000 milliseconds (no stack trace available)
2026-08-05 13:01:47 INFO  i.l.core.protocol.ConnectionWatchdog - Reconnecting, last destination was measured-cowbird-128774.upstash.io/<unresolved>:6379
2026-08-05 13:01:52 WARN  i.l.core.protocol.ConnectionWatchdog - Cannot reconnect to [measured-cowbird-128774.upstash.io/<unresolved>:6379]: Failed to resolve 'measured-cowbird-128774.upstash.io' [A(1)]
java.net.UnknownHostException: Failed to resolve 'measured-cowbird-128774.upstash.io' [A(1)]
	at io.netty.resolver.dns.DnsResolveContext.finishResolve(DnsResolveContext.java:1137)
	at io.netty.resolver.dns.DnsResolveContext.tryToFinishResolve(DnsResolveContext.java:1084)
	at io.netty.resolver.dns.DnsResolveContext.query(DnsResolveContext.java:443)
	at io.netty.resolver.dns.DnsResolveContext.access$700(DnsResolveContext.java:69)
	at io.netty.resolver.dns.DnsResolveContext$2.operationComplete(DnsResolveContext.java:512)
	at io.netty.util.concurrent.DefaultPromise.notifyListener0(DefaultPromise.java:604)
	at io.netty.util.concurrent.DefaultPromise.notifyListeners0(DefaultPromise.java:597)
	at io.netty.util.concurrent.DefaultPromise.notifyListenersNow(DefaultPromise.java:573)
	at io.netty.util.concurrent.DefaultPromise.notifyListeners(DefaultPromise.java:506)
	at io.netty.util.concurrent.DefaultPromise.setValue0(DefaultPromise.java:650)
	at io.netty.util.concurrent.DefaultPromise.setFailure0(DefaultPromise.java:643)
	at io.netty.util.concurrent.DefaultPromise.tryFailure(DefaultPromise.java:132)
	at io.netty.resolver.dns.DnsQueryContext.finishFailure(DnsQueryContext.java:346)
	at io.netty.resolver.dns.DnsQueryContext$4.run(DnsQueryContext.java:281)
	at io.netty.util.concurrent.PromiseTask.runTask(PromiseTask.java:98)
	at io.netty.util.concurrent.ScheduledFutureTask.run(ScheduledFutureTask.java:160)
	at io.netty.util.concurrent.AbstractEventExecutor.runTask(AbstractEventExecutor.java:148)
	at io.netty.util.concurrent.AbstractEventExecutor.safeExecute$$$capture(AbstractEventExecutor.java:141)
	at io.netty.util.concurrent.AbstractEventExecutor.safeExecute(AbstractEventExecutor.java)
	at io.netty.util.concurrent.SingleThreadEventExecutor.runAllTasks(SingleThreadEventExecutor.java:535)
	at io.netty.channel.SingleThreadIoEventLoop.run(SingleThreadIoEventLoop.java:201)
	at io.netty.util.concurrent.SingleThreadEventExecutor$5.run(SingleThreadEventExecutor.java:1195)
	at io.netty.util.internal.ThreadExecutorMap$2.run(ThreadExecutorMap.java:74)
	at io.netty.util.concurrent.FastThreadLocalRunnable.run(FastThreadLocalRunnable.java:30)
	at java.base/java.lang.Thread.run(Thread.java:1583)
Caused by: io.netty.resolver.dns.DnsNameResolverTimeoutException: [64: /10.246.32.204:53] DefaultDnsQuestion(measured-cowbird-128774.upstash.io. IN A) query '64' via UDP timed out after 5000 milliseconds (no stack trace available)
2026-08-05 13:01:56 INFO  i.l.core.protocol.ConnectionWatchdog - Reconnecting, last destination was measured-cowbird-128774.upstash.io/<unresolved>:6379
2026-08-05 13:02:01 WARN  i.l.core.protocol.ConnectionWatchdog - Cannot reconnect to [measured-cowbird-128774.upstash.io/<unresolved>:6379]: Failed to resolve 'measured-cowbird-128774.upstash.io' [A(1)]
java.net.UnknownHostException: Failed to resolve 'measured-cowbird-128774.upstash.io' [A(1)]
	at io.netty.resolver.dns.DnsResolveContext.finishResolve(DnsResolveContext.java:1137)
	at io.netty.resolver.dns.DnsResolveContext.tryToFinishResolve(DnsResolveContext.java:1084)
	at io.netty.resolver.dns.DnsResolveContext.query(DnsResolveContext.java:443)
	at io.netty.resolver.dns.DnsResolveContext.access$700(DnsResolveContext.java:69)
	at io.netty.resolver.dns.DnsResolveContext$2.operationComplete(DnsResolveContext.java:512)
	at io.netty.util.concurrent.DefaultPromise.notifyListener0(DefaultPromise.java:604)
	at io.netty.util.concurrent.DefaultPromise.notifyListeners0(DefaultPromise.java:597)
	at io.netty.util.concurrent.DefaultPromise.notifyListenersNow(DefaultPromise.java:573)
	at io.netty.util.concurrent.DefaultPromise.notifyListeners(DefaultPromise.java:506)
	at io.netty.util.concurrent.DefaultPromise.setValue0(DefaultPromise.java:650)
	at io.netty.util.concurrent.DefaultPromise.setFailure0(DefaultPromise.java:643)
	at io.netty.util.concurrent.DefaultPromise.tryFailure(DefaultPromise.java:132)
	at io.netty.resolver.dns.DnsQueryContext.finishFailure(DnsQueryContext.java:346)
	at io.netty.resolver.dns.DnsQueryContext$4.run(DnsQueryContext.java:281)
	at io.netty.util.concurrent.PromiseTask.runTask(PromiseTask.java:98)
	at io.netty.util.concurrent.ScheduledFutureTask.run(ScheduledFutureTask.java:160)
	at io.netty.util.concurrent.AbstractEventExecutor.runTask(AbstractEventExecutor.java:148)
	at io.netty.util.concurrent.AbstractEventExecutor.safeExecute$$$capture(AbstractEventExecutor.java:141)
	at io.netty.util.concurrent.AbstractEventExecutor.safeExecute(AbstractEventExecutor.java)
	at io.netty.util.concurrent.SingleThreadEventExecutor.runAllTasks(SingleThreadEventExecutor.java:535)
	at io.netty.channel.SingleThreadIoEventLoop.run(SingleThreadIoEventLoop.java:201)
	at io.netty.util.concurrent.SingleThreadEventExecutor$5.run(SingleThreadEventExecutor.java:1195)
	at io.netty.util.internal.ThreadExecutorMap$2.run(ThreadExecutorMap.java:74)
	at io.netty.util.concurrent.FastThreadLocalRunnable.run(FastThreadLocalRunnable.java:30)
	at java.base/java.lang.Thread.run(Thread.java:1583)
Caused by: io.netty.resolver.dns.DnsNameResolverTimeoutException: [6: /10.246.32.204:53] DefaultDnsQuestion(measured-cowbird-128774.upstash.io. IN A) query '6' via UDP timed out after 5000 milliseconds (no stack trace available)
2026-08-05 13:02:10 INFO  i.l.core.protocol.ConnectionWatchdog - Reconnecting, last destination was measured-cowbird-128774.upstash.io/<unresolved>:6379
2026-08-05 13:02:15 WARN  i.l.core.protocol.ConnectionWatchdog - Cannot reconnect to [measured-cowbird-128774.upstash.io/<unresolved>:6379]: Failed to resolve 'measured-cowbird-128774.upstash.io' [A(1)]
java.net.UnknownHostException: Failed to resolve 'measured-cowbird-128774.upstash.io' [A(1)]
	at io.netty.resolver.dns.DnsResolveContext.finishResolve(DnsResolveContext.java:1137)
	at io.netty.resolver.dns.DnsResolveContext.tryToFinishResolve(DnsResolveContext.java:1084)
	at io.netty.resolver.dns.DnsResolveContext.query(DnsResolveContext.java:443)
	at io.netty.resolver.dns.DnsResolveContext.access$700(DnsResolveContext.java:69)
	at io.netty.resolver.dns.DnsResolveContext$2.operationComplete(DnsResolveContext.java:512)
	at io.netty.util.concurrent.DefaultPromise.notifyListener0(DefaultPromise.java:604)
	at io.netty.util.concurrent.DefaultPromise.notifyListeners0(DefaultPromise.java:597)
	at io.netty.util.concurrent.DefaultPromise.notifyListenersNow(DefaultPromise.java:573)
	at io.netty.util.concurrent.DefaultPromise.notifyListeners(DefaultPromise.java:506)
	at io.netty.util.concurrent.DefaultPromise.setValue0(DefaultPromise.java:650)
	at io.netty.util.concurrent.DefaultPromise.setFailure0(DefaultPromise.java:643)
	at io.netty.util.concurrent.DefaultPromise.tryFailure(DefaultPromise.java:132)
	at io.netty.resolver.dns.DnsQueryContext.finishFailure(DnsQueryContext.java:346)
	at io.netty.resolver.dns.DnsQueryContext$4.run(DnsQueryContext.java:281)
	at io.netty.util.concurrent.PromiseTask.runTask(PromiseTask.java:98)
	at io.netty.util.concurrent.ScheduledFutureTask.run(ScheduledFutureTask.java:160)
	at io.netty.util.concurrent.AbstractEventExecutor.runTask(AbstractEventExecutor.java:148)
	at io.netty.util.concurrent.AbstractEventExecutor.safeExecute$$$capture(AbstractEventExecutor.java:141)
	at io.netty.util.concurrent.AbstractEventExecutor.safeExecute(AbstractEventExecutor.java)
	at io.netty.util.concurrent.SingleThreadEventExecutor.runAllTasks(SingleThreadEventExecutor.java:535)
	at io.netty.channel.SingleThreadIoEventLoop.run(SingleThreadIoEventLoop.java:201)
	at io.netty.util.concurrent.SingleThreadEventExecutor$5.run(SingleThreadEventExecutor.java:1195)
	at io.netty.util.internal.ThreadExecutorMap$2.run(ThreadExecutorMap.java:74)
	at io.netty.util.concurrent.FastThreadLocalRunnable.run(FastThreadLocalRunnable.java:30)
	at java.base/java.lang.Thread.run(Thread.java:1583)
Caused by: io.netty.resolver.dns.DnsNameResolverTimeoutException: [13375: /10.246.32.204:53] DefaultDnsQuestion(measured-cowbird-128774.upstash.io. IN A) query '13375' via UDP timed out after 5000 milliseconds (no stack trace available)
2026-08-05 13:02:31 INFO  i.l.core.protocol.ConnectionWatchdog - Reconnecting, last destination was measured-cowbird-128774.upstash.io/<unresolved>:6379
2026-08-05 13:02:36 WARN  i.l.core.protocol.ConnectionWatchdog - Cannot reconnect to [measured-cowbird-128774.upstash.io/<unresolved>:6379]: Failed to resolve 'measured-cowbird-128774.upstash.io' [A(1)]
java.net.UnknownHostException: Failed to resolve 'measured-cowbird-128774.upstash.io' [A(1)]
	at io.netty.resolver.dns.DnsResolveContext.finishResolve(DnsResolveContext.java:1137)
	at io.netty.resolver.dns.DnsResolveContext.tryToFinishResolve(DnsResolveContext.java:1084)
	at io.netty.resolver.dns.DnsResolveContext.query(DnsResolveContext.java:443)
	at io.netty.resolver.dns.DnsResolveContext.access$700(DnsResolveContext.java:69)
	at io.netty.resolver.dns.DnsResolveContext$2.operationComplete(DnsResolveContext.java:512)
	at io.netty.util.concurrent.DefaultPromise.notifyListener0(DefaultPromise.java:604)
	at io.netty.util.concurrent.DefaultPromise.notifyListeners0(DefaultPromise.java:597)
	at io.netty.util.concurrent.DefaultPromise.notifyListenersNow(DefaultPromise.java:573)
	at io.netty.util.concurrent.DefaultPromise.notifyListeners(DefaultPromise.java:506)
	at io.netty.util.concurrent.DefaultPromise.setValue0(DefaultPromise.java:650)
	at io.netty.util.concurrent.DefaultPromise.setFailure0(DefaultPromise.java:643)
	at io.netty.util.concurrent.DefaultPromise.tryFailure(DefaultPromise.java:132)
	at io.netty.resolver.dns.DnsQueryContext.finishFailure(DnsQueryContext.java:346)
	at io.netty.resolver.dns.DnsQueryContext$4.run(DnsQueryContext.java:281)
	at io.netty.util.concurrent.PromiseTask.runTask(PromiseTask.java:98)
	at io.netty.util.concurrent.ScheduledFutureTask.run(ScheduledFutureTask.java:160)
	at io.netty.util.concurrent.AbstractEventExecutor.runTask(AbstractEventExecutor.java:148)
	at io.netty.util.concurrent.AbstractEventExecutor.safeExecute$$$capture(AbstractEventExecutor.java:141)
	at io.netty.util.concurrent.AbstractEventExecutor.safeExecute(AbstractEventExecutor.java)
	at io.netty.util.concurrent.SingleThreadEventExecutor.runAllTasks(SingleThreadEventExecutor.java:535)
	at io.netty.channel.SingleThreadIoEventLoop.run(SingleThreadIoEventLoop.java:201)
	at io.netty.util.concurrent.SingleThreadEventExecutor$5.run(SingleThreadEventExecutor.java:1195)
	at io.netty.util.internal.ThreadExecutorMap$2.run(ThreadExecutorMap.java:74)
	at io.netty.util.concurrent.FastThreadLocalRunnable.run(FastThreadLocalRunnable.java:30)
	at java.base/java.lang.Thread.run(Thread.java:1583)
Caused by: io.netty.resolver.dns.DnsNameResolverTimeoutException: [451: /10.246.32.204:53] DefaultDnsQuestion(measured-cowbird-128774.upstash.io. IN A) query '451' via UDP timed out after 5000 milliseconds (no stack trace available)
2026-08-05 13:03:06 INFO  i.l.core.protocol.ConnectionWatchdog - Reconnecting, last destination was measured-cowbird-128774.upstash.io/<unresolved>:6379
2026-08-05 13:03:11 WARN  i.l.core.protocol.ConnectionWatchdog - Cannot reconnect to [measured-cowbird-128774.upstash.io/<unresolved>:6379]: Failed to resolve 'measured-cowbird-128774.upstash.io' [A(1)]
java.net.UnknownHostException: Failed to resolve 'measured-cowbird-128774.upstash.io' [A(1)]
	at io.netty.resolver.dns.DnsResolveContext.finishResolve(DnsResolveContext.java:1137)
	at io.netty.resolver.dns.DnsResolveContext.tryToFinishResolve(DnsResolveContext.java:1084)
	at io.netty.resolver.dns.DnsResolveContext.query(DnsResolveContext.java:443)
	at io.netty.resolver.dns.DnsResolveContext.access$700(DnsResolveContext.java:69)
	at io.netty.resolver.dns.DnsResolveContext$2.operationComplete(DnsResolveContext.java:512)
	at io.netty.util.concurrent.DefaultPromise.notifyListener0(DefaultPromise.java:604)
	at io.netty.util.concurrent.DefaultPromise.notifyListeners0(DefaultPromise.java:597)
	at io.netty.util.concurrent.DefaultPromise.notifyListenersNow(DefaultPromise.java:573)
	at io.netty.util.concurrent.DefaultPromise.notifyListeners(DefaultPromise.java:506)
	at io.netty.util.concurrent.DefaultPromise.setValue0(DefaultPromise.java:650)
	at io.netty.util.concurrent.DefaultPromise.setFailure0(DefaultPromise.java:643)
	at io.netty.util.concurrent.DefaultPromise.tryFailure(DefaultPromise.java:132)
	at io.netty.resolver.dns.DnsQueryContext.finishFailure(DnsQueryContext.java:346)
	at io.netty.resolver.dns.DnsQueryContext$4.run(DnsQueryContext.java:281)
	at io.netty.util.concurrent.PromiseTask.runTask(PromiseTask.java:98)
	at io.netty.util.concurrent.ScheduledFutureTask.run(ScheduledFutureTask.java:160)
	at io.netty.util.concurrent.AbstractEventExecutor.runTask(AbstractEventExecutor.java:148)
	at io.netty.util.concurrent.AbstractEventExecutor.safeExecute$$$capture(AbstractEventExecutor.java:141)
	at io.netty.util.concurrent.AbstractEventExecutor.safeExecute(AbstractEventExecutor.java)
	at io.netty.util.concurrent.SingleThreadEventExecutor.runAllTasks(SingleThreadEventExecutor.java:535)
	at io.netty.channel.SingleThreadIoEventLoop.run(SingleThreadIoEventLoop.java:201)
	at io.netty.util.concurrent.SingleThreadEventExecutor$5.run(SingleThreadEventExecutor.java:1195)
	at io.netty.util.internal.ThreadExecutorMap$2.run(ThreadExecutorMap.java:74)
	at io.netty.util.concurrent.FastThreadLocalRunnable.run(FastThreadLocalRunnable.java:30)
	at java.base/java.lang.Thread.run(Thread.java:1583)
Caused by: io.netty.resolver.dns.DnsNameResolverTimeoutException: [7235: /10.246.32.204:53] DefaultDnsQuestion(measured-cowbird-128774.upstash.io. IN A) query '7235' via UDP timed out after 5000 milliseconds (no stack trace available)
2026-08-05 13:03:41 INFO  i.l.core.protocol.ConnectionWatchdog - Reconnecting, last destination was measured-cowbird-128774.upstash.io/<unresolved>:6379
2026-08-05 13:03:46 WARN  i.l.core.protocol.ConnectionWatchdog - Cannot reconnect to [measured-cowbird-128774.upstash.io/<unresolved>:6379]: Failed to resolve 'measured-cowbird-128774.upstash.io' [A(1)]
java.net.UnknownHostException: Failed to resolve 'measured-cowbird-128774.upstash.io' [A(1)]
	at io.netty.resolver.dns.DnsResolveContext.finishResolve(DnsResolveContext.java:1137)
	at io.netty.resolver.dns.DnsResolveContext.tryToFinishResolve(DnsResolveContext.java:1084)
	at io.netty.resolver.dns.DnsResolveContext.query(DnsResolveContext.java:443)
	at io.netty.resolver.dns.DnsResolveContext.access$700(DnsResolveContext.java:69)
	at io.netty.resolver.dns.DnsResolveContext$2.operationComplete(DnsResolveContext.java:512)
	at io.netty.util.concurrent.DefaultPromise.notifyListener0(DefaultPromise.java:604)
	at io.netty.util.concurrent.DefaultPromise.notifyListeners0(DefaultPromise.java:597)
	at io.netty.util.concurrent.DefaultPromise.notifyListenersNow(DefaultPromise.java:573)
	at io.netty.util.concurrent.DefaultPromise.notifyListeners(DefaultPromise.java:506)
	at io.netty.util.concurrent.DefaultPromise.setValue0(DefaultPromise.java:650)
	at io.netty.util.concurrent.DefaultPromise.setFailure0(DefaultPromise.java:643)
	at io.netty.util.concurrent.DefaultPromise.tryFailure(DefaultPromise.java:132)
	at io.netty.resolver.dns.DnsQueryContext.finishFailure(DnsQueryContext.java:346)
	at io.netty.resolver.dns.DnsQueryContext$4.run(DnsQueryContext.java:281)
	at io.netty.util.concurrent.PromiseTask.runTask(PromiseTask.java:98)
	at io.netty.util.concurrent.ScheduledFutureTask.run(ScheduledFutureTask.java:160)
	at io.netty.util.concurrent.AbstractEventExecutor.runTask(AbstractEventExecutor.java:148)
	at io.netty.util.concurrent.AbstractEventExecutor.safeExecute$$$capture(AbstractEventExecutor.java:141)
	at io.netty.util.concurrent.AbstractEventExecutor.safeExecute(AbstractEventExecutor.java)
	at io.netty.util.concurrent.SingleThreadEventExecutor.runAllTasks(SingleThreadEventExecutor.java:535)
	at io.netty.channel.SingleThreadIoEventLoop.run(SingleThreadIoEventLoop.java:201)
	at io.netty.util.concurrent.SingleThreadEventExecutor$5.run(SingleThreadEventExecutor.java:1195)
	at io.netty.util.internal.ThreadExecutorMap$2.run(ThreadExecutorMap.java:74)
	at io.netty.util.concurrent.FastThreadLocalRunnable.run(FastThreadLocalRunnable.java:30)
	at java.base/java.lang.Thread.run(Thread.java:1583)
Caused by: io.netty.resolver.dns.DnsNameResolverTimeoutException: [8064: /10.246.32.204:53] DefaultDnsQuestion(measured-cowbird-128774.upstash.io. IN A) query '8064' via UDP timed out after 5000 milliseconds (no stack trace available)
2026-08-05 13:04:16 INFO  i.l.core.protocol.ConnectionWatchdog - Reconnecting, last destination was measured-cowbird-128774.upstash.io/<unresolved>:6379
2026-08-05 13:04:21 WARN  i.l.core.protocol.ConnectionWatchdog - Cannot reconnect to [measured-cowbird-128774.upstash.io/<unresolved>:6379]: Failed to resolve 'measured-cowbird-128774.upstash.io' [A(1)]
java.net.UnknownHostException: Failed to resolve 'measured-cowbird-128774.upstash.io' [A(1)]
	at io.netty.resolver.dns.DnsResolveContext.finishResolve(DnsResolveContext.java:1137)
	at io.netty.resolver.dns.DnsResolveContext.tryToFinishResolve(DnsResolveContext.java:1084)
	at io.netty.resolver.dns.DnsResolveContext.query(DnsResolveContext.java:443)
	at io.netty.resolver.dns.DnsResolveContext.access$700(DnsResolveContext.java:69)
	at io.netty.resolver.dns.DnsResolveContext$2.operationComplete(DnsResolveContext.java:512)
	at io.netty.util.concurrent.DefaultPromise.notifyListener0(DefaultPromise.java:604)
	at io.netty.util.concurrent.DefaultPromise.notifyListeners0(DefaultPromise.java:597)
	at io.netty.util.concurrent.DefaultPromise.notifyListenersNow(DefaultPromise.java:573)
	at io.netty.util.concurrent.DefaultPromise.notifyListeners(DefaultPromise.java:506)
	at io.netty.util.concurrent.DefaultPromise.setValue0(DefaultPromise.java:650)
	at io.netty.util.concurrent.DefaultPromise.setFailure0(DefaultPromise.java:643)
	at io.netty.util.concurrent.DefaultPromise.tryFailure(DefaultPromise.java:132)
	at io.netty.resolver.dns.DnsQueryContext.finishFailure(DnsQueryContext.java:346)
	at io.netty.resolver.dns.DnsQueryContext$4.run(DnsQueryContext.java:281)
	at io.netty.util.concurrent.PromiseTask.runTask(PromiseTask.java:98)
	at io.netty.util.concurrent.ScheduledFutureTask.run(ScheduledFutureTask.java:160)
	at io.netty.util.concurrent.AbstractEventExecutor.runTask(AbstractEventExecutor.java:148)
	at io.netty.util.concurrent.AbstractEventExecutor.safeExecute$$$capture(AbstractEventExecutor.java:141)
	at io.netty.util.concurrent.AbstractEventExecutor.safeExecute(AbstractEventExecutor.java)
	at io.netty.util.concurrent.SingleThreadEventExecutor.runAllTasks(SingleThreadEventExecutor.java:535)
	at io.netty.channel.SingleThreadIoEventLoop.run(SingleThreadIoEventLoop.java:201)
	at io.netty.util.concurrent.SingleThreadEventExecutor$5.run(SingleThreadEventExecutor.java:1195)
	at io.netty.util.internal.ThreadExecutorMap$2.run(ThreadExecutorMap.java:74)
	at io.netty.util.concurrent.FastThreadLocalRunnable.run(FastThreadLocalRunnable.java:30)
	at java.base/java.lang.Thread.run(Thread.java:1583)
Caused by: io.netty.resolver.dns.DnsNameResolverTimeoutException: [2335: /10.246.32.204:53] DefaultDnsQuestion(measured-cowbird-128774.upstash.io. IN A) query '2335' via UDP timed out after 5000 milliseconds (no stack trace available)
2026-08-05 13:04:51 INFO  i.l.core.protocol.ConnectionWatchdog - Reconnecting, last destination was measured-cowbird-128774.upstash.io/<unresolved>:6379
2026-08-05 13:04:57 WARN  i.l.core.protocol.ConnectionWatchdog - Cannot reconnect to [measured-cowbird-128774.upstash.io/<unresolved>:6379]: Failed to resolve 'measured-cowbird-128774.upstash.io' [A(1)]
java.net.UnknownHostException: Failed to resolve 'measured-cowbird-128774.upstash.io' [A(1)]
	at io.netty.resolver.dns.DnsResolveContext.finishResolve(DnsResolveContext.java:1137)
	at io.netty.resolver.dns.DnsResolveContext.tryToFinishResolve(DnsResolveContext.java:1084)
	at io.netty.resolver.dns.DnsResolveContext.query(DnsResolveContext.java:443)
	at io.netty.resolver.dns.DnsResolveContext.access$700(DnsResolveContext.java:69)
	at io.netty.resolver.dns.DnsResolveContext$2.operationComplete(DnsResolveContext.java:512)
	at io.netty.util.concurrent.DefaultPromise.notifyListener0(DefaultPromise.java:604)
	at io.netty.util.concurrent.DefaultPromise.notifyListeners0(DefaultPromise.java:597)
	at io.netty.util.concurrent.DefaultPromise.notifyListenersNow(DefaultPromise.java:573)
	at io.netty.util.concurrent.DefaultPromise.notifyListeners(DefaultPromise.java:506)
	at io.netty.util.concurrent.DefaultPromise.setValue0(DefaultPromise.java:650)
	at io.netty.util.concurrent.DefaultPromise.setFailure0(DefaultPromise.java:643)
	at io.netty.util.concurrent.DefaultPromise.tryFailure(DefaultPromise.java:132)
	at io.netty.resolver.dns.DnsQueryContext.finishFailure(DnsQueryContext.java:346)
	at io.netty.resolver.dns.DnsQueryContext$4.run(DnsQueryContext.java:281)
	at io.netty.util.concurrent.PromiseTask.runTask(PromiseTask.java:98)
	at io.netty.util.concurrent.ScheduledFutureTask.run(ScheduledFutureTask.java:160)
	at io.netty.util.concurrent.AbstractEventExecutor.runTask(AbstractEventExecutor.java:148)
	at io.netty.util.concurrent.AbstractEventExecutor.safeExecute$$$capture(AbstractEventExecutor.java:141)
	at io.netty.util.concurrent.AbstractEventExecutor.safeExecute(AbstractEventExecutor.java)
	at io.netty.util.concurrent.SingleThreadEventExecutor.runAllTasks(SingleThreadEventExecutor.java:535)
	at io.netty.channel.SingleThreadIoEventLoop.run(SingleThreadIoEventLoop.java:201)
	at io.netty.util.concurrent.SingleThreadEventExecutor$5.run(SingleThreadEventExecutor.java:1195)
	at io.netty.util.internal.ThreadExecutorMap$2.run(ThreadExecutorMap.java:74)
	at io.netty.util.concurrent.FastThreadLocalRunnable.run(FastThreadLocalRunnable.java:30)
	at java.base/java.lang.Thread.run(Thread.java:1583)
Caused by: io.netty.resolver.dns.DnsNameResolverTimeoutException: [3271: /10.246.32.204:53] DefaultDnsQuestion(measured-cowbird-128774.upstash.io. IN A) query '3271' via UDP timed out after 5000 milliseconds (no stack trace available)
2026-08-05 13:05:27 INFO  i.l.core.protocol.ConnectionWatchdog - Reconnecting, last destination was measured-cowbird-128774.upstash.io/<unresolved>:6379
2026-08-05 13:05:32 WARN  i.l.core.protocol.ConnectionWatchdog - Cannot reconnect to [measured-cowbird-128774.upstash.io/<unresolved>:6379]: Failed to resolve 'measured-cowbird-128774.upstash.io' [A(1)]
java.net.UnknownHostException: Failed to resolve 'measured-cowbird-128774.upstash.io' [A(1)]
	at io.netty.resolver.dns.DnsResolveContext.finishResolve(DnsResolveContext.java:1137)
	at io.netty.resolver.dns.DnsResolveContext.tryToFinishResolve(DnsResolveContext.java:1084)
	at io.netty.resolver.dns.DnsResolveContext.query(DnsResolveContext.java:443)
	at io.netty.resolver.dns.DnsResolveContext.access$700(DnsResolveContext.java:69)
	at io.netty.resolver.dns.DnsResolveContext$2.operationComplete(DnsResolveContext.java:512)
	at io.netty.util.concurrent.DefaultPromise.notifyListener0(DefaultPromise.java:604)
	at io.netty.util.concurrent.DefaultPromise.notifyListeners0(DefaultPromise.java:597)
	at io.netty.util.concurrent.DefaultPromise.notifyListenersNow(DefaultPromise.java:573)
	at io.netty.util.concurrent.DefaultPromise.notifyListeners(DefaultPromise.java:506)
	at io.netty.util.concurrent.DefaultPromise.setValue0(DefaultPromise.java:650)
	at io.netty.util.concurrent.DefaultPromise.setFailure0(DefaultPromise.java:643)
	at io.netty.util.concurrent.DefaultPromise.tryFailure(DefaultPromise.java:132)
	at io.netty.resolver.dns.DnsQueryContext.finishFailure(DnsQueryContext.java:346)
	at io.netty.resolver.dns.DnsQueryContext$4.run(DnsQueryContext.java:281)
	at io.netty.util.concurrent.PromiseTask.runTask(PromiseTask.java:98)
	at io.netty.util.concurrent.ScheduledFutureTask.run(ScheduledFutureTask.java:160)
	at io.netty.util.concurrent.AbstractEventExecutor.runTask(AbstractEventExecutor.java:148)
	at io.netty.util.concurrent.AbstractEventExecutor.safeExecute$$$capture(AbstractEventExecutor.java:141)
	at io.netty.util.concurrent.AbstractEventExecutor.safeExecute(AbstractEventExecutor.java)
	at io.netty.util.concurrent.SingleThreadEventExecutor.runAllTasks(SingleThreadEventExecutor.java:535)
	at io.netty.channel.SingleThreadIoEventLoop.run(SingleThreadIoEventLoop.java:201)
	at io.netty.util.concurrent.SingleThreadEventExecutor$5.run(SingleThreadEventExecutor.java:1195)
	at io.netty.util.internal.ThreadExecutorMap$2.run(ThreadExecutorMap.java:74)
	at io.netty.util.concurrent.FastThreadLocalRunnable.run(FastThreadLocalRunnable.java:30)
	at java.base/java.lang.Thread.run(Thread.java:1583)
Caused by: io.netty.resolver.dns.DnsNameResolverTimeoutException: [6956: /10.246.32.204:53] DefaultDnsQuestion(measured-cowbird-128774.upstash.io. IN A) query '6956' via UDP timed out after 5000 milliseconds (no stack trace available)
2026-08-05 13:06:02 INFO  i.l.core.protocol.ConnectionWatchdog - Reconnecting, last destination was measured-cowbird-128774.upstash.io/<unresolved>:6379
2026-08-05 13:06:07 WARN  i.l.core.protocol.ConnectionWatchdog - Cannot reconnect to [measured-cowbird-128774.upstash.io/<unresolved>:6379]: Failed to resolve 'measured-cowbird-128774.upstash.io' [A(1)]
java.net.UnknownHostException: Failed to resolve 'measured-cowbird-128774.upstash.io' [A(1)]
	at io.netty.resolver.dns.DnsResolveContext.finishResolve(DnsResolveContext.java:1137)
	at io.netty.resolver.dns.DnsResolveContext.tryToFinishResolve(DnsResolveContext.java:1084)
	at io.netty.resolver.dns.DnsResolveContext.query(DnsResolveContext.java:443)
	at io.netty.resolver.dns.DnsResolveContext.access$700(DnsResolveContext.java:69)
	at io.netty.resolver.dns.DnsResolveContext$2.operationComplete(DnsResolveContext.java:512)
	at io.netty.util.concurrent.DefaultPromise.notifyListener0(DefaultPromise.java:604)
	at io.netty.util.concurrent.DefaultPromise.notifyListeners0(DefaultPromise.java:597)
	at io.netty.util.concurrent.DefaultPromise.notifyListenersNow(DefaultPromise.java:573)
	at io.netty.util.concurrent.DefaultPromise.notifyListeners(DefaultPromise.java:506)
	at io.netty.util.concurrent.DefaultPromise.setValue0(DefaultPromise.java:650)
	at io.netty.util.concurrent.DefaultPromise.setFailure0(DefaultPromise.java:643)
	at io.netty.util.concurrent.DefaultPromise.tryFailure(DefaultPromise.java:132)
	at io.netty.resolver.dns.DnsQueryContext.finishFailure(DnsQueryContext.java:346)
	at io.netty.resolver.dns.DnsQueryContext$4.run(DnsQueryContext.java:281)
	at io.netty.util.concurrent.PromiseTask.runTask(PromiseTask.java:98)
	at io.netty.util.concurrent.ScheduledFutureTask.run(ScheduledFutureTask.java:160)
	at io.netty.util.concurrent.AbstractEventExecutor.runTask(AbstractEventExecutor.java:148)
	at io.netty.util.concurrent.AbstractEventExecutor.safeExecute$$$capture(AbstractEventExecutor.java:141)
	at io.netty.util.concurrent.AbstractEventExecutor.safeExecute(AbstractEventExecutor.java)
	at io.netty.util.concurrent.SingleThreadEventExecutor.runAllTasks(SingleThreadEventExecutor.java:535)
	at io.netty.channel.SingleThreadIoEventLoop.run(SingleThreadIoEventLoop.java:201)
	at io.netty.util.concurrent.SingleThreadEventExecutor$5.run(SingleThreadEventExecutor.java:1195)
	at io.netty.util.internal.ThreadExecutorMap$2.run(ThreadExecutorMap.java:74)
	at io.netty.util.concurrent.FastThreadLocalRunnable.run(FastThreadLocalRunnable.java:30)
	at java.base/java.lang.Thread.run(Thread.java:1583)
Caused by: io.netty.resolver.dns.DnsNameResolverTimeoutException: [5915: /10.246.32.204:53] DefaultDnsQuestion(measured-cowbird-128774.upstash.io. IN A) query '5915' via UDP timed out after 5000 milliseconds (no stack trace available)
2026-08-05 13:06:37 INFO  i.l.core.protocol.ConnectionWatchdog - Reconnecting, last destination was measured-cowbird-128774.upstash.io/<unresolved>:6379
2026-08-05 13:06:42 WARN  i.l.core.protocol.ConnectionWatchdog - Cannot reconnect to [measured-cowbird-128774.upstash.io/<unresolved>:6379]: Failed to resolve 'measured-cowbird-128774.upstash.io' [A(1)]
java.net.UnknownHostException: Failed to resolve 'measured-cowbird-128774.upstash.io' [A(1)]
	at io.netty.resolver.dns.DnsResolveContext.finishResolve(DnsResolveContext.java:1137)
	at io.netty.resolver.dns.DnsResolveContext.tryToFinishResolve(DnsResolveContext.java:1084)
	at io.netty.resolver.dns.DnsResolveContext.query(DnsResolveContext.java:443)
	at io.netty.resolver.dns.DnsResolveContext.access$700(DnsResolveContext.java:69)
	at io.netty.resolver.dns.DnsResolveContext$2.operationComplete(DnsResolveContext.java:512)
	at io.netty.util.concurrent.DefaultPromise.notifyListener0(DefaultPromise.java:604)
	at io.netty.util.concurrent.DefaultPromise.notifyListeners0(DefaultPromise.java:597)
	at io.netty.util.concurrent.DefaultPromise.notifyListenersNow(DefaultPromise.java:573)
	at io.netty.util.concurrent.DefaultPromise.notifyListeners(DefaultPromise.java:506)
	at io.netty.util.concurrent.DefaultPromise.setValue0(DefaultPromise.java:650)
	at io.netty.util.concurrent.DefaultPromise.setFailure0(DefaultPromise.java:643)
	at io.netty.util.concurrent.DefaultPromise.tryFailure(DefaultPromise.java:132)
	at io.netty.resolver.dns.DnsQueryContext.finishFailure(DnsQueryContext.java:346)
	at io.netty.resolver.dns.DnsQueryContext$4.run(DnsQueryContext.java:281)
	at io.netty.util.concurrent.PromiseTask.runTask(PromiseTask.java:98)
	at io.netty.util.concurrent.ScheduledFutureTask.run(ScheduledFutureTask.java:160)
	at io.netty.util.concurrent.AbstractEventExecutor.runTask(AbstractEventExecutor.java:148)
	at io.netty.util.concurrent.AbstractEventExecutor.safeExecute$$$capture(AbstractEventExecutor.java:141)
	at io.netty.util.concurrent.AbstractEventExecutor.safeExecute(AbstractEventExecutor.java)
	at io.netty.util.concurrent.SingleThreadEventExecutor.runAllTasks(SingleThreadEventExecutor.java:535)
	at io.netty.channel.SingleThreadIoEventLoop.run(SingleThreadIoEventLoop.java:201)
	at io.netty.util.concurrent.SingleThreadEventExecutor$5.run(SingleThreadEventExecutor.java:1195)
	at io.netty.util.internal.ThreadExecutorMap$2.run(ThreadExecutorMap.java:74)
	at io.netty.util.concurrent.FastThreadLocalRunnable.run(FastThreadLocalRunnable.java:30)
	at java.base/java.lang.Thread.run(Thread.java:1583)
Caused by: io.netty.resolver.dns.DnsNameResolverTimeoutException: [11300: /10.246.32.204:53] DefaultDnsQuestion(measured-cowbird-128774.upstash.io. IN A) query '11300' via UDP timed out after 5000 milliseconds (no stack trace available)
2026-08-05 13:07:12 INFO  i.l.core.protocol.ConnectionWatchdog - Reconnecting, last destination was measured-cowbird-128774.upstash.io/<unresolved>:6379
2026-08-05 13:07:17 WARN  i.l.core.protocol.ConnectionWatchdog - Cannot reconnect to [measured-cowbird-128774.upstash.io/<unresolved>:6379]: Failed to resolve 'measured-cowbird-128774.upstash.io' [A(1)]
java.net.UnknownHostException: Failed to resolve 'measured-cowbird-128774.upstash.io' [A(1)]
	at io.netty.resolver.dns.DnsResolveContext.finishResolve(DnsResolveContext.java:1137)
	at io.netty.resolver.dns.DnsResolveContext.tryToFinishResolve(DnsResolveContext.java:1084)
	at io.netty.resolver.dns.DnsResolveContext.query(DnsResolveContext.java:443)
	at io.netty.resolver.dns.DnsResolveContext.access$700(DnsResolveContext.java:69)
	at io.netty.resolver.dns.DnsResolveContext$2.operationComplete(DnsResolveContext.java:512)
	at io.netty.util.concurrent.DefaultPromise.notifyListener0(DefaultPromise.java:604)
	at io.netty.util.concurrent.DefaultPromise.notifyListeners0(DefaultPromise.java:597)
	at io.netty.util.concurrent.DefaultPromise.notifyListenersNow(DefaultPromise.java:573)
	at io.netty.util.concurrent.DefaultPromise.notifyListeners(DefaultPromise.java:506)
	at io.netty.util.concurrent.DefaultPromise.setValue0(DefaultPromise.java:650)
	at io.netty.util.concurrent.DefaultPromise.setFailure0(DefaultPromise.java:643)
	at io.netty.util.concurrent.DefaultPromise.tryFailure(DefaultPromise.java:132)
	at io.netty.resolver.dns.DnsQueryContext.finishFailure(DnsQueryContext.java:346)
	at io.netty.resolver.dns.DnsQueryContext$4.run(DnsQueryContext.java:281)
	at io.netty.util.concurrent.PromiseTask.runTask(PromiseTask.java:98)
	at io.netty.util.concurrent.ScheduledFutureTask.run(ScheduledFutureTask.java:160)
	at io.netty.util.concurrent.AbstractEventExecutor.runTask(AbstractEventExecutor.java:148)
	at io.netty.util.concurrent.AbstractEventExecutor.safeExecute$$$capture(AbstractEventExecutor.java:141)
	at io.netty.util.concurrent.AbstractEventExecutor.safeExecute(AbstractEventExecutor.java)
	at io.netty.util.concurrent.SingleThreadEventExecutor.runAllTasks(SingleThreadEventExecutor.java:535)
	at io.netty.channel.SingleThreadIoEventLoop.run(SingleThreadIoEventLoop.java:201)
	at io.netty.util.concurrent.SingleThreadEventExecutor$5.run(SingleThreadEventExecutor.java:1195)
	at io.netty.util.internal.ThreadExecutorMap$2.run(ThreadExecutorMap.java:74)
	at io.netty.util.concurrent.FastThreadLocalRunnable.run(FastThreadLocalRunnable.java:30)
	at java.base/java.lang.Thread.run(Thread.java:1583)
Caused by: io.netty.resolver.dns.DnsNameResolverTimeoutException: [15778: /10.246.32.204:53] DefaultDnsQuestion(measured-cowbird-128774.upstash.io. IN A) query '15778' via UDP timed out after 5000 milliseconds (no stack trace available)
2026-08-05 13:07:47 INFO  i.l.core.protocol.ConnectionWatchdog - Reconnecting, last destination was measured-cowbird-128774.upstash.io/<unresolved>:6379
2026-08-05 13:07:52 WARN  i.l.core.protocol.ConnectionWatchdog - Cannot reconnect to [measured-cowbird-128774.upstash.io/<unresolved>:6379]: Failed to resolve 'measured-cowbird-128774.upstash.io' [A(1)]
java.net.UnknownHostException: Failed to resolve 'measured-cowbird-128774.upstash.io' [A(1)]
	at io.netty.resolver.dns.DnsResolveContext.finishResolve(DnsResolveContext.java:1137)
	at io.netty.resolver.dns.DnsResolveContext.tryToFinishResolve(DnsResolveContext.java:1084)
	at io.netty.resolver.dns.DnsResolveContext.query(DnsResolveContext.java:443)
	at io.netty.resolver.dns.DnsResolveContext.access$700(DnsResolveContext.java:69)
	at io.netty.resolver.dns.DnsResolveContext$2.operationComplete(DnsResolveContext.java:512)
	at io.netty.util.concurrent.DefaultPromise.notifyListener0(DefaultPromise.java:604)
	at io.netty.util.concurrent.DefaultPromise.notifyListeners0(DefaultPromise.java:597)
	at io.netty.util.concurrent.DefaultPromise.notifyListenersNow(DefaultPromise.java:573)
	at io.netty.util.concurrent.DefaultPromise.notifyListeners(DefaultPromise.java:506)
	at io.netty.util.concurrent.DefaultPromise.setValue0(DefaultPromise.java:650)
	at io.netty.util.concurrent.DefaultPromise.setFailure0(DefaultPromise.java:643)
	at io.netty.util.concurrent.DefaultPromise.tryFailure(DefaultPromise.java:132)
	at io.netty.resolver.dns.DnsQueryContext.finishFailure(DnsQueryContext.java:346)
	at io.netty.resolver.dns.DnsQueryContext$4.run(DnsQueryContext.java:281)
	at io.netty.util.concurrent.PromiseTask.runTask(PromiseTask.java:98)
	at io.netty.util.concurrent.ScheduledFutureTask.run(ScheduledFutureTask.java:160)
	at io.netty.util.concurrent.AbstractEventExecutor.runTask(AbstractEventExecutor.java:148)
	at io.netty.util.concurrent.AbstractEventExecutor.safeExecute$$$capture(AbstractEventExecutor.java:141)
	at io.netty.util.concurrent.AbstractEventExecutor.safeExecute(AbstractEventExecutor.java)
	at io.netty.util.concurrent.SingleThreadEventExecutor.runAllTasks(SingleThreadEventExecutor.java:535)
	at io.netty.channel.SingleThreadIoEventLoop.run(SingleThreadIoEventLoop.java:201)
	at io.netty.util.concurrent.SingleThreadEventExecutor$5.run(SingleThreadEventExecutor.java:1195)
	at io.netty.util.internal.ThreadExecutorMap$2.run(ThreadExecutorMap.java:74)
	at io.netty.util.concurrent.FastThreadLocalRunnable.run(FastThreadLocalRunnable.java:30)
	at java.base/java.lang.Thread.run(Thread.java:1583)
Caused by: io.netty.resolver.dns.DnsNameResolverTimeoutException: [10307: /10.246.32.204:53] DefaultDnsQuestion(measured-cowbird-128774.upstash.io. IN A) query '10307' via UDP timed out after 5000 milliseconds (no stack trace available)
2026-08-05 13:08:22 INFO  i.l.core.protocol.ConnectionWatchdog - Reconnecting, last destination was measured-cowbird-128774.upstash.io/<unresolved>:6379
2026-08-05 13:08:27 WARN  i.l.core.protocol.ConnectionWatchdog - Cannot reconnect to [measured-cowbird-128774.upstash.io/<unresolved>:6379]: Failed to resolve 'measured-cowbird-128774.upstash.io' [A(1)]
java.net.UnknownHostException: Failed to resolve 'measured-cowbird-128774.upstash.io' [A(1)]
	at io.netty.resolver.dns.DnsResolveContext.finishResolve(DnsResolveContext.java:1137)
	at io.netty.resolver.dns.DnsResolveContext.tryToFinishResolve(DnsResolveContext.java:1084)
	at io.netty.resolver.dns.DnsResolveContext.query(DnsResolveContext.java:443)
	at io.netty.resolver.dns.DnsResolveContext.access$700(DnsResolveContext.java:69)
	at io.netty.resolver.dns.DnsResolveContext$2.operationComplete(DnsResolveContext.java:512)
	at io.netty.util.concurrent.DefaultPromise.notifyListener0(DefaultPromise.java:604)
	at io.netty.util.concurrent.DefaultPromise.notifyListeners0(DefaultPromise.java:597)
	at io.netty.util.concurrent.DefaultPromise.notifyListenersNow(DefaultPromise.java:573)
	at io.netty.util.concurrent.DefaultPromise.notifyListeners(DefaultPromise.java:506)
	at io.netty.util.concurrent.DefaultPromise.setValue0(DefaultPromise.java:650)
	at io.netty.util.concurrent.DefaultPromise.setFailure0(DefaultPromise.java:643)
	at io.netty.util.concurrent.DefaultPromise.tryFailure(DefaultPromise.java:132)
	at io.netty.resolver.dns.DnsQueryContext.finishFailure(DnsQueryContext.java:346)
	at io.netty.resolver.dns.DnsQueryContext$4.run(DnsQueryContext.java:281)
	at io.netty.util.concurrent.PromiseTask.runTask(PromiseTask.java:98)
	at io.netty.util.concurrent.ScheduledFutureTask.run(ScheduledFutureTask.java:160)
	at io.netty.util.concurrent.AbstractEventExecutor.runTask(AbstractEventExecutor.java:148)
	at io.netty.util.concurrent.AbstractEventExecutor.safeExecute$$$capture(AbstractEventExecutor.java:141)
	at io.netty.util.concurrent.AbstractEventExecutor.safeExecute(AbstractEventExecutor.java)
	at io.netty.util.concurrent.SingleThreadEventExecutor.runAllTasks(SingleThreadEventExecutor.java:535)
	at io.netty.channel.SingleThreadIoEventLoop.run(SingleThreadIoEventLoop.java:201)
	at io.netty.util.concurrent.SingleThreadEventExecutor$5.run(SingleThreadEventExecutor.java:1195)
	at io.netty.util.internal.ThreadExecutorMap$2.run(ThreadExecutorMap.java:74)
	at io.netty.util.concurrent.FastThreadLocalRunnable.run(FastThreadLocalRunnable.java:30)
	at java.base/java.lang.Thread.run(Thread.java:1583)
Caused by: io.netty.resolver.dns.DnsNameResolverTimeoutException: [16273: /10.246.32.204:53] DefaultDnsQuestion(measured-cowbird-128774.upstash.io. IN A) query '16273' via UDP timed out after 5000 milliseconds (no stack trace available)
2026-08-05 13:08:57 INFO  i.l.core.protocol.ConnectionWatchdog - Reconnecting, last destination was measured-cowbird-128774.upstash.io/<unresolved>:6379
2026-08-05 13:09:02 WARN  i.l.core.protocol.ConnectionWatchdog - Cannot reconnect to [measured-cowbird-128774.upstash.io/<unresolved>:6379]: Failed to resolve 'measured-cowbird-128774.upstash.io' [A(1)]
java.net.UnknownHostException: Failed to resolve 'measured-cowbird-128774.upstash.io' [A(1)]
	at io.netty.resolver.dns.DnsResolveContext.finishResolve(DnsResolveContext.java:1137)
	at io.netty.resolver.dns.DnsResolveContext.tryToFinishResolve(DnsResolveContext.java:1084)
	at io.netty.resolver.dns.DnsResolveContext.query(DnsResolveContext.java:443)
	at io.netty.resolver.dns.DnsResolveContext.access$700(DnsResolveContext.java:69)
	at io.netty.resolver.dns.DnsResolveContext$2.operationComplete(DnsResolveContext.java:512)
	at io.netty.util.concurrent.DefaultPromise.notifyListener0(DefaultPromise.java:604)
	at io.netty.util.concurrent.DefaultPromise.notifyListeners0(DefaultPromise.java:597)
	at io.netty.util.concurrent.DefaultPromise.notifyListenersNow(DefaultPromise.java:573)
	at io.netty.util.concurrent.DefaultPromise.notifyListeners(DefaultPromise.java:506)
	at io.netty.util.concurrent.DefaultPromise.setValue0(DefaultPromise.java:650)
	at io.netty.util.concurrent.DefaultPromise.setFailure0(DefaultPromise.java:643)
	at io.netty.util.concurrent.DefaultPromise.tryFailure(DefaultPromise.java:132)
	at io.netty.resolver.dns.DnsQueryContext.finishFailure(DnsQueryContext.java:346)
	at io.netty.resolver.dns.DnsQueryContext$4.run(DnsQueryContext.java:281)
	at io.netty.util.concurrent.PromiseTask.runTask(PromiseTask.java:98)
	at io.netty.util.concurrent.ScheduledFutureTask.run(ScheduledFutureTask.java:160)
	at io.netty.util.concurrent.AbstractEventExecutor.runTask(AbstractEventExecutor.java:148)
	at io.netty.util.concurrent.AbstractEventExecutor.safeExecute$$$capture(AbstractEventExecutor.java:141)
	at io.netty.util.concurrent.AbstractEventExecutor.safeExecute(AbstractEventExecutor.java)
	at io.netty.util.concurrent.SingleThreadEventExecutor.runAllTasks(SingleThreadEventExecutor.java:535)
	at io.netty.channel.SingleThreadIoEventLoop.run(SingleThreadIoEventLoop.java:201)
	at io.netty.util.concurrent.SingleThreadEventExecutor$5.run(SingleThreadEventExecutor.java:1195)
	at io.netty.util.internal.ThreadExecutorMap$2.run(ThreadExecutorMap.java:74)
	at io.netty.util.concurrent.FastThreadLocalRunnable.run(FastThreadLocalRunnable.java:30)
	at java.base/java.lang.Thread.run(Thread.java:1583)
Caused by: io.netty.resolver.dns.DnsNameResolverTimeoutException: [8318: /10.246.32.204:53] DefaultDnsQuestion(measured-cowbird-128774.upstash.io. IN A) query '8318' via UDP timed out after 5000 milliseconds (no stack trace available)
2026-08-05 13:09:32 INFO  i.l.core.protocol.ConnectionWatchdog - Reconnecting, last destination was measured-cowbird-128774.upstash.io/<unresolved>:6379
2026-08-05 13:09:37 WARN  i.l.core.protocol.ConnectionWatchdog - Cannot reconnect to [measured-cowbird-128774.upstash.io/<unresolved>:6379]: Failed to resolve 'measured-cowbird-128774.upstash.io' [A(1)]
java.net.UnknownHostException: Failed to resolve 'measured-cowbird-128774.upstash.io' [A(1)]
	at io.netty.resolver.dns.DnsResolveContext.finishResolve(DnsResolveContext.java:1137)
	at io.netty.resolver.dns.DnsResolveContext.tryToFinishResolve(DnsResolveContext.java:1084)
	at io.netty.resolver.dns.DnsResolveContext.query(DnsResolveContext.java:443)
	at io.netty.resolver.dns.DnsResolveContext.access$700(DnsResolveContext.java:69)
	at io.netty.resolver.dns.DnsResolveContext$2.operationComplete(DnsResolveContext.java:512)
	at io.netty.util.concurrent.DefaultPromise.notifyListener0(DefaultPromise.java:604)
	at io.netty.util.concurrent.DefaultPromise.notifyListeners0(DefaultPromise.java:597)
	at io.netty.util.concurrent.DefaultPromise.notifyListenersNow(DefaultPromise.java:573)
	at io.netty.util.concurrent.DefaultPromise.notifyListeners(DefaultPromise.java:506)
	at io.netty.util.concurrent.DefaultPromise.setValue0(DefaultPromise.java:650)
	at io.netty.util.concurrent.DefaultPromise.setFailure0(DefaultPromise.java:643)
	at io.netty.util.concurrent.DefaultPromise.tryFailure(DefaultPromise.java:132)
	at io.netty.resolver.dns.DnsQueryContext.finishFailure(DnsQueryContext.java:346)
	at io.netty.resolver.dns.DnsQueryContext$4.run(DnsQueryContext.java:281)
	at io.netty.util.concurrent.PromiseTask.runTask(PromiseTask.java:98)
	at io.netty.util.concurrent.ScheduledFutureTask.run(ScheduledFutureTask.java:160)
	at io.netty.util.concurrent.AbstractEventExecutor.runTask(AbstractEventExecutor.java:148)
	at io.netty.util.concurrent.AbstractEventExecutor.safeExecute$$$capture(AbstractEventExecutor.java:141)
	at io.netty.util.concurrent.AbstractEventExecutor.safeExecute(AbstractEventExecutor.java)
	at io.netty.util.concurrent.SingleThreadEventExecutor.runAllTasks(SingleThreadEventExecutor.java:535)
	at io.netty.channel.SingleThreadIoEventLoop.run(SingleThreadIoEventLoop.java:201)
	at io.netty.util.concurrent.SingleThreadEventExecutor$5.run(SingleThreadEventExecutor.java:1195)
	at io.netty.util.internal.ThreadExecutorMap$2.run(ThreadExecutorMap.java:74)
	at io.netty.util.concurrent.FastThreadLocalRunnable.run(FastThreadLocalRunnable.java:30)
	at java.base/java.lang.Thread.run(Thread.java:1583)
Caused by: io.netty.resolver.dns.DnsNameResolverTimeoutException: [3958: /10.246.32.204:53] DefaultDnsQuestion(measured-cowbird-128774.upstash.io. IN A) query '3958' via UDP timed out after 5000 milliseconds (no stack trace available)
2026-08-05 13:10:07 INFO  i.l.core.protocol.ConnectionWatchdog - Reconnecting, last destination was measured-cowbird-128774.upstash.io/<unresolved>:6379
2026-08-05 13:10:12 WARN  i.l.core.protocol.ConnectionWatchdog - Cannot reconnect to [measured-cowbird-128774.upstash.io/<unresolved>:6379]: Failed to resolve 'measured-cowbird-128774.upstash.io' [A(1)]
java.net.UnknownHostException: Failed to resolve 'measured-cowbird-128774.upstash.io' [A(1)]
	at io.netty.resolver.dns.DnsResolveContext.finishResolve(DnsResolveContext.java:1137)
	at io.netty.resolver.dns.DnsResolveContext.tryToFinishResolve(DnsResolveContext.java:1084)
	at io.netty.resolver.dns.DnsResolveContext.query(DnsResolveContext.java:443)
	at io.netty.resolver.dns.DnsResolveContext.access$700(DnsResolveContext.java:69)
	at io.netty.resolver.dns.DnsResolveContext$2.operationComplete(DnsResolveContext.java:512)
	at io.netty.util.concurrent.DefaultPromise.notifyListener0(DefaultPromise.java:604)
	at io.netty.util.concurrent.DefaultPromise.notifyListeners0(DefaultPromise.java:597)
	at io.netty.util.concurrent.DefaultPromise.notifyListenersNow(DefaultPromise.java:573)
	at io.netty.util.concurrent.DefaultPromise.notifyListeners(DefaultPromise.java:506)
	at io.netty.util.concurrent.DefaultPromise.setValue0(DefaultPromise.java:650)
	at io.netty.util.concurrent.DefaultPromise.setFailure0(DefaultPromise.java:643)
	at io.netty.util.concurrent.DefaultPromise.tryFailure(DefaultPromise.java:132)
	at io.netty.resolver.dns.DnsQueryContext.finishFailure(DnsQueryContext.java:346)
	at io.netty.resolver.dns.DnsQueryContext$4.run(DnsQueryContext.java:281)
	at io.netty.util.concurrent.PromiseTask.runTask(PromiseTask.java:98)
	at io.netty.util.concurrent.ScheduledFutureTask.run(ScheduledFutureTask.java:160)
	at io.netty.util.concurrent.AbstractEventExecutor.runTask(AbstractEventExecutor.java:148)
	at io.netty.util.concurrent.AbstractEventExecutor.safeExecute$$$capture(AbstractEventExecutor.java:141)
	at io.netty.util.concurrent.AbstractEventExecutor.safeExecute(AbstractEventExecutor.java)
	at io.netty.util.concurrent.SingleThreadEventExecutor.runAllTasks(SingleThreadEventExecutor.java:535)
	at io.netty.channel.SingleThreadIoEventLoop.run(SingleThreadIoEventLoop.java:201)
	at io.netty.util.concurrent.SingleThreadEventExecutor$5.run(SingleThreadEventExecutor.java:1195)
	at io.netty.util.internal.ThreadExecutorMap$2.run(ThreadExecutorMap.java:74)
	at io.netty.util.concurrent.FastThreadLocalRunnable.run(FastThreadLocalRunnable.java:30)
	at java.base/java.lang.Thread.run(Thread.java:1583)
Caused by: io.netty.resolver.dns.DnsNameResolverTimeoutException: [14609: /10.246.32.204:53] DefaultDnsQuestion(measured-cowbird-128774.upstash.io. IN A) query '14609' via UDP timed out after 5000 milliseconds (no stack trace available)
2026-08-05 13:10:42 INFO  i.l.core.protocol.ConnectionWatchdog - Reconnecting, last destination was measured-cowbird-128774.upstash.io/<unresolved>:6379
2026-08-05 13:10:47 WARN  i.l.core.protocol.ConnectionWatchdog - Cannot reconnect to [measured-cowbird-128774.upstash.io/<unresolved>:6379]: Failed to resolve 'measured-cowbird-128774.upstash.io' [A(1)]
java.net.UnknownHostException: Failed to resolve 'measured-cowbird-128774.upstash.io' [A(1)]
	at io.netty.resolver.dns.DnsResolveContext.finishResolve(DnsResolveContext.java:1137)
	at io.netty.resolver.dns.DnsResolveContext.tryToFinishResolve(DnsResolveContext.java:1084)
	at io.netty.resolver.dns.DnsResolveContext.query(DnsResolveContext.java:443)
	at io.netty.resolver.dns.DnsResolveContext.access$700(DnsResolveContext.java:69)
	at io.netty.resolver.dns.DnsResolveContext$2.operationComplete(DnsResolveContext.java:512)
	at io.netty.util.concurrent.DefaultPromise.notifyListener0(DefaultPromise.java:604)
	at io.netty.util.concurrent.DefaultPromise.notifyListeners0(DefaultPromise.java:597)
	at io.netty.util.concurrent.DefaultPromise.notifyListenersNow(DefaultPromise.java:573)
	at io.netty.util.concurrent.DefaultPromise.notifyListeners(DefaultPromise.java:506)
	at io.netty.util.concurrent.DefaultPromise.setValue0(DefaultPromise.java:650)
	at io.netty.util.concurrent.DefaultPromise.setFailure0(DefaultPromise.java:643)
	at io.netty.util.concurrent.DefaultPromise.tryFailure(DefaultPromise.java:132)
	at io.netty.resolver.dns.DnsQueryContext.finishFailure(DnsQueryContext.java:346)
	at io.netty.resolver.dns.DnsQueryContext$4.run(DnsQueryContext.java:281)
	at io.netty.util.concurrent.PromiseTask.runTask(PromiseTask.java:98)
	at io.netty.util.concurrent.ScheduledFutureTask.run(ScheduledFutureTask.java:160)
	at io.netty.util.concurrent.AbstractEventExecutor.runTask(AbstractEventExecutor.java:148)
	at io.netty.util.concurrent.AbstractEventExecutor.safeExecute$$$capture(AbstractEventExecutor.java:141)
	at io.netty.util.concurrent.AbstractEventExecutor.safeExecute(AbstractEventExecutor.java)
	at io.netty.util.concurrent.SingleThreadEventExecutor.runAllTasks(SingleThreadEventExecutor.java:535)
	at io.netty.channel.SingleThreadIoEventLoop.run(SingleThreadIoEventLoop.java:201)
	at io.netty.util.concurrent.SingleThreadEventExecutor$5.run(SingleThreadEventExecutor.java:1195)
	at io.netty.util.internal.ThreadExecutorMap$2.run(ThreadExecutorMap.java:74)
	at io.netty.util.concurrent.FastThreadLocalRunnable.run(FastThreadLocalRunnable.java:30)
	at java.base/java.lang.Thread.run(Thread.java:1583)
Caused by: io.netty.resolver.dns.DnsNameResolverTimeoutException: [7925: /10.246.32.204:53] DefaultDnsQuestion(measured-cowbird-128774.upstash.io. IN A) query '7925' via UDP timed out after 5000 milliseconds (no stack trace available)
2026-08-05 13:11:18 INFO  i.l.core.protocol.ConnectionWatchdog - Reconnecting, last destination was measured-cowbird-128774.upstash.io/<unresolved>:6379
2026-08-05 13:11:23 WARN  i.l.core.protocol.ConnectionWatchdog - Cannot reconnect to [measured-cowbird-128774.upstash.io/<unresolved>:6379]: Failed to resolve 'measured-cowbird-128774.upstash.io' [A(1)]
java.net.UnknownHostException: Failed to resolve 'measured-cowbird-128774.upstash.io' [A(1)]
	at io.netty.resolver.dns.DnsResolveContext.finishResolve(DnsResolveContext.java:1137)
	at io.netty.resolver.dns.DnsResolveContext.tryToFinishResolve(DnsResolveContext.java:1084)
	at io.netty.resolver.dns.DnsResolveContext.query(DnsResolveContext.java:443)
	at io.netty.resolver.dns.DnsResolveContext.access$700(DnsResolveContext.java:69)
	at io.netty.resolver.dns.DnsResolveContext$2.operationComplete(DnsResolveContext.java:512)
	at io.netty.util.concurrent.DefaultPromise.notifyListener0(DefaultPromise.java:604)
	at io.netty.util.concurrent.DefaultPromise.notifyListeners0(DefaultPromise.java:597)
	at io.netty.util.concurrent.DefaultPromise.notifyListenersNow(DefaultPromise.java:573)
	at io.netty.util.concurrent.DefaultPromise.notifyListeners(DefaultPromise.java:506)
	at io.netty.util.concurrent.DefaultPromise.setValue0(DefaultPromise.java:650)
	at io.netty.util.concurrent.DefaultPromise.setFailure0(DefaultPromise.java:643)
	at io.netty.util.concurrent.DefaultPromise.tryFailure(DefaultPromise.java:132)
	at io.netty.resolver.dns.DnsQueryContext.finishFailure(DnsQueryContext.java:346)
	at io.netty.resolver.dns.DnsQueryContext$4.run(DnsQueryContext.java:281)
	at io.netty.util.concurrent.PromiseTask.runTask(PromiseTask.java:98)
	at io.netty.util.concurrent.ScheduledFutureTask.run(ScheduledFutureTask.java:160)
	at io.netty.util.concurrent.AbstractEventExecutor.runTask(AbstractEventExecutor.java:148)
	at io.netty.util.concurrent.AbstractEventExecutor.safeExecute$$$capture(AbstractEventExecutor.java:141)
	at io.netty.util.concurrent.AbstractEventExecutor.safeExecute(AbstractEventExecutor.java)
	at io.netty.util.concurrent.SingleThreadEventExecutor.runAllTasks(SingleThreadEventExecutor.java:535)
	at io.netty.channel.SingleThreadIoEventLoop.run(SingleThreadIoEventLoop.java:201)
	at io.netty.util.concurrent.SingleThreadEventExecutor$5.run(SingleThreadEventExecutor.java:1195)
	at io.netty.util.internal.ThreadExecutorMap$2.run(ThreadExecutorMap.java:74)
	at io.netty.util.concurrent.FastThreadLocalRunnable.run(FastThreadLocalRunnable.java:30)
	at java.base/java.lang.Thread.run(Thread.java:1583)
Caused by: io.netty.resolver.dns.DnsNameResolverTimeoutException: [13541: /10.246.32.204:53] DefaultDnsQuestion(measured-cowbird-128774.upstash.io. IN A) query '13541' via UDP timed out after 5000 milliseconds (no stack trace available)
2026-08-05 13:11:53 INFO  i.l.core.protocol.ConnectionWatchdog - Reconnecting, last destination was measured-cowbird-128774.upstash.io/<unresolved>:6379
2026-08-05 13:11:58 WARN  i.l.core.protocol.ConnectionWatchdog - Cannot reconnect to [measured-cowbird-128774.upstash.io/<unresolved>:6379]: Failed to resolve 'measured-cowbird-128774.upstash.io' [A(1)]
java.net.UnknownHostException: Failed to resolve 'measured-cowbird-128774.upstash.io' [A(1)]
	at io.netty.resolver.dns.DnsResolveContext.finishResolve(DnsResolveContext.java:1137)
	at io.netty.resolver.dns.DnsResolveContext.tryToFinishResolve(DnsResolveContext.java:1084)
	at io.netty.resolver.dns.DnsResolveContext.query(DnsResolveContext.java:443)
	at io.netty.resolver.dns.DnsResolveContext.access$700(DnsResolveContext.java:69)
	at io.netty.resolver.dns.DnsResolveContext$2.operationComplete(DnsResolveContext.java:512)
	at io.netty.util.concurrent.DefaultPromise.notifyListener0(DefaultPromise.java:604)
	at io.netty.util.concurrent.DefaultPromise.notifyListeners0(DefaultPromise.java:597)
	at io.netty.util.concurrent.DefaultPromise.notifyListenersNow(DefaultPromise.java:573)
	at io.netty.util.concurrent.DefaultPromise.notifyListeners(DefaultPromise.java:506)
	at io.netty.util.concurrent.DefaultPromise.setValue0(DefaultPromise.java:650)
	at io.netty.util.concurrent.DefaultPromise.setFailure0(DefaultPromise.java:643)
	at io.netty.util.concurrent.DefaultPromise.tryFailure(DefaultPromise.java:132)
	at io.netty.resolver.dns.DnsQueryContext.finishFailure(DnsQueryContext.java:346)
	at io.netty.resolver.dns.DnsQueryContext$4.run(DnsQueryContext.java:281)
	at io.netty.util.concurrent.PromiseTask.runTask(PromiseTask.java:98)
	at io.netty.util.concurrent.ScheduledFutureTask.run(ScheduledFutureTask.java:160)
	at io.netty.util.concurrent.AbstractEventExecutor.runTask(AbstractEventExecutor.java:148)
	at io.netty.util.concurrent.AbstractEventExecutor.safeExecute$$$capture(AbstractEventExecutor.java:141)
	at io.netty.util.concurrent.AbstractEventExecutor.safeExecute(AbstractEventExecutor.java)
	at io.netty.util.concurrent.SingleThreadEventExecutor.runAllTasks(SingleThreadEventExecutor.java:535)
	at io.netty.channel.SingleThreadIoEventLoop.run(SingleThreadIoEventLoop.java:201)
	at io.netty.util.concurrent.SingleThreadEventExecutor$5.run(SingleThreadEventExecutor.java:1195)
	at io.netty.util.internal.ThreadExecutorMap$2.run(ThreadExecutorMap.java:74)
	at io.netty.util.concurrent.FastThreadLocalRunnable.run(FastThreadLocalRunnable.java:30)
	at java.base/java.lang.Thread.run(Thread.java:1583)
Caused by: io.netty.resolver.dns.DnsNameResolverTimeoutException: [13161: /10.246.32.204:53] DefaultDnsQuestion(measured-cowbird-128774.upstash.io. IN A) query '13161' via UDP timed out after 5000 milliseconds (no stack trace available)
2026-08-05 13:12:28 INFO  i.l.core.protocol.ConnectionWatchdog - Reconnecting, last destination was measured-cowbird-128774.upstash.io/<unresolved>:6379
2026-08-05 13:12:33 WARN  i.l.core.protocol.ConnectionWatchdog - Cannot reconnect to [measured-cowbird-128774.upstash.io/<unresolved>:6379]: Failed to resolve 'measured-cowbird-128774.upstash.io' [A(1)]
java.net.UnknownHostException: Failed to resolve 'measured-cowbird-128774.upstash.io' [A(1)]
	at io.netty.resolver.dns.DnsResolveContext.finishResolve(DnsResolveContext.java:1137)
	at io.netty.resolver.dns.DnsResolveContext.tryToFinishResolve(DnsResolveContext.java:1084)
	at io.netty.resolver.dns.DnsResolveContext.query(DnsResolveContext.java:443)
	at io.netty.resolver.dns.DnsResolveContext.access$700(DnsResolveContext.java:69)
	at io.netty.resolver.dns.DnsResolveContext$2.operationComplete(DnsResolveContext.java:512)
	at io.netty.util.concurrent.DefaultPromise.notifyListener0(DefaultPromise.java:604)
	at io.netty.util.concurrent.DefaultPromise.notifyListeners0(DefaultPromise.java:597)
	at io.netty.util.concurrent.DefaultPromise.notifyListenersNow(DefaultPromise.java:573)
	at io.netty.util.concurrent.DefaultPromise.notifyListeners(DefaultPromise.java:506)
	at io.netty.util.concurrent.DefaultPromise.setValue0(DefaultPromise.java:650)
	at io.netty.util.concurrent.DefaultPromise.setFailure0(DefaultPromise.java:643)
	at io.netty.util.concurrent.DefaultPromise.tryFailure(DefaultPromise.java:132)
	at io.netty.resolver.dns.DnsQueryContext.finishFailure(DnsQueryContext.java:346)
	at io.netty.resolver.dns.DnsQueryContext$4.run(DnsQueryContext.java:281)
	at io.netty.util.concurrent.PromiseTask.runTask(PromiseTask.java:98)
	at io.netty.util.concurrent.ScheduledFutureTask.run(ScheduledFutureTask.java:160)
	at io.netty.util.concurrent.AbstractEventExecutor.runTask(AbstractEventExecutor.java:148)
	at io.netty.util.concurrent.AbstractEventExecutor.safeExecute$$$capture(AbstractEventExecutor.java:141)
	at io.netty.util.concurrent.AbstractEventExecutor.safeExecute(AbstractEventExecutor.java)
	at io.netty.util.concurrent.SingleThreadEventExecutor.runAllTasks(SingleThreadEventExecutor.java:535)
	at io.netty.channel.SingleThreadIoEventLoop.run(SingleThreadIoEventLoop.java:201)
	at io.netty.util.concurrent.SingleThreadEventExecutor$5.run(SingleThreadEventExecutor.java:1195)
	at io.netty.util.internal.ThreadExecutorMap$2.run(ThreadExecutorMap.java:74)
	at io.netty.util.concurrent.FastThreadLocalRunnable.run(FastThreadLocalRunnable.java:30)
	at java.base/java.lang.Thread.run(Thread.java:1583)
Caused by: io.netty.resolver.dns.DnsNameResolverTimeoutException: [14091: /10.246.32.204:53] DefaultDnsQuestion(measured-cowbird-128774.upstash.io. IN A) query '14091' via UDP timed out after 5000 milliseconds (no stack trace available)
2026-08-05 13:13:03 INFO  i.l.core.protocol.ConnectionWatchdog - Reconnecting, last destination was measured-cowbird-128774.upstash.io/<unresolved>:6379
2026-08-05 13:13:08 WARN  i.l.core.protocol.ConnectionWatchdog - Cannot reconnect to [measured-cowbird-128774.upstash.io/<unresolved>:6379]: Failed to resolve 'measured-cowbird-128774.upstash.io' [A(1)]
java.net.UnknownHostException: Failed to resolve 'measured-cowbird-128774.upstash.io' [A(1)]
	at io.netty.resolver.dns.DnsResolveContext.finishResolve(DnsResolveContext.java:1137)
	at io.netty.resolver.dns.DnsResolveContext.tryToFinishResolve(DnsResolveContext.java:1084)
	at io.netty.resolver.dns.DnsResolveContext.query(DnsResolveContext.java:443)
	at io.netty.resolver.dns.DnsResolveContext.access$700(DnsResolveContext.java:69)
	at io.netty.resolver.dns.DnsResolveContext$2.operationComplete(DnsResolveContext.java:512)
	at io.netty.util.concurrent.DefaultPromise.notifyListener0(DefaultPromise.java:604)
	at io.netty.util.concurrent.DefaultPromise.notifyListeners0(DefaultPromise.java:597)
	at io.netty.util.concurrent.DefaultPromise.notifyListenersNow(DefaultPromise.java:573)
	at io.netty.util.concurrent.DefaultPromise.notifyListeners(DefaultPromise.java:506)
	at io.netty.util.concurrent.DefaultPromise.setValue0(DefaultPromise.java:650)
	at io.netty.util.concurrent.DefaultPromise.setFailure0(DefaultPromise.java:643)
	at io.netty.util.concurrent.DefaultPromise.tryFailure(DefaultPromise.java:132)
	at io.netty.resolver.dns.DnsQueryContext.finishFailure(DnsQueryContext.java:346)
	at io.netty.resolver.dns.DnsQueryContext$4.run(DnsQueryContext.java:281)
	at io.netty.util.concurrent.PromiseTask.runTask(PromiseTask.java:98)
	at io.netty.util.concurrent.ScheduledFutureTask.run(ScheduledFutureTask.java:160)
	at io.netty.util.concurrent.AbstractEventExecutor.runTask(AbstractEventExecutor.java:148)
	at io.netty.util.concurrent.AbstractEventExecutor.safeExecute$$$capture(AbstractEventExecutor.java:141)
	at io.netty.util.concurrent.AbstractEventExecutor.safeExecute(AbstractEventExecutor.java)
	at io.netty.util.concurrent.SingleThreadEventExecutor.runAllTasks(SingleThreadEventExecutor.java:535)
	at io.netty.channel.SingleThreadIoEventLoop.run(SingleThreadIoEventLoop.java:201)
	at io.netty.util.concurrent.SingleThreadEventExecutor$5.run(SingleThreadEventExecutor.java:1195)
	at io.netty.util.internal.ThreadExecutorMap$2.run(ThreadExecutorMap.java:74)
	at io.netty.util.concurrent.FastThreadLocalRunnable.run(FastThreadLocalRunnable.java:30)
	at java.base/java.lang.Thread.run(Thread.java:1583)
Caused by: io.netty.resolver.dns.DnsNameResolverTimeoutException: [670: /10.246.32.204:53] DefaultDnsQuestion(measured-cowbird-128774.upstash.io. IN A) query '670' via UDP timed out after 5000 milliseconds (no stack trace available)
2026-08-05 13:13:38 INFO  i.l.core.protocol.ConnectionWatchdog - Reconnecting, last destination was measured-cowbird-128774.upstash.io/<unresolved>:6379
2026-08-05 13:13:43 WARN  i.l.core.protocol.ConnectionWatchdog - Cannot reconnect to [measured-cowbird-128774.upstash.io/<unresolved>:6379]: Failed to resolve 'measured-cowbird-128774.upstash.io' [A(1)]
java.net.UnknownHostException: Failed to resolve 'measured-cowbird-128774.upstash.io' [A(1)]
	at io.netty.resolver.dns.DnsResolveContext.finishResolve(DnsResolveContext.java:1137)
	at io.netty.resolver.dns.DnsResolveContext.tryToFinishResolve(DnsResolveContext.java:1084)
	at io.netty.resolver.dns.DnsResolveContext.query(DnsResolveContext.java:443)
	at io.netty.resolver.dns.DnsResolveContext.access$700(DnsResolveContext.java:69)
	at io.netty.resolver.dns.DnsResolveContext$2.operationComplete(DnsResolveContext.java:512)
	at io.netty.util.concurrent.DefaultPromise.notifyListener0(DefaultPromise.java:604)
	at io.netty.util.concurrent.DefaultPromise.notifyListeners0(DefaultPromise.java:597)
	at io.netty.util.concurrent.DefaultPromise.notifyListenersNow(DefaultPromise.java:573)
	at io.netty.util.concurrent.DefaultPromise.notifyListeners(DefaultPromise.java:506)
	at io.netty.util.concurrent.DefaultPromise.setValue0(DefaultPromise.java:650)
	at io.netty.util.concurrent.DefaultPromise.setFailure0(DefaultPromise.java:643)
	at io.netty.util.concurrent.DefaultPromise.tryFailure(DefaultPromise.java:132)
	at io.netty.resolver.dns.DnsQueryContext.finishFailure(DnsQueryContext.java:346)
	at io.netty.resolver.dns.DnsQueryContext$4.run(DnsQueryContext.java:281)
	at io.netty.util.concurrent.PromiseTask.runTask(PromiseTask.java:98)
	at io.netty.util.concurrent.ScheduledFutureTask.run(ScheduledFutureTask.java:160)
	at io.netty.util.concurrent.AbstractEventExecutor.runTask(AbstractEventExecutor.java:148)
	at io.netty.util.concurrent.AbstractEventExecutor.safeExecute$$$capture(AbstractEventExecutor.java:141)
	at io.netty.util.concurrent.AbstractEventExecutor.safeExecute(AbstractEventExecutor.java)
	at io.netty.util.concurrent.SingleThreadEventExecutor.runAllTasks(SingleThreadEventExecutor.java:535)
	at io.netty.channel.SingleThreadIoEventLoop.run(SingleThreadIoEventLoop.java:201)
	at io.netty.util.concurrent.SingleThreadEventExecutor$5.run(SingleThreadEventExecutor.java:1195)
	at io.netty.util.internal.ThreadExecutorMap$2.run(ThreadExecutorMap.java:74)
	at io.netty.util.concurrent.FastThreadLocalRunnable.run(FastThreadLocalRunnable.java:30)
	at java.base/java.lang.Thread.run(Thread.java:1583)
Caused by: io.netty.resolver.dns.DnsNameResolverTimeoutException: [2434: /10.246.32.204:53] DefaultDnsQuestion(measured-cowbird-128774.upstash.io. IN A) query '2434' via UDP timed out after 5000 milliseconds (no stack trace available)
2026-08-05 13:14:13 INFO  i.l.core.protocol.ConnectionWatchdog - Reconnecting, last destination was measured-cowbird-128774.upstash.io/<unresolved>:6379
2026-08-05 13:14:18 WARN  i.l.core.protocol.ConnectionWatchdog - Cannot reconnect to [measured-cowbird-128774.upstash.io/<unresolved>:6379]: Failed to resolve 'measured-cowbird-128774.upstash.io' [A(1)]
java.net.UnknownHostException: Failed to resolve 'measured-cowbird-128774.upstash.io' [A(1)]
	at io.netty.resolver.dns.DnsResolveContext.finishResolve(DnsResolveContext.java:1137)
	at io.netty.resolver.dns.DnsResolveContext.tryToFinishResolve(DnsResolveContext.java:1084)
	at io.netty.resolver.dns.DnsResolveContext.query(DnsResolveContext.java:443)
	at io.netty.resolver.dns.DnsResolveContext.access$700(DnsResolveContext.java:69)
	at io.netty.resolver.dns.DnsResolveContext$2.operationComplete(DnsResolveContext.java:512)
	at io.netty.util.concurrent.DefaultPromise.notifyListener0(DefaultPromise.java:604)
	at io.netty.util.concurrent.DefaultPromise.notifyListeners0(DefaultPromise.java:597)
	at io.netty.util.concurrent.DefaultPromise.notifyListenersNow(DefaultPromise.java:573)
	at io.netty.util.concurrent.DefaultPromise.notifyListeners(DefaultPromise.java:506)
	at io.netty.util.concurrent.DefaultPromise.setValue0(DefaultPromise.java:650)
	at io.netty.util.concurrent.DefaultPromise.setFailure0(DefaultPromise.java:643)
	at io.netty.util.concurrent.DefaultPromise.tryFailure(DefaultPromise.java:132)
	at io.netty.resolver.dns.DnsQueryContext.finishFailure(DnsQueryContext.java:346)
	at io.netty.resolver.dns.DnsQueryContext$4.run(DnsQueryContext.java:281)
	at io.netty.util.concurrent.PromiseTask.runTask(PromiseTask.java:98)
	at io.netty.util.concurrent.ScheduledFutureTask.run(ScheduledFutureTask.java:160)
	at io.netty.util.concurrent.AbstractEventExecutor.runTask(AbstractEventExecutor.java:148)
	at io.netty.util.concurrent.AbstractEventExecutor.safeExecute$$$capture(AbstractEventExecutor.java:141)
	at io.netty.util.concurrent.AbstractEventExecutor.safeExecute(AbstractEventExecutor.java)
	at io.netty.util.concurrent.SingleThreadEventExecutor.runAllTasks(SingleThreadEventExecutor.java:535)
	at io.netty.channel.SingleThreadIoEventLoop.run(SingleThreadIoEventLoop.java:201)
	at io.netty.util.concurrent.SingleThreadEventExecutor$5.run(SingleThreadEventExecutor.java:1195)
	at io.netty.util.internal.ThreadExecutorMap$2.run(ThreadExecutorMap.java:74)
	at io.netty.util.concurrent.FastThreadLocalRunnable.run(FastThreadLocalRunnable.java:30)
	at java.base/java.lang.Thread.run(Thread.java:1583)
Caused by: io.netty.resolver.dns.DnsNameResolverTimeoutException: [10630: /10.246.32.204:53] DefaultDnsQuestion(measured-cowbird-128774.upstash.io. IN A) query '10630' via UDP timed out after 5000 milliseconds (no stack trace available)
2026-08-05 13:14:48 INFO  i.l.core.protocol.ConnectionWatchdog - Reconnecting, last destination was measured-cowbird-128774.upstash.io/<unresolved>:6379
2026-08-05 13:14:53 WARN  i.l.core.protocol.ConnectionWatchdog - Cannot reconnect to [measured-cowbird-128774.upstash.io/<unresolved>:6379]: Failed to resolve 'measured-cowbird-128774.upstash.io' [A(1)]
java.net.UnknownHostException: Failed to resolve 'measured-cowbird-128774.upstash.io' [A(1)]
	at io.netty.resolver.dns.DnsResolveContext.finishResolve(DnsResolveContext.java:1137)
	at io.netty.resolver.dns.DnsResolveContext.tryToFinishResolve(DnsResolveContext.java:1084)
	at io.netty.resolver.dns.DnsResolveContext.query(DnsResolveContext.java:443)
	at io.netty.resolver.dns.DnsResolveContext.access$700(DnsResolveContext.java:69)
	at io.netty.resolver.dns.DnsResolveContext$2.operationComplete(DnsResolveContext.java:512)
	at io.netty.util.concurrent.DefaultPromise.notifyListener0(DefaultPromise.java:604)
	at io.netty.util.concurrent.DefaultPromise.notifyListeners0(DefaultPromise.java:597)
	at io.netty.util.concurrent.DefaultPromise.notifyListenersNow(DefaultPromise.java:573)
	at io.netty.util.concurrent.DefaultPromise.notifyListeners(DefaultPromise.java:506)
	at io.netty.util.concurrent.DefaultPromise.setValue0(DefaultPromise.java:650)
	at io.netty.util.concurrent.DefaultPromise.setFailure0(DefaultPromise.java:643)
	at io.netty.util.concurrent.DefaultPromise.tryFailure(DefaultPromise.java:132)
	at io.netty.resolver.dns.DnsQueryContext.finishFailure(DnsQueryContext.java:346)
	at io.netty.resolver.dns.DnsQueryContext$4.run(DnsQueryContext.java:281)
	at io.netty.util.concurrent.PromiseTask.runTask(PromiseTask.java:98)
	at io.netty.util.concurrent.ScheduledFutureTask.run(ScheduledFutureTask.java:160)
	at io.netty.util.concurrent.AbstractEventExecutor.runTask(AbstractEventExecutor.java:148)
	at io.netty.util.concurrent.AbstractEventExecutor.safeExecute$$$capture(AbstractEventExecutor.java:141)
	at io.netty.util.concurrent.AbstractEventExecutor.safeExecute(AbstractEventExecutor.java)
	at io.netty.util.concurrent.SingleThreadEventExecutor.runAllTasks(SingleThreadEventExecutor.java:535)
	at io.netty.channel.SingleThreadIoEventLoop.run(SingleThreadIoEventLoop.java:201)
	at io.netty.util.concurrent.SingleThreadEventExecutor$5.run(SingleThreadEventExecutor.java:1195)
	at io.netty.util.internal.ThreadExecutorMap$2.run(ThreadExecutorMap.java:74)
	at io.netty.util.concurrent.FastThreadLocalRunnable.run(FastThreadLocalRunnable.java:30)
	at java.base/java.lang.Thread.run(Thread.java:1583)
Caused by: io.netty.resolver.dns.DnsNameResolverTimeoutException: [5856: /10.246.32.204:53] DefaultDnsQuestion(measured-cowbird-128774.upstash.io. IN A) query '5856' via UDP timed out after 5000 milliseconds (no stack trace available)
2026-08-05 13:15:23 INFO  i.l.core.protocol.ConnectionWatchdog - Reconnecting, last destination was measured-cowbird-128774.upstash.io/<unresolved>:6379
2026-08-05 13:15:28 WARN  i.l.core.protocol.ConnectionWatchdog - Cannot reconnect to [measured-cowbird-128774.upstash.io/<unresolved>:6379]: Failed to resolve 'measured-cowbird-128774.upstash.io' [A(1)]
java.net.UnknownHostException: Failed to resolve 'measured-cowbird-128774.upstash.io' [A(1)]
	at io.netty.resolver.dns.DnsResolveContext.finishResolve(DnsResolveContext.java:1137)
	at io.netty.resolver.dns.DnsResolveContext.tryToFinishResolve(DnsResolveContext.java:1084)
	at io.netty.resolver.dns.DnsResolveContext.query(DnsResolveContext.java:443)
	at io.netty.resolver.dns.DnsResolveContext.access$700(DnsResolveContext.java:69)
	at io.netty.resolver.dns.DnsResolveContext$2.operationComplete(DnsResolveContext.java:512)
	at io.netty.util.concurrent.DefaultPromise.notifyListener0(DefaultPromise.java:604)
	at io.netty.util.concurrent.DefaultPromise.notifyListeners0(DefaultPromise.java:597)
	at io.netty.util.concurrent.DefaultPromise.notifyListenersNow(DefaultPromise.java:573)
	at io.netty.util.concurrent.DefaultPromise.notifyListeners(DefaultPromise.java:506)
	at io.netty.util.concurrent.DefaultPromise.setValue0(DefaultPromise.java:650)
	at io.netty.util.concurrent.DefaultPromise.setFailure0(DefaultPromise.java:643)
	at io.netty.util.concurrent.DefaultPromise.tryFailure(DefaultPromise.java:132)
	at io.netty.resolver.dns.DnsQueryContext.finishFailure(DnsQueryContext.java:346)
	at io.netty.resolver.dns.DnsQueryContext$4.run(DnsQueryContext.java:281)
	at io.netty.util.concurrent.PromiseTask.runTask(PromiseTask.java:98)
	at io.netty.util.concurrent.ScheduledFutureTask.run(ScheduledFutureTask.java:160)
	at io.netty.util.concurrent.AbstractEventExecutor.runTask(AbstractEventExecutor.java:148)
	at io.netty.util.concurrent.AbstractEventExecutor.safeExecute$$$capture(AbstractEventExecutor.java:141)
	at io.netty.util.concurrent.AbstractEventExecutor.safeExecute(AbstractEventExecutor.java)
	at io.netty.util.concurrent.SingleThreadEventExecutor.runAllTasks(SingleThreadEventExecutor.java:535)
	at io.netty.channel.SingleThreadIoEventLoop.run(SingleThreadIoEventLoop.java:201)
	at io.netty.util.concurrent.SingleThreadEventExecutor$5.run(SingleThreadEventExecutor.java:1195)
	at io.netty.util.internal.ThreadExecutorMap$2.run(ThreadExecutorMap.java:74)
	at io.netty.util.concurrent.FastThreadLocalRunnable.run(FastThreadLocalRunnable.java:30)
	at java.base/java.lang.Thread.run(Thread.java:1583)
Caused by: io.netty.resolver.dns.DnsNameResolverTimeoutException: [10689: /10.246.32.204:53] DefaultDnsQuestion(measured-cowbird-128774.upstash.io. IN A) query '10689' via UDP timed out after 5000 milliseconds (no stack trace available)
2026-08-05 13:15:58 INFO  i.l.core.protocol.ConnectionWatchdog - Reconnecting, last destination was measured-cowbird-128774.upstash.io/<unresolved>:6379
2026-08-05 13:16:03 WARN  i.l.core.protocol.ConnectionWatchdog - Cannot reconnect to [measured-cowbird-128774.upstash.io/<unresolved>:6379]: Failed to resolve 'measured-cowbird-128774.upstash.io' [A(1)]
java.net.UnknownHostException: Failed to resolve 'measured-cowbird-128774.upstash.io' [A(1)]
	at io.netty.resolver.dns.DnsResolveContext.finishResolve(DnsResolveContext.java:1137)
	at io.netty.resolver.dns.DnsResolveContext.tryToFinishResolve(DnsResolveContext.java:1084)
	at io.netty.resolver.dns.DnsResolveContext.query(DnsResolveContext.java:443)
	at io.netty.resolver.dns.DnsResolveContext.access$700(DnsResolveContext.java:69)
	at io.netty.resolver.dns.DnsResolveContext$2.operationComplete(DnsResolveContext.java:512)
	at io.netty.util.concurrent.DefaultPromise.notifyListener0(DefaultPromise.java:604)
	at io.netty.util.concurrent.DefaultPromise.notifyListeners0(DefaultPromise.java:597)
	at io.netty.util.concurrent.DefaultPromise.notifyListenersNow(DefaultPromise.java:573)
	at io.netty.util.concurrent.DefaultPromise.notifyListeners(DefaultPromise.java:506)
	at io.netty.util.concurrent.DefaultPromise.setValue0(DefaultPromise.java:650)
	at io.netty.util.concurrent.DefaultPromise.setFailure0(DefaultPromise.java:643)
	at io.netty.util.concurrent.DefaultPromise.tryFailure(DefaultPromise.java:132)
	at io.netty.resolver.dns.DnsQueryContext.finishFailure(DnsQueryContext.java:346)
	at io.netty.resolver.dns.DnsQueryContext$4.run(DnsQueryContext.java:281)
	at io.netty.util.concurrent.PromiseTask.runTask(PromiseTask.java:98)
	at io.netty.util.concurrent.ScheduledFutureTask.run(ScheduledFutureTask.java:160)
	at io.netty.util.concurrent.AbstractEventExecutor.runTask(AbstractEventExecutor.java:148)
	at io.netty.util.concurrent.AbstractEventExecutor.safeExecute$$$capture(AbstractEventExecutor.java:141)
	at io.netty.util.concurrent.AbstractEventExecutor.safeExecute(AbstractEventExecutor.java)
	at io.netty.util.concurrent.SingleThreadEventExecutor.runAllTasks(SingleThreadEventExecutor.java:535)
	at io.netty.channel.SingleThreadIoEventLoop.run(SingleThreadIoEventLoop.java:201)
	at io.netty.util.concurrent.SingleThreadEventExecutor$5.run(SingleThreadEventExecutor.java:1195)
	at io.netty.util.internal.ThreadExecutorMap$2.run(ThreadExecutorMap.java:74)
	at io.netty.util.concurrent.FastThreadLocalRunnable.run(FastThreadLocalRunnable.java:30)
	at java.base/java.lang.Thread.run(Thread.java:1583)
Caused by: io.netty.resolver.dns.DnsNameResolverTimeoutException: [3500: /10.246.32.204:53] DefaultDnsQuestion(measured-cowbird-128774.upstash.io. IN A) query '3500' via UDP timed out after 5000 milliseconds (no stack trace available)
2026-08-05 13:16:33 INFO  i.l.core.protocol.ConnectionWatchdog - Reconnecting, last destination was measured-cowbird-128774.upstash.io/<unresolved>:6379
2026-08-05 13:16:38 WARN  i.l.core.protocol.ConnectionWatchdog - Cannot reconnect to [measured-cowbird-128774.upstash.io/<unresolved>:6379]: Failed to resolve 'measured-cowbird-128774.upstash.io' [A(1)]
java.net.UnknownHostException: Failed to resolve 'measured-cowbird-128774.upstash.io' [A(1)]
	at io.netty.resolver.dns.DnsResolveContext.finishResolve(DnsResolveContext.java:1137)
	at io.netty.resolver.dns.DnsResolveContext.tryToFinishResolve(DnsResolveContext.java:1084)
	at io.netty.resolver.dns.DnsResolveContext.query(DnsResolveContext.java:443)
	at io.netty.resolver.dns.DnsResolveContext.access$700(DnsResolveContext.java:69)
	at io.netty.resolver.dns.DnsResolveContext$2.operationComplete(DnsResolveContext.java:512)
	at io.netty.util.concurrent.DefaultPromise.notifyListener0(DefaultPromise.java:604)
	at io.netty.util.concurrent.DefaultPromise.notifyListeners0(DefaultPromise.java:597)
	at io.netty.util.concurrent.DefaultPromise.notifyListenersNow(DefaultPromise.java:573)
	at io.netty.util.concurrent.DefaultPromise.notifyListeners(DefaultPromise.java:506)
	at io.netty.util.concurrent.DefaultPromise.setValue0(DefaultPromise.java:650)
	at io.netty.util.concurrent.DefaultPromise.setFailure0(DefaultPromise.java:643)
	at io.netty.util.concurrent.DefaultPromise.tryFailure(DefaultPromise.java:132)
	at io.netty.resolver.dns.DnsQueryContext.finishFailure(DnsQueryContext.java:346)
	at io.netty.resolver.dns.DnsQueryContext$4.run(DnsQueryContext.java:281)
	at io.netty.util.concurrent.PromiseTask.runTask(PromiseTask.java:98)
	at io.netty.util.concurrent.ScheduledFutureTask.run(ScheduledFutureTask.java:160)
	at io.netty.util.concurrent.AbstractEventExecutor.runTask(AbstractEventExecutor.java:148)
	at io.netty.util.concurrent.AbstractEventExecutor.safeExecute$$$capture(AbstractEventExecutor.java:141)
	at io.netty.util.concurrent.AbstractEventExecutor.safeExecute(AbstractEventExecutor.java)
	at io.netty.util.concurrent.SingleThreadEventExecutor.runAllTasks(SingleThreadEventExecutor.java:535)
	at io.netty.channel.SingleThreadIoEventLoop.run(SingleThreadIoEventLoop.java:201)
	at io.netty.util.concurrent.SingleThreadEventExecutor$5.run(SingleThreadEventExecutor.java:1195)
	at io.netty.util.internal.ThreadExecutorMap$2.run(ThreadExecutorMap.java:74)
	at io.netty.util.concurrent.FastThreadLocalRunnable.run(FastThreadLocalRunnable.java:30)
	at java.base/java.lang.Thread.run(Thread.java:1583)
Caused by: io.netty.resolver.dns.DnsNameResolverTimeoutException: [15978: /10.246.32.204:53] DefaultDnsQuestion(measured-cowbird-128774.upstash.io. IN A) query '15978' via UDP timed out after 5000 milliseconds (no stack trace available)
2026-08-05 13:17:09 INFO  i.l.core.protocol.ConnectionWatchdog - Reconnecting, last destination was measured-cowbird-128774.upstash.io/<unresolved>:6379
2026-08-05 13:17:14 WARN  i.l.core.protocol.ConnectionWatchdog - Cannot reconnect to [measured-cowbird-128774.upstash.io/<unresolved>:6379]: Failed to resolve 'measured-cowbird-128774.upstash.io' [A(1)]
java.net.UnknownHostException: Failed to resolve 'measured-cowbird-128774.upstash.io' [A(1)]
	at io.netty.resolver.dns.DnsResolveContext.finishResolve(DnsResolveContext.java:1137)
	at io.netty.resolver.dns.DnsResolveContext.tryToFinishResolve(DnsResolveContext.java:1084)
	at io.netty.resolver.dns.DnsResolveContext.query(DnsResolveContext.java:443)
	at io.netty.resolver.dns.DnsResolveContext.access$700(DnsResolveContext.java:69)
	at io.netty.resolver.dns.DnsResolveContext$2.operationComplete(DnsResolveContext.java:512)
	at io.netty.util.concurrent.DefaultPromise.notifyListener0(DefaultPromise.java:604)
	at io.netty.util.concurrent.DefaultPromise.notifyListeners0(DefaultPromise.java:597)
	at io.netty.util.concurrent.DefaultPromise.notifyListenersNow(DefaultPromise.java:573)
	at io.netty.util.concurrent.DefaultPromise.notifyListeners(DefaultPromise.java:506)
	at io.netty.util.concurrent.DefaultPromise.setValue0(DefaultPromise.java:650)
	at io.netty.util.concurrent.DefaultPromise.setFailure0(DefaultPromise.java:643)
	at io.netty.util.concurrent.DefaultPromise.tryFailure(DefaultPromise.java:132)
	at io.netty.resolver.dns.DnsQueryContext.finishFailure(DnsQueryContext.java:346)
	at io.netty.resolver.dns.DnsQueryContext$4.run(DnsQueryContext.java:281)
	at io.netty.util.concurrent.PromiseTask.runTask(PromiseTask.java:98)
	at io.netty.util.concurrent.ScheduledFutureTask.run(ScheduledFutureTask.java:160)
	at io.netty.util.concurrent.AbstractEventExecutor.runTask(AbstractEventExecutor.java:148)
	at io.netty.util.concurrent.AbstractEventExecutor.safeExecute$$$capture(AbstractEventExecutor.java:141)
	at io.netty.util.concurrent.AbstractEventExecutor.safeExecute(AbstractEventExecutor.java)
	at io.netty.util.concurrent.SingleThreadEventExecutor.runAllTasks(SingleThreadEventExecutor.java:535)
	at io.netty.channel.SingleThreadIoEventLoop.run(SingleThreadIoEventLoop.java:201)
	at io.netty.util.concurrent.SingleThreadEventExecutor$5.run(SingleThreadEventExecutor.java:1195)
	at io.netty.util.internal.ThreadExecutorMap$2.run(ThreadExecutorMap.java:74)
	at io.netty.util.concurrent.FastThreadLocalRunnable.run(FastThreadLocalRunnable.java:30)
	at java.base/java.lang.Thread.run(Thread.java:1583)
Caused by: io.netty.resolver.dns.DnsNameResolverTimeoutException: [5437: /10.246.32.204:53] DefaultDnsQuestion(measured-cowbird-128774.upstash.io. IN A) query '5437' via UDP timed out after 5000 milliseconds (no stack trace available)
2026-08-05 13:17:44 INFO  i.l.core.protocol.ConnectionWatchdog - Reconnecting, last destination was measured-cowbird-128774.upstash.io/<unresolved>:6379
2026-08-05 13:17:49 WARN  i.l.core.protocol.ConnectionWatchdog - Cannot reconnect to [measured-cowbird-128774.upstash.io/<unresolved>:6379]: Failed to resolve 'measured-cowbird-128774.upstash.io' [A(1)]
java.net.UnknownHostException: Failed to resolve 'measured-cowbird-128774.upstash.io' [A(1)]
	at io.netty.resolver.dns.DnsResolveContext.finishResolve(DnsResolveContext.java:1137)
	at io.netty.resolver.dns.DnsResolveContext.tryToFinishResolve(DnsResolveContext.java:1084)
	at io.netty.resolver.dns.DnsResolveContext.query(DnsResolveContext.java:443)
	at io.netty.resolver.dns.DnsResolveContext.access$700(DnsResolveContext.java:69)
	at io.netty.resolver.dns.DnsResolveContext$2.operationComplete(DnsResolveContext.java:512)
	at io.netty.util.concurrent.DefaultPromise.notifyListener0(DefaultPromise.java:604)
	at io.netty.util.concurrent.DefaultPromise.notifyListeners0(DefaultPromise.java:597)
	at io.netty.util.concurrent.DefaultPromise.notifyListenersNow(DefaultPromise.java:573)
	at io.netty.util.concurrent.DefaultPromise.notifyListeners(DefaultPromise.java:506)
	at io.netty.util.concurrent.DefaultPromise.setValue0(DefaultPromise.java:650)
	at io.netty.util.concurrent.DefaultPromise.setFailure0(DefaultPromise.java:643)
	at io.netty.util.concurrent.DefaultPromise.tryFailure(DefaultPromise.java:132)
	at io.netty.resolver.dns.DnsQueryContext.finishFailure(DnsQueryContext.java:346)
	at io.netty.resolver.dns.DnsQueryContext$4.run(DnsQueryContext.java:281)
	at io.netty.util.concurrent.PromiseTask.runTask(PromiseTask.java:98)
	at io.netty.util.concurrent.ScheduledFutureTask.run(ScheduledFutureTask.java:160)
	at io.netty.util.concurrent.AbstractEventExecutor.runTask(AbstractEventExecutor.java:148)
	at io.netty.util.concurrent.AbstractEventExecutor.safeExecute$$$capture(AbstractEventExecutor.java:141)
	at io.netty.util.concurrent.AbstractEventExecutor.safeExecute(AbstractEventExecutor.java)
	at io.netty.util.concurrent.SingleThreadEventExecutor.runAllTasks(SingleThreadEventExecutor.java:535)
	at io.netty.channel.SingleThreadIoEventLoop.run(SingleThreadIoEventLoop.java:201)
	at io.netty.util.concurrent.SingleThreadEventExecutor$5.run(SingleThreadEventExecutor.java:1195)
	at io.netty.util.internal.ThreadExecutorMap$2.run(ThreadExecutorMap.java:74)
	at io.netty.util.concurrent.FastThreadLocalRunnable.run(FastThreadLocalRunnable.java:30)
	at java.base/java.lang.Thread.run(Thread.java:1583)
Caused by: io.netty.resolver.dns.DnsNameResolverTimeoutException: [15239: /10.246.32.204:53] DefaultDnsQuestion(measured-cowbird-128774.upstash.io. IN A) query '15239' via UDP timed out after 5000 milliseconds (no stack trace available)
2026-08-05 13:18:19 INFO  i.l.core.protocol.ConnectionWatchdog - Reconnecting, last destination was measured-cowbird-128774.upstash.io/<unresolved>:6379
2026-08-05 13:18:24 WARN  i.l.core.protocol.ConnectionWatchdog - Cannot reconnect to [measured-cowbird-128774.upstash.io/<unresolved>:6379]: Failed to resolve 'measured-cowbird-128774.upstash.io' [A(1)]
java.net.UnknownHostException: Failed to resolve 'measured-cowbird-128774.upstash.io' [A(1)]
	at io.netty.resolver.dns.DnsResolveContext.finishResolve(DnsResolveContext.java:1137)
	at io.netty.resolver.dns.DnsResolveContext.tryToFinishResolve(DnsResolveContext.java:1084)
	at io.netty.resolver.dns.DnsResolveContext.query(DnsResolveContext.java:443)
	at io.netty.resolver.dns.DnsResolveContext.access$700(DnsResolveContext.java:69)
	at io.netty.resolver.dns.DnsResolveContext$2.operationComplete(DnsResolveContext.java:512)
	at io.netty.util.concurrent.DefaultPromise.notifyListener0(DefaultPromise.java:604)
	at io.netty.util.concurrent.DefaultPromise.notifyListeners0(DefaultPromise.java:597)
	at io.netty.util.concurrent.DefaultPromise.notifyListenersNow(DefaultPromise.java:573)
	at io.netty.util.concurrent.DefaultPromise.notifyListeners(DefaultPromise.java:506)
	at io.netty.util.concurrent.DefaultPromise.setValue0(DefaultPromise.java:650)
	at io.netty.util.concurrent.DefaultPromise.setFailure0(DefaultPromise.java:643)
	at io.netty.util.concurrent.DefaultPromise.tryFailure(DefaultPromise.java:132)
	at io.netty.resolver.dns.DnsQueryContext.finishFailure(DnsQueryContext.java:346)
	at io.netty.resolver.dns.DnsQueryContext$4.run(DnsQueryContext.java:281)
	at io.netty.util.concurrent.PromiseTask.runTask(PromiseTask.java:98)
	at io.netty.util.concurrent.ScheduledFutureTask.run(ScheduledFutureTask.java:160)
	at io.netty.util.concurrent.AbstractEventExecutor.runTask(AbstractEventExecutor.java:148)
	at io.netty.util.concurrent.AbstractEventExecutor.safeExecute$$$capture(AbstractEventExecutor.java:141)
	at io.netty.util.concurrent.AbstractEventExecutor.safeExecute(AbstractEventExecutor.java)
	at io.netty.util.concurrent.SingleThreadEventExecutor.runAllTasks(SingleThreadEventExecutor.java:535)
	at io.netty.channel.SingleThreadIoEventLoop.run(SingleThreadIoEventLoop.java:201)
	at io.netty.util.concurrent.SingleThreadEventExecutor$5.run(SingleThreadEventExecutor.java:1195)
	at io.netty.util.internal.ThreadExecutorMap$2.run(ThreadExecutorMap.java:74)
	at io.netty.util.concurrent.FastThreadLocalRunnable.run(FastThreadLocalRunnable.java:30)
	at java.base/java.lang.Thread.run(Thread.java:1583)
Caused by: io.netty.resolver.dns.DnsNameResolverTimeoutException: [12717: /10.246.32.204:53] DefaultDnsQuestion(measured-cowbird-128774.upstash.io. IN A) query '12717' via UDP timed out after 5000 milliseconds (no stack trace available)
2026-08-05 13:18:54 INFO  i.l.core.protocol.ConnectionWatchdog - Reconnecting, last destination was measured-cowbird-128774.upstash.io/<unresolved>:6379
2026-08-05 13:18:59 WARN  i.l.core.protocol.ConnectionWatchdog - Cannot reconnect to [measured-cowbird-128774.upstash.io/<unresolved>:6379]: Failed to resolve 'measured-cowbird-128774.upstash.io' [A(1)]
java.net.UnknownHostException: Failed to resolve 'measured-cowbird-128774.upstash.io' [A(1)]
	at io.netty.resolver.dns.DnsResolveContext.finishResolve(DnsResolveContext.java:1137)
	at io.netty.resolver.dns.DnsResolveContext.tryToFinishResolve(DnsResolveContext.java:1084)
	at io.netty.resolver.dns.DnsResolveContext.query(DnsResolveContext.java:443)
	at io.netty.resolver.dns.DnsResolveContext.access$700(DnsResolveContext.java:69)
	at io.netty.resolver.dns.DnsResolveContext$2.operationComplete(DnsResolveContext.java:512)
	at io.netty.util.concurrent.DefaultPromise.notifyListener0(DefaultPromise.java:604)
	at io.netty.util.concurrent.DefaultPromise.notifyListeners0(DefaultPromise.java:597)
	at io.netty.util.concurrent.DefaultPromise.notifyListenersNow(DefaultPromise.java:573)
	at io.netty.util.concurrent.DefaultPromise.notifyListeners(DefaultPromise.java:506)
	at io.netty.util.concurrent.DefaultPromise.setValue0(DefaultPromise.java:650)
	at io.netty.util.concurrent.DefaultPromise.setFailure0(DefaultPromise.java:643)
	at io.netty.util.concurrent.DefaultPromise.tryFailure(DefaultPromise.java:132)
	at io.netty.resolver.dns.DnsQueryContext.finishFailure(DnsQueryContext.java:346)
	at io.netty.resolver.dns.DnsQueryContext$4.run(DnsQueryContext.java:281)
	at io.netty.util.concurrent.PromiseTask.runTask(PromiseTask.java:98)
	at io.netty.util.concurrent.ScheduledFutureTask.run(ScheduledFutureTask.java:160)
	at io.netty.util.concurrent.AbstractEventExecutor.runTask(AbstractEventExecutor.java:148)
	at io.netty.util.concurrent.AbstractEventExecutor.safeExecute$$$capture(AbstractEventExecutor.java:141)
	at io.netty.util.concurrent.AbstractEventExecutor.safeExecute(AbstractEventExecutor.java)
	at io.netty.util.concurrent.SingleThreadEventExecutor.runAllTasks(SingleThreadEventExecutor.java:535)
	at io.netty.channel.SingleThreadIoEventLoop.run(SingleThreadIoEventLoop.java:201)
	at io.netty.util.concurrent.SingleThreadEventExecutor$5.run(SingleThreadEventExecutor.java:1195)
	at io.netty.util.internal.ThreadExecutorMap$2.run(ThreadExecutorMap.java:74)
	at io.netty.util.concurrent.FastThreadLocalRunnable.run(FastThreadLocalRunnable.java:30)
	at java.base/java.lang.Thread.run(Thread.java:1583)
Caused by: io.netty.resolver.dns.DnsNameResolverTimeoutException: [10833: /10.246.32.204:53] DefaultDnsQuestion(measured-cowbird-128774.upstash.io. IN A) query '10833' via UDP timed out after 5000 milliseconds (no stack trace available)
2026-08-05 13:19:29 INFO  i.l.core.protocol.ConnectionWatchdog - Reconnecting, last destination was measured-cowbird-128774.upstash.io/<unresolved>:6379
2026-08-05 13:19:34 WARN  i.l.core.protocol.ConnectionWatchdog - Cannot reconnect to [measured-cowbird-128774.upstash.io/<unresolved>:6379]: Failed to resolve 'measured-cowbird-128774.upstash.io' [A(1)]
java.net.UnknownHostException: Failed to resolve 'measured-cowbird-128774.upstash.io' [A(1)]
	at io.netty.resolver.dns.DnsResolveContext.finishResolve(DnsResolveContext.java:1137)
	at io.netty.resolver.dns.DnsResolveContext.tryToFinishResolve(DnsResolveContext.java:1084)
	at io.netty.resolver.dns.DnsResolveContext.query(DnsResolveContext.java:443)
	at io.netty.resolver.dns.DnsResolveContext.access$700(DnsResolveContext.java:69)
	at io.netty.resolver.dns.DnsResolveContext$2.operationComplete(DnsResolveContext.java:512)
	at io.netty.util.concurrent.DefaultPromise.notifyListener0(DefaultPromise.java:604)
	at io.netty.util.concurrent.DefaultPromise.notifyListeners0(DefaultPromise.java:597)
	at io.netty.util.concurrent.DefaultPromise.notifyListenersNow(DefaultPromise.java:573)
	at io.netty.util.concurrent.DefaultPromise.notifyListeners(DefaultPromise.java:506)
	at io.netty.util.concurrent.DefaultPromise.setValue0(DefaultPromise.java:650)
	at io.netty.util.concurrent.DefaultPromise.setFailure0(DefaultPromise.java:643)
	at io.netty.util.concurrent.DefaultPromise.tryFailure(DefaultPromise.java:132)
	at io.netty.resolver.dns.DnsQueryContext.finishFailure(DnsQueryContext.java:346)
	at io.netty.resolver.dns.DnsQueryContext$4.run(DnsQueryContext.java:281)
	at io.netty.util.concurrent.PromiseTask.runTask(PromiseTask.java:98)
	at io.netty.util.concurrent.ScheduledFutureTask.run(ScheduledFutureTask.java:160)
	at io.netty.util.concurrent.AbstractEventExecutor.runTask(AbstractEventExecutor.java:148)
	at io.netty.util.concurrent.AbstractEventExecutor.safeExecute$$$capture(AbstractEventExecutor.java:141)
	at io.netty.util.concurrent.AbstractEventExecutor.safeExecute(AbstractEventExecutor.java)
	at io.netty.util.concurrent.SingleThreadEventExecutor.runAllTasks(SingleThreadEventExecutor.java:535)
	at io.netty.channel.SingleThreadIoEventLoop.run(SingleThreadIoEventLoop.java:201)
	at io.netty.util.concurrent.SingleThreadEventExecutor$5.run(SingleThreadEventExecutor.java:1195)
	at io.netty.util.internal.ThreadExecutorMap$2.run(ThreadExecutorMap.java:74)
	at io.netty.util.concurrent.FastThreadLocalRunnable.run(FastThreadLocalRunnable.java:30)
	at java.base/java.lang.Thread.run(Thread.java:1583)
Caused by: io.netty.resolver.dns.DnsNameResolverTimeoutException: [12563: /10.246.32.204:53] DefaultDnsQuestion(measured-cowbird-128774.upstash.io. IN A) query '12563' via UDP timed out after 5000 milliseconds (no stack trace available)
2026-08-05 13:20:04 INFO  i.l.core.protocol.ConnectionWatchdog - Reconnecting, last destination was measured-cowbird-128774.upstash.io/<unresolved>:6379
2026-08-05 13:20:09 WARN  i.l.core.protocol.ConnectionWatchdog - Cannot reconnect to [measured-cowbird-128774.upstash.io/<unresolved>:6379]: Failed to resolve 'measured-cowbird-128774.upstash.io' [A(1)]
java.net.UnknownHostException: Failed to resolve 'measured-cowbird-128774.upstash.io' [A(1)]
	at io.netty.resolver.dns.DnsResolveContext.finishResolve(DnsResolveContext.java:1137)
	at io.netty.resolver.dns.DnsResolveContext.tryToFinishResolve(DnsResolveContext.java:1084)
	at io.netty.resolver.dns.DnsResolveContext.query(DnsResolveContext.java:443)
	at io.netty.resolver.dns.DnsResolveContext.access$700(DnsResolveContext.java:69)
	at io.netty.resolver.dns.DnsResolveContext$2.operationComplete(DnsResolveContext.java:512)
	at io.netty.util.concurrent.DefaultPromise.notifyListener0(DefaultPromise.java:604)
	at io.netty.util.concurrent.DefaultPromise.notifyListeners0(DefaultPromise.java:597)
	at io.netty.util.concurrent.DefaultPromise.notifyListenersNow(DefaultPromise.java:573)
	at io.netty.util.concurrent.DefaultPromise.notifyListeners(DefaultPromise.java:506)
	at io.netty.util.concurrent.DefaultPromise.setValue0(DefaultPromise.java:650)
	at io.netty.util.concurrent.DefaultPromise.setFailure0(DefaultPromise.java:643)
	at io.netty.util.concurrent.DefaultPromise.tryFailure(DefaultPromise.java:132)
	at io.netty.resolver.dns.DnsQueryContext.finishFailure(DnsQueryContext.java:346)
	at io.netty.resolver.dns.DnsQueryContext$4.run(DnsQueryContext.java:281)
	at io.netty.util.concurrent.PromiseTask.runTask(PromiseTask.java:98)
	at io.netty.util.concurrent.ScheduledFutureTask.run(ScheduledFutureTask.java:160)
	at io.netty.util.concurrent.AbstractEventExecutor.runTask(AbstractEventExecutor.java:148)
	at io.netty.util.concurrent.AbstractEventExecutor.safeExecute$$$capture(AbstractEventExecutor.java:141)
	at io.netty.util.concurrent.AbstractEventExecutor.safeExecute(AbstractEventExecutor.java)
	at io.netty.util.concurrent.SingleThreadEventExecutor.runAllTasks(SingleThreadEventExecutor.java:535)
	at io.netty.channel.SingleThreadIoEventLoop.run(SingleThreadIoEventLoop.java:201)
	at io.netty.util.concurrent.SingleThreadEventExecutor$5.run(SingleThreadEventExecutor.java:1195)
	at io.netty.util.internal.ThreadExecutorMap$2.run(ThreadExecutorMap.java:74)
	at io.netty.util.concurrent.FastThreadLocalRunnable.run(FastThreadLocalRunnable.java:30)
	at java.base/java.lang.Thread.run(Thread.java:1583)
Caused by: io.netty.resolver.dns.DnsNameResolverTimeoutException: [14494: /10.246.32.204:53] DefaultDnsQuestion(measured-cowbird-128774.upstash.io. IN A) query '14494' via UDP timed out after 5000 milliseconds (no stack trace available)
2026-08-05 13:20:39 INFO  i.l.core.protocol.ConnectionWatchdog - Reconnecting, last destination was measured-cowbird-128774.upstash.io/<unresolved>:6379
2026-08-05 13:20:44 WARN  i.l.core.protocol.ConnectionWatchdog - Cannot reconnect to [measured-cowbird-128774.upstash.io/<unresolved>:6379]: Failed to resolve 'measured-cowbird-128774.upstash.io' [A(1)]
java.net.UnknownHostException: Failed to resolve 'measured-cowbird-128774.upstash.io' [A(1)]
	at io.netty.resolver.dns.DnsResolveContext.finishResolve(DnsResolveContext.java:1137)
	at io.netty.resolver.dns.DnsResolveContext.tryToFinishResolve(DnsResolveContext.java:1084)
	at io.netty.resolver.dns.DnsResolveContext.query(DnsResolveContext.java:443)
	at io.netty.resolver.dns.DnsResolveContext.access$700(DnsResolveContext.java:69)
	at io.netty.resolver.dns.DnsResolveContext$2.operationComplete(DnsResolveContext.java:512)
	at io.netty.util.concurrent.DefaultPromise.notifyListener0(DefaultPromise.java:604)
	at io.netty.util.concurrent.DefaultPromise.notifyListeners0(DefaultPromise.java:597)
	at io.netty.util.concurrent.DefaultPromise.notifyListenersNow(DefaultPromise.java:573)
	at io.netty.util.concurrent.DefaultPromise.notifyListeners(DefaultPromise.java:506)
	at io.netty.util.concurrent.DefaultPromise.setValue0(DefaultPromise.java:650)
	at io.netty.util.concurrent.DefaultPromise.setFailure0(DefaultPromise.java:643)
	at io.netty.util.concurrent.DefaultPromise.tryFailure(DefaultPromise.java:132)
	at io.netty.resolver.dns.DnsQueryContext.finishFailure(DnsQueryContext.java:346)
	at io.netty.resolver.dns.DnsQueryContext$4.run(DnsQueryContext.java:281)
	at io.netty.util.concurrent.PromiseTask.runTask(PromiseTask.java:98)
	at io.netty.util.concurrent.ScheduledFutureTask.run(ScheduledFutureTask.java:160)
	at io.netty.util.concurrent.AbstractEventExecutor.runTask(AbstractEventExecutor.java:148)
	at io.netty.util.concurrent.AbstractEventExecutor.safeExecute$$$capture(AbstractEventExecutor.java:141)
	at io.netty.util.concurrent.AbstractEventExecutor.safeExecute(AbstractEventExecutor.java)
	at io.netty.util.concurrent.SingleThreadEventExecutor.runAllTasks(SingleThreadEventExecutor.java:535)
	at io.netty.channel.SingleThreadIoEventLoop.run(SingleThreadIoEventLoop.java:201)
	at io.netty.util.concurrent.SingleThreadEventExecutor$5.run(SingleThreadEventExecutor.java:1195)
	at io.netty.util.internal.ThreadExecutorMap$2.run(ThreadExecutorMap.java:74)
	at io.netty.util.concurrent.FastThreadLocalRunnable.run(FastThreadLocalRunnable.java:30)
	at java.base/java.lang.Thread.run(Thread.java:1583)
Caused by: io.netty.resolver.dns.DnsNameResolverTimeoutException: [12376: /10.246.32.204:53] DefaultDnsQuestion(measured-cowbird-128774.upstash.io. IN A) query '12376' via UDP timed out after 5000 milliseconds (no stack trace available)
2026-08-05 13:21:14 INFO  i.l.core.protocol.ConnectionWatchdog - Reconnecting, last destination was measured-cowbird-128774.upstash.io/<unresolved>:6379
2026-08-05 13:21:19 WARN  i.l.core.protocol.ConnectionWatchdog - Cannot reconnect to [measured-cowbird-128774.upstash.io/<unresolved>:6379]: Failed to resolve 'measured-cowbird-128774.upstash.io' [A(1)]
java.net.UnknownHostException: Failed to resolve 'measured-cowbird-128774.upstash.io' [A(1)]
	at io.netty.resolver.dns.DnsResolveContext.finishResolve(DnsResolveContext.java:1137)
	at io.netty.resolver.dns.DnsResolveContext.tryToFinishResolve(DnsResolveContext.java:1084)
	at io.netty.resolver.dns.DnsResolveContext.query(DnsResolveContext.java:443)
	at io.netty.resolver.dns.DnsResolveContext.access$700(DnsResolveContext.java:69)
	at io.netty.resolver.dns.DnsResolveContext$2.operationComplete(DnsResolveContext.java:512)
	at io.netty.util.concurrent.DefaultPromise.notifyListener0(DefaultPromise.java:604)
	at io.netty.util.concurrent.DefaultPromise.notifyListeners0(DefaultPromise.java:597)
	at io.netty.util.concurrent.DefaultPromise.notifyListenersNow(DefaultPromise.java:573)
	at io.netty.util.concurrent.DefaultPromise.notifyListeners(DefaultPromise.java:506)
	at io.netty.util.concurrent.DefaultPromise.setValue0(DefaultPromise.java:650)
	at io.netty.util.concurrent.DefaultPromise.setFailure0(DefaultPromise.java:643)
	at io.netty.util.concurrent.DefaultPromise.tryFailure(DefaultPromise.java:132)
	at io.netty.resolver.dns.DnsQueryContext.finishFailure(DnsQueryContext.java:346)
	at io.netty.resolver.dns.DnsQueryContext$4.run(DnsQueryContext.java:281)
	at io.netty.util.concurrent.PromiseTask.runTask(PromiseTask.java:98)
	at io.netty.util.concurrent.ScheduledFutureTask.run(ScheduledFutureTask.java:160)
	at io.netty.util.concurrent.AbstractEventExecutor.runTask(AbstractEventExecutor.java:148)
	at io.netty.util.concurrent.AbstractEventExecutor.safeExecute$$$capture(AbstractEventExecutor.java:141)
	at io.netty.util.concurrent.AbstractEventExecutor.safeExecute(AbstractEventExecutor.java)
	at io.netty.util.concurrent.SingleThreadEventExecutor.runAllTasks(SingleThreadEventExecutor.java:535)
	at io.netty.channel.SingleThreadIoEventLoop.run(SingleThreadIoEventLoop.java:201)
	at io.netty.util.concurrent.SingleThreadEventExecutor$5.run(SingleThreadEventExecutor.java:1195)
	at io.netty.util.internal.ThreadExecutorMap$2.run(ThreadExecutorMap.java:74)
	at io.netty.util.concurrent.FastThreadLocalRunnable.run(FastThreadLocalRunnable.java:30)
	at java.base/java.lang.Thread.run(Thread.java:1583)
Caused by: io.netty.resolver.dns.DnsNameResolverTimeoutException: [15832: /10.246.32.204:53] DefaultDnsQuestion(measured-cowbird-128774.upstash.io. IN A) query '15832' via UDP timed out after 5000 milliseconds (no stack trace available)
2026-08-05 13:21:49 INFO  i.l.core.protocol.ConnectionWatchdog - Reconnecting, last destination was measured-cowbird-128774.upstash.io/<unresolved>:6379
2026-08-05 13:21:54 WARN  i.l.core.protocol.ConnectionWatchdog - Cannot reconnect to [measured-cowbird-128774.upstash.io/<unresolved>:6379]: Failed to resolve 'measured-cowbird-128774.upstash.io' [A(1)]
java.net.UnknownHostException: Failed to resolve 'measured-cowbird-128774.upstash.io' [A(1)]
	at io.netty.resolver.dns.DnsResolveContext.finishResolve(DnsResolveContext.java:1137)
	at io.netty.resolver.dns.DnsResolveContext.tryToFinishResolve(DnsResolveContext.java:1084)
	at io.netty.resolver.dns.DnsResolveContext.query(DnsResolveContext.java:443)
	at io.netty.resolver.dns.DnsResolveContext.access$700(DnsResolveContext.java:69)
	at io.netty.resolver.dns.DnsResolveContext$2.operationComplete(DnsResolveContext.java:512)
	at io.netty.util.concurrent.DefaultPromise.notifyListener0(DefaultPromise.java:604)
	at io.netty.util.concurrent.DefaultPromise.notifyListeners0(DefaultPromise.java:597)
	at io.netty.util.concurrent.DefaultPromise.notifyListenersNow(DefaultPromise.java:573)
	at io.netty.util.concurrent.DefaultPromise.notifyListeners(DefaultPromise.java:506)
	at io.netty.util.concurrent.DefaultPromise.setValue0(DefaultPromise.java:650)
	at io.netty.util.concurrent.DefaultPromise.setFailure0(DefaultPromise.java:643)
	at io.netty.util.concurrent.DefaultPromise.tryFailure(DefaultPromise.java:132)
	at io.netty.resolver.dns.DnsQueryContext.finishFailure(DnsQueryContext.java:346)
	at io.netty.resolver.dns.DnsQueryContext$4.run(DnsQueryContext.java:281)
	at io.netty.util.concurrent.PromiseTask.runTask(PromiseTask.java:98)
	at io.netty.util.concurrent.ScheduledFutureTask.run(ScheduledFutureTask.java:160)
	at io.netty.util.concurrent.AbstractEventExecutor.runTask(AbstractEventExecutor.java:148)
	at io.netty.util.concurrent.AbstractEventExecutor.safeExecute$$$capture(AbstractEventExecutor.java:141)
	at io.netty.util.concurrent.AbstractEventExecutor.safeExecute(AbstractEventExecutor.java)
	at io.netty.util.concurrent.SingleThreadEventExecutor.runAllTasks(SingleThreadEventExecutor.java:535)
	at io.netty.channel.SingleThreadIoEventLoop.run(SingleThreadIoEventLoop.java:201)
	at io.netty.util.concurrent.SingleThreadEventExecutor$5.run(SingleThreadEventExecutor.java:1195)
	at io.netty.util.internal.ThreadExecutorMap$2.run(ThreadExecutorMap.java:74)
	at io.netty.util.concurrent.FastThreadLocalRunnable.run(FastThreadLocalRunnable.java:30)
	at java.base/java.lang.Thread.run(Thread.java:1583)
Caused by: io.netty.resolver.dns.DnsNameResolverTimeoutException: [5712: /10.246.32.204:53] DefaultDnsQuestion(measured-cowbird-128774.upstash.io. IN A) query '5712' via UDP timed out after 5000 milliseconds (no stack trace available)
2026-08-05 13:22:24 INFO  i.l.core.protocol.ConnectionWatchdog - Reconnecting, last destination was measured-cowbird-128774.upstash.io/<unresolved>:6379
2026-08-05 13:22:29 WARN  i.l.core.protocol.ConnectionWatchdog - Cannot reconnect to [measured-cowbird-128774.upstash.io/<unresolved>:6379]: Failed to resolve 'measured-cowbird-128774.upstash.io' [A(1)]
java.net.UnknownHostException: Failed to resolve 'measured-cowbird-128774.upstash.io' [A(1)]
	at io.netty.resolver.dns.DnsResolveContext.finishResolve(DnsResolveContext.java:1137)
	at io.netty.resolver.dns.DnsResolveContext.tryToFinishResolve(DnsResolveContext.java:1084)
	at io.netty.resolver.dns.DnsResolveContext.query(DnsResolveContext.java:443)
	at io.netty.resolver.dns.DnsResolveContext.access$700(DnsResolveContext.java:69)
	at io.netty.resolver.dns.DnsResolveContext$2.operationComplete(DnsResolveContext.java:512)
	at io.netty.util.concurrent.DefaultPromise.notifyListener0(DefaultPromise.java:604)
	at io.netty.util.concurrent.DefaultPromise.notifyListeners0(DefaultPromise.java:597)
	at io.netty.util.concurrent.DefaultPromise.notifyListenersNow(DefaultPromise.java:573)
	at io.netty.util.concurrent.DefaultPromise.notifyListeners(DefaultPromise.java:506)
	at io.netty.util.concurrent.DefaultPromise.setValue0(DefaultPromise.java:650)
	at io.netty.util.concurrent.DefaultPromise.setFailure0(DefaultPromise.java:643)
	at io.netty.util.concurrent.DefaultPromise.tryFailure(DefaultPromise.java:132)
	at io.netty.resolver.dns.DnsQueryContext.finishFailure(DnsQueryContext.java:346)
	at io.netty.resolver.dns.DnsQueryContext$4.run(DnsQueryContext.java:281)
	at io.netty.util.concurrent.PromiseTask.runTask(PromiseTask.java:98)
	at io.netty.util.concurrent.ScheduledFutureTask.run(ScheduledFutureTask.java:160)
	at io.netty.util.concurrent.AbstractEventExecutor.runTask(AbstractEventExecutor.java:148)
	at io.netty.util.concurrent.AbstractEventExecutor.safeExecute$$$capture(AbstractEventExecutor.java:141)
	at io.netty.util.concurrent.AbstractEventExecutor.safeExecute(AbstractEventExecutor.java)
	at io.netty.util.concurrent.SingleThreadEventExecutor.runAllTasks(SingleThreadEventExecutor.java:535)
	at io.netty.channel.SingleThreadIoEventLoop.run(SingleThreadIoEventLoop.java:201)
	at io.netty.util.concurrent.SingleThreadEventExecutor$5.run(SingleThreadEventExecutor.java:1195)
	at io.netty.util.internal.ThreadExecutorMap$2.run(ThreadExecutorMap.java:74)
	at io.netty.util.concurrent.FastThreadLocalRunnable.run(FastThreadLocalRunnable.java:30)
	at java.base/java.lang.Thread.run(Thread.java:1583)
Caused by: io.netty.resolver.dns.DnsNameResolverTimeoutException: [1056: /10.246.32.204:53] DefaultDnsQuestion(measured-cowbird-128774.upstash.io. IN A) query '1056' via UDP timed out after 5000 milliseconds (no stack trace available)
2026-08-05 13:23:00 INFO  i.l.core.protocol.ConnectionWatchdog - Reconnecting, last destination was measured-cowbird-128774.upstash.io/<unresolved>:6379
2026-08-05 13:23:05 WARN  i.l.core.protocol.ConnectionWatchdog - Cannot reconnect to [measured-cowbird-128774.upstash.io/<unresolved>:6379]: Failed to resolve 'measured-cowbird-128774.upstash.io' [A(1)]
java.net.UnknownHostException: Failed to resolve 'measured-cowbird-128774.upstash.io' [A(1)]
	at io.netty.resolver.dns.DnsResolveContext.finishResolve(DnsResolveContext.java:1137)
	at io.netty.resolver.dns.DnsResolveContext.tryToFinishResolve(DnsResolveContext.java:1084)
	at io.netty.resolver.dns.DnsResolveContext.query(DnsResolveContext.java:443)
	at io.netty.resolver.dns.DnsResolveContext.access$700(DnsResolveContext.java:69)
	at io.netty.resolver.dns.DnsResolveContext$2.operationComplete(DnsResolveContext.java:512)
	at io.netty.util.concurrent.DefaultPromise.notifyListener0(DefaultPromise.java:604)
	at io.netty.util.concurrent.DefaultPromise.notifyListeners0(DefaultPromise.java:597)
	at io.netty.util.concurrent.DefaultPromise.notifyListenersNow(DefaultPromise.java:573)
	at io.netty.util.concurrent.DefaultPromise.notifyListeners(DefaultPromise.java:506)
	at io.netty.util.concurrent.DefaultPromise.setValue0(DefaultPromise.java:650)
	at io.netty.util.concurrent.DefaultPromise.setFailure0(DefaultPromise.java:643)
	at io.netty.util.concurrent.DefaultPromise.tryFailure(DefaultPromise.java:132)
	at io.netty.resolver.dns.DnsQueryContext.finishFailure(DnsQueryContext.java:346)
	at io.netty.resolver.dns.DnsQueryContext$4.run(DnsQueryContext.java:281)
	at io.netty.util.concurrent.PromiseTask.runTask(PromiseTask.java:98)
	at io.netty.util.concurrent.ScheduledFutureTask.run(ScheduledFutureTask.java:160)
	at io.netty.util.concurrent.AbstractEventExecutor.runTask(AbstractEventExecutor.java:148)
	at io.netty.util.concurrent.AbstractEventExecutor.safeExecute$$$capture(AbstractEventExecutor.java:141)
	at io.netty.util.concurrent.AbstractEventExecutor.safeExecute(AbstractEventExecutor.java)
	at io.netty.util.concurrent.SingleThreadEventExecutor.runAllTasks(SingleThreadEventExecutor.java:535)
	at io.netty.channel.SingleThreadIoEventLoop.run(SingleThreadIoEventLoop.java:201)
	at io.netty.util.concurrent.SingleThreadEventExecutor$5.run(SingleThreadEventExecutor.java:1195)
	at io.netty.util.internal.ThreadExecutorMap$2.run(ThreadExecutorMap.java:74)
	at io.netty.util.concurrent.FastThreadLocalRunnable.run(FastThreadLocalRunnable.java:30)
	at java.base/java.lang.Thread.run(Thread.java:1583)
Caused by: io.netty.resolver.dns.DnsNameResolverTimeoutException: [10449: /10.246.32.204:53] DefaultDnsQuestion(measured-cowbird-128774.upstash.io. IN A) query '10449' via UDP timed out after 5000 milliseconds (no stack trace available)
2026-08-05 13:23:33 INFO  o.s.w.s.c.WebSocketMessageBrokerStats - WebSocketSession[0 current WS(0)-HttpStream(0)-HttpPoll(0), 0 total, 0 closed abnormally (0 connect failure, 0 send limit, 0 transport error)], stompSubProtocol[processed CONNECT(0)-CONNECTED(0)-DISCONNECT(0)], stompBrokerRelay[null], inboundChannel[pool size = 0, active threads = 0, queued tasks = 0, completed tasks = 0], outboundChannel[pool size = 0, active threads = 0, queued tasks = 0, completed tasks = 0], sockJsScheduler[pool size = 4, active threads = 1, queued tasks = 1, completed tasks = 247]
2026-08-05 13:23:35 INFO  i.l.core.protocol.ConnectionWatchdog - Reconnecting, last destination was measured-cowbird-128774.upstash.io/<unresolved>:6379
2026-08-05 13:23:40 WARN  i.l.core.protocol.ConnectionWatchdog - Cannot reconnect to [measured-cowbird-128774.upstash.io/<unresolved>:6379]: Failed to resolve 'measured-cowbird-128774.upstash.io' [A(1)]
java.net.UnknownHostException: Failed to resolve 'measured-cowbird-128774.upstash.io' [A(1)]
	at io.netty.resolver.dns.DnsResolveContext.finishResolve(DnsResolveContext.java:1137)
	at io.netty.resolver.dns.DnsResolveContext.tryToFinishResolve(DnsResolveContext.java:1084)
	at io.netty.resolver.dns.DnsResolveContext.query(DnsResolveContext.java:443)
	at io.netty.resolver.dns.DnsResolveContext.access$700(DnsResolveContext.java:69)
	at io.netty.resolver.dns.DnsResolveContext$2.operationComplete(DnsResolveContext.java:512)
	at io.netty.util.concurrent.DefaultPromise.notifyListener0(DefaultPromise.java:604)
	at io.netty.util.concurrent.DefaultPromise.notifyListeners0(DefaultPromise.java:597)
	at io.netty.util.concurrent.DefaultPromise.notifyListenersNow(DefaultPromise.java:573)
	at io.netty.util.concurrent.DefaultPromise.notifyListeners(DefaultPromise.java:506)
	at io.netty.util.concurrent.DefaultPromise.setValue0(DefaultPromise.java:650)
	at io.netty.util.concurrent.DefaultPromise.setFailure0(DefaultPromise.java:643)
	at io.netty.util.concurrent.DefaultPromise.tryFailure(DefaultPromise.java:132)
	at io.netty.resolver.dns.DnsQueryContext.finishFailure(DnsQueryContext.java:346)
	at io.netty.resolver.dns.DnsQueryContext$4.run(DnsQueryContext.java:281)
	at io.netty.util.concurrent.PromiseTask.runTask(PromiseTask.java:98)
	at io.netty.util.concurrent.ScheduledFutureTask.run(ScheduledFutureTask.java:160)
	at io.netty.util.concurrent.AbstractEventExecutor.runTask(AbstractEventExecutor.java:148)
	at io.netty.util.concurrent.AbstractEventExecutor.safeExecute$$$capture(AbstractEventExecutor.java:141)
	at io.netty.util.concurrent.AbstractEventExecutor.safeExecute(AbstractEventExecutor.java)
	at io.netty.util.concurrent.SingleThreadEventExecutor.runAllTasks(SingleThreadEventExecutor.java:535)
	at io.netty.channel.SingleThreadIoEventLoop.run(SingleThreadIoEventLoop.java:201)
	at io.netty.util.concurrent.SingleThreadEventExecutor$5.run(SingleThreadEventExecutor.java:1195)
	at io.netty.util.internal.ThreadExecutorMap$2.run(ThreadExecutorMap.java:74)
	at io.netty.util.concurrent.FastThreadLocalRunnable.run(FastThreadLocalRunnable.java:30)
	at java.base/java.lang.Thread.run(Thread.java:1583)
Caused by: io.netty.resolver.dns.DnsNameResolverTimeoutException: [5931: /10.246.32.204:53] DefaultDnsQuestion(measured-cowbird-128774.upstash.io. IN A) query '5931' via UDP timed out after 5000 milliseconds (no stack trace available)
2026-08-05 13:24:10 INFO  i.l.core.protocol.ConnectionWatchdog - Reconnecting, last destination was measured-cowbird-128774.upstash.io/<unresolved>:6379
2026-08-05 13:24:15 WARN  i.l.core.protocol.ConnectionWatchdog - Cannot reconnect to [measured-cowbird-128774.upstash.io/<unresolved>:6379]: Failed to resolve 'measured-cowbird-128774.upstash.io' [A(1)]
java.net.UnknownHostException: Failed to resolve 'measured-cowbird-128774.upstash.io' [A(1)]
	at io.netty.resolver.dns.DnsResolveContext.finishResolve(DnsResolveContext.java:1137)
	at io.netty.resolver.dns.DnsResolveContext.tryToFinishResolve(DnsResolveContext.java:1084)
	at io.netty.resolver.dns.DnsResolveContext.query(DnsResolveContext.java:443)
	at io.netty.resolver.dns.DnsResolveContext.access$700(DnsResolveContext.java:69)
	at io.netty.resolver.dns.DnsResolveContext$2.operationComplete(DnsResolveContext.java:512)
	at io.netty.util.concurrent.DefaultPromise.notifyListener0(DefaultPromise.java:604)
	at io.netty.util.concurrent.DefaultPromise.notifyListeners0(DefaultPromise.java:597)
	at io.netty.util.concurrent.DefaultPromise.notifyListenersNow(DefaultPromise.java:573)
	at io.netty.util.concurrent.DefaultPromise.notifyListeners(DefaultPromise.java:506)
	at io.netty.util.concurrent.DefaultPromise.setValue0(DefaultPromise.java:650)
	at io.netty.util.concurrent.DefaultPromise.setFailure0(DefaultPromise.java:643)
	at io.netty.util.concurrent.DefaultPromise.tryFailure(DefaultPromise.java:132)
	at io.netty.resolver.dns.DnsQueryContext.finishFailure(DnsQueryContext.java:346)
	at io.netty.resolver.dns.DnsQueryContext$4.run(DnsQueryContext.java:281)
	at io.netty.util.concurrent.PromiseTask.runTask(PromiseTask.java:98)
	at io.netty.util.concurrent.ScheduledFutureTask.run(ScheduledFutureTask.java:160)
	at io.netty.util.concurrent.AbstractEventExecutor.runTask(AbstractEventExecutor.java:148)
	at io.netty.util.concurrent.AbstractEventExecutor.safeExecute$$$capture(AbstractEventExecutor.java:141)
	at io.netty.util.concurrent.AbstractEventExecutor.safeExecute(AbstractEventExecutor.java)
	at io.netty.util.concurrent.SingleThreadEventExecutor.runAllTasks(SingleThreadEventExecutor.java:535)
	at io.netty.channel.SingleThreadIoEventLoop.run(SingleThreadIoEventLoop.java:201)
	at io.netty.util.concurrent.SingleThreadEventExecutor$5.run(SingleThreadEventExecutor.java:1195)
	at io.netty.util.internal.ThreadExecutorMap$2.run(ThreadExecutorMap.java:74)
	at io.netty.util.concurrent.FastThreadLocalRunnable.run(FastThreadLocalRunnable.java:30)
	at java.base/java.lang.Thread.run(Thread.java:1583)
Caused by: io.netty.resolver.dns.DnsNameResolverTimeoutException: [10158: /10.246.32.204:53] DefaultDnsQuestion(measured-cowbird-128774.upstash.io. IN A) query '10158' via UDP timed out after 5000 milliseconds (no stack trace available)
2026-08-05 13:24:45 INFO  i.l.core.protocol.ConnectionWatchdog - Reconnecting, last destination was measured-cowbird-128774.upstash.io/<unresolved>:6379
2026-08-05 13:24:50 WARN  i.l.core.protocol.ConnectionWatchdog - Cannot reconnect to [measured-cowbird-128774.upstash.io/<unresolved>:6379]: Failed to resolve 'measured-cowbird-128774.upstash.io' [A(1)]
java.net.UnknownHostException: Failed to resolve 'measured-cowbird-128774.upstash.io' [A(1)]
	at io.netty.resolver.dns.DnsResolveContext.finishResolve(DnsResolveContext.java:1137)
	at io.netty.resolver.dns.DnsResolveContext.tryToFinishResolve(DnsResolveContext.java:1084)
	at io.netty.resolver.dns.DnsResolveContext.query(DnsResolveContext.java:443)
	at io.netty.resolver.dns.DnsResolveContext.access$700(DnsResolveContext.java:69)
	at io.netty.resolver.dns.DnsResolveContext$2.operationComplete(DnsResolveContext.java:512)
	at io.netty.util.concurrent.DefaultPromise.notifyListener0(DefaultPromise.java:604)
	at io.netty.util.concurrent.DefaultPromise.notifyListeners0(DefaultPromise.java:597)
	at io.netty.util.concurrent.DefaultPromise.notifyListenersNow(DefaultPromise.java:573)
	at io.netty.util.concurrent.DefaultPromise.notifyListeners(DefaultPromise.java:506)
	at io.netty.util.concurrent.DefaultPromise.setValue0(DefaultPromise.java:650)
	at io.netty.util.concurrent.DefaultPromise.setFailure0(DefaultPromise.java:643)
	at io.netty.util.concurrent.DefaultPromise.tryFailure(DefaultPromise.java:132)
	at io.netty.resolver.dns.DnsQueryContext.finishFailure(DnsQueryContext.java:346)
	at io.netty.resolver.dns.DnsQueryContext$4.run(DnsQueryContext.java:281)
	at io.netty.util.concurrent.PromiseTask.runTask(PromiseTask.java:98)
	at io.netty.util.concurrent.ScheduledFutureTask.run(ScheduledFutureTask.java:160)
	at io.netty.util.concurrent.AbstractEventExecutor.runTask(AbstractEventExecutor.java:148)
	at io.netty.util.concurrent.AbstractEventExecutor.safeExecute$$$capture(AbstractEventExecutor.java:141)
	at io.netty.util.concurrent.AbstractEventExecutor.safeExecute(AbstractEventExecutor.java)
	at io.netty.util.concurrent.SingleThreadEventExecutor.runAllTasks(SingleThreadEventExecutor.java:535)
	at io.netty.channel.SingleThreadIoEventLoop.run(SingleThreadIoEventLoop.java:201)
	at io.netty.util.concurrent.SingleThreadEventExecutor$5.run(SingleThreadEventExecutor.java:1195)
	at io.netty.util.internal.ThreadExecutorMap$2.run(ThreadExecutorMap.java:74)
	at io.netty.util.concurrent.FastThreadLocalRunnable.run(FastThreadLocalRunnable.java:30)
	at java.base/java.lang.Thread.run(Thread.java:1583)
Caused by: io.netty.resolver.dns.DnsNameResolverTimeoutException: [2086: /10.246.32.204:53] DefaultDnsQuestion(measured-cowbird-128774.upstash.io. IN A) query '2086' via UDP timed out after 5000 milliseconds (no stack trace available)
2026-08-05 13:25:20 INFO  i.l.core.protocol.ConnectionWatchdog - Reconnecting, last destination was measured-cowbird-128774.upstash.io/<unresolved>:6379
2026-08-05 13:25:25 WARN  i.l.core.protocol.ConnectionWatchdog - Cannot reconnect to [measured-cowbird-128774.upstash.io/<unresolved>:6379]: Failed to resolve 'measured-cowbird-128774.upstash.io' [A(1)]
java.net.UnknownHostException: Failed to resolve 'measured-cowbird-128774.upstash.io' [A(1)]
	at io.netty.resolver.dns.DnsResolveContext.finishResolve(DnsResolveContext.java:1137)
	at io.netty.resolver.dns.DnsResolveContext.tryToFinishResolve(DnsResolveContext.java:1084)
	at io.netty.resolver.dns.DnsResolveContext.query(DnsResolveContext.java:443)
	at io.netty.resolver.dns.DnsResolveContext.access$700(DnsResolveContext.java:69)
	at io.netty.resolver.dns.DnsResolveContext$2.operationComplete(DnsResolveContext.java:512)
	at io.netty.util.concurrent.DefaultPromise.notifyListener0(DefaultPromise.java:604)
	at io.netty.util.concurrent.DefaultPromise.notifyListeners0(DefaultPromise.java:597)
	at io.netty.util.concurrent.DefaultPromise.notifyListenersNow(DefaultPromise.java:573)
	at io.netty.util.concurrent.DefaultPromise.notifyListeners(DefaultPromise.java:506)
	at io.netty.util.concurrent.DefaultPromise.setValue0(DefaultPromise.java:650)
	at io.netty.util.concurrent.DefaultPromise.setFailure0(DefaultPromise.java:643)
	at io.netty.util.concurrent.DefaultPromise.tryFailure(DefaultPromise.java:132)
	at io.netty.resolver.dns.DnsQueryContext.finishFailure(DnsQueryContext.java:346)
	at io.netty.resolver.dns.DnsQueryContext$4.run(DnsQueryContext.java:281)
	at io.netty.util.concurrent.PromiseTask.runTask(PromiseTask.java:98)
	at io.netty.util.concurrent.ScheduledFutureTask.run(ScheduledFutureTask.java:160)
	at io.netty.util.concurrent.AbstractEventExecutor.runTask(AbstractEventExecutor.java:148)
	at io.netty.util.concurrent.AbstractEventExecutor.safeExecute$$$capture(AbstractEventExecutor.java:141)
	at io.netty.util.concurrent.AbstractEventExecutor.safeExecute(AbstractEventExecutor.java)
	at io.netty.util.concurrent.SingleThreadEventExecutor.runAllTasks(SingleThreadEventExecutor.java:535)
	at io.netty.channel.SingleThreadIoEventLoop.run(SingleThreadIoEventLoop.java:201)
	at io.netty.util.concurrent.SingleThreadEventExecutor$5.run(SingleThreadEventExecutor.java:1195)
	at io.netty.util.internal.ThreadExecutorMap$2.run(ThreadExecutorMap.java:74)
	at io.netty.util.concurrent.FastThreadLocalRunnable.run(FastThreadLocalRunnable.java:30)
	at java.base/java.lang.Thread.run(Thread.java:1583)
Caused by: io.netty.resolver.dns.DnsNameResolverTimeoutException: [10005: /10.246.32.204:53] DefaultDnsQuestion(measured-cowbird-128774.upstash.io. IN A) query '10005' via UDP timed out after 5000 milliseconds (no stack trace available)
2026-08-05 13:25:55 INFO  i.l.core.protocol.ConnectionWatchdog - Reconnecting, last destination was measured-cowbird-128774.upstash.io/<unresolved>:6379
2026-08-05 13:26:00 WARN  i.l.core.protocol.ConnectionWatchdog - Cannot reconnect to [measured-cowbird-128774.upstash.io/<unresolved>:6379]: Failed to resolve 'measured-cowbird-128774.upstash.io' [A(1)]
java.net.UnknownHostException: Failed to resolve 'measured-cowbird-128774.upstash.io' [A(1)]
	at io.netty.resolver.dns.DnsResolveContext.finishResolve(DnsResolveContext.java:1137)
	at io.netty.resolver.dns.DnsResolveContext.tryToFinishResolve(DnsResolveContext.java:1084)
	at io.netty.resolver.dns.DnsResolveContext.query(DnsResolveContext.java:443)
	at io.netty.resolver.dns.DnsResolveContext.access$700(DnsResolveContext.java:69)
	at io.netty.resolver.dns.DnsResolveContext$2.operationComplete(DnsResolveContext.java:512)
	at io.netty.util.concurrent.DefaultPromise.notifyListener0(DefaultPromise.java:604)
	at io.netty.util.concurrent.DefaultPromise.notifyListeners0(DefaultPromise.java:597)
	at io.netty.util.concurrent.DefaultPromise.notifyListenersNow(DefaultPromise.java:573)
	at io.netty.util.concurrent.DefaultPromise.notifyListeners(DefaultPromise.java:506)
	at io.netty.util.concurrent.DefaultPromise.setValue0(DefaultPromise.java:650)
	at io.netty.util.concurrent.DefaultPromise.setFailure0(DefaultPromise.java:643)
	at io.netty.util.concurrent.DefaultPromise.tryFailure(DefaultPromise.java:132)
	at io.netty.resolver.dns.DnsQueryContext.finishFailure(DnsQueryContext.java:346)
	at io.netty.resolver.dns.DnsQueryContext$4.run(DnsQueryContext.java:281)
	at io.netty.util.concurrent.PromiseTask.runTask(PromiseTask.java:98)
	at io.netty.util.concurrent.ScheduledFutureTask.run(ScheduledFutureTask.java:160)
	at io.netty.util.concurrent.AbstractEventExecutor.runTask(AbstractEventExecutor.java:148)
	at io.netty.util.concurrent.AbstractEventExecutor.safeExecute$$$capture(AbstractEventExecutor.java:141)
	at io.netty.util.concurrent.AbstractEventExecutor.safeExecute(AbstractEventExecutor.java)
	at io.netty.util.concurrent.SingleThreadEventExecutor.runAllTasks(SingleThreadEventExecutor.java:535)
	at io.netty.channel.SingleThreadIoEventLoop.run(SingleThreadIoEventLoop.java:201)
	at io.netty.util.concurrent.SingleThreadEventExecutor$5.run(SingleThreadEventExecutor.java:1195)
	at io.netty.util.internal.ThreadExecutorMap$2.run(ThreadExecutorMap.java:74)
	at io.netty.util.concurrent.FastThreadLocalRunnable.run(FastThreadLocalRunnable.java:30)
	at java.base/java.lang.Thread.run(Thread.java:1583)
Caused by: io.netty.resolver.dns.DnsNameResolverTimeoutException: [5654: /10.246.32.204:53] DefaultDnsQuestion(measured-cowbird-128774.upstash.io. IN A) query '5654' via UDP timed out after 5000 milliseconds (no stack trace available)
2026-08-05 13:26:30 INFO  i.l.core.protocol.ConnectionWatchdog - Reconnecting, last destination was measured-cowbird-128774.upstash.io/<unresolved>:6379
2026-08-05 13:26:35 WARN  i.l.core.protocol.ConnectionWatchdog - Cannot reconnect to [measured-cowbird-128774.upstash.io/<unresolved>:6379]: Failed to resolve 'measured-cowbird-128774.upstash.io' [A(1)]
java.net.UnknownHostException: Failed to resolve 'measured-cowbird-128774.upstash.io' [A(1)]
	at io.netty.resolver.dns.DnsResolveContext.finishResolve(DnsResolveContext.java:1137)
	at io.netty.resolver.dns.DnsResolveContext.tryToFinishResolve(DnsResolveContext.java:1084)
	at io.netty.resolver.dns.DnsResolveContext.query(DnsResolveContext.java:443)
	at io.netty.resolver.dns.DnsResolveContext.access$700(DnsResolveContext.java:69)
	at io.netty.resolver.dns.DnsResolveContext$2.operationComplete(DnsResolveContext.java:512)
	at io.netty.util.concurrent.DefaultPromise.notifyListener0(DefaultPromise.java:604)
	at io.netty.util.concurrent.DefaultPromise.notifyListeners0(DefaultPromise.java:597)
	at io.netty.util.concurrent.DefaultPromise.notifyListenersNow(DefaultPromise.java:573)
	at io.netty.util.concurrent.DefaultPromise.notifyListeners(DefaultPromise.java:506)
	at io.netty.util.concurrent.DefaultPromise.setValue0(DefaultPromise.java:650)
	at io.netty.util.concurrent.DefaultPromise.setFailure0(DefaultPromise.java:643)
	at io.netty.util.concurrent.DefaultPromise.tryFailure(DefaultPromise.java:132)
	at io.netty.resolver.dns.DnsQueryContext.finishFailure(DnsQueryContext.java:346)
	at io.netty.resolver.dns.DnsQueryContext$4.run(DnsQueryContext.java:281)
	at io.netty.util.concurrent.PromiseTask.runTask(PromiseTask.java:98)
	at io.netty.util.concurrent.ScheduledFutureTask.run(ScheduledFutureTask.java:160)
	at io.netty.util.concurrent.AbstractEventExecutor.runTask(AbstractEventExecutor.java:148)
	at io.netty.util.concurrent.AbstractEventExecutor.safeExecute$$$capture(AbstractEventExecutor.java:141)
	at io.netty.util.concurrent.AbstractEventExecutor.safeExecute(AbstractEventExecutor.java)
	at io.netty.util.concurrent.SingleThreadEventExecutor.runAllTasks(SingleThreadEventExecutor.java:535)
	at io.netty.channel.SingleThreadIoEventLoop.run(SingleThreadIoEventLoop.java:201)
	at io.netty.util.concurrent.SingleThreadEventExecutor$5.run(SingleThreadEventExecutor.java:1195)
	at io.netty.util.internal.ThreadExecutorMap$2.run(ThreadExecutorMap.java:74)
	at io.netty.util.concurrent.FastThreadLocalRunnable.run(FastThreadLocalRunnable.java:30)
	at java.base/java.lang.Thread.run(Thread.java:1583)
Caused by: io.netty.resolver.dns.DnsNameResolverTimeoutException: [2413: /10.246.32.204:53] DefaultDnsQuestion(measured-cowbird-128774.upstash.io. IN A) query '2413' via UDP timed out after 5000 milliseconds (no stack trace available)
2026-08-05 13:27:05 INFO  i.l.core.protocol.ConnectionWatchdog - Reconnecting, last destination was measured-cowbird-128774.upstash.io/<unresolved>:6379
2026-08-05 13:27:10 WARN  i.l.core.protocol.ConnectionWatchdog - Cannot reconnect to [measured-cowbird-128774.upstash.io/<unresolved>:6379]: Failed to resolve 'measured-cowbird-128774.upstash.io' [A(1)]
java.net.UnknownHostException: Failed to resolve 'measured-cowbird-128774.upstash.io' [A(1)]
	at io.netty.resolver.dns.DnsResolveContext.finishResolve(DnsResolveContext.java:1137)
	at io.netty.resolver.dns.DnsResolveContext.tryToFinishResolve(DnsResolveContext.java:1084)
	at io.netty.resolver.dns.DnsResolveContext.query(DnsResolveContext.java:443)
	at io.netty.resolver.dns.DnsResolveContext.access$700(DnsResolveContext.java:69)
	at io.netty.resolver.dns.DnsResolveContext$2.operationComplete(DnsResolveContext.java:512)
	at io.netty.util.concurrent.DefaultPromise.notifyListener0(DefaultPromise.java:604)
	at io.netty.util.concurrent.DefaultPromise.notifyListeners0(DefaultPromise.java:597)
	at io.netty.util.concurrent.DefaultPromise.notifyListenersNow(DefaultPromise.java:573)
	at io.netty.util.concurrent.DefaultPromise.notifyListeners(DefaultPromise.java:506)
	at io.netty.util.concurrent.DefaultPromise.setValue0(DefaultPromise.java:650)
	at io.netty.util.concurrent.DefaultPromise.setFailure0(DefaultPromise.java:643)
	at io.netty.util.concurrent.DefaultPromise.tryFailure(DefaultPromise.java:132)
	at io.netty.resolver.dns.DnsQueryContext.finishFailure(DnsQueryContext.java:346)
	at io.netty.resolver.dns.DnsQueryContext$4.run(DnsQueryContext.java:281)
	at io.netty.util.concurrent.PromiseTask.runTask(PromiseTask.java:98)
	at io.netty.util.concurrent.ScheduledFutureTask.run(ScheduledFutureTask.java:160)
	at io.netty.util.concurrent.AbstractEventExecutor.runTask(AbstractEventExecutor.java:148)
	at io.netty.util.concurrent.AbstractEventExecutor.safeExecute$$$capture(AbstractEventExecutor.java:141)
	at io.netty.util.concurrent.AbstractEventExecutor.safeExecute(AbstractEventExecutor.java)
	at io.netty.util.concurrent.SingleThreadEventExecutor.runAllTasks(SingleThreadEventExecutor.java:535)
	at io.netty.channel.SingleThreadIoEventLoop.run(SingleThreadIoEventLoop.java:201)
	at io.netty.util.concurrent.SingleThreadEventExecutor$5.run(SingleThreadEventExecutor.java:1195)
	at io.netty.util.internal.ThreadExecutorMap$2.run(ThreadExecutorMap.java:74)
	at io.netty.util.concurrent.FastThreadLocalRunnable.run(FastThreadLocalRunnable.java:30)
	at java.base/java.lang.Thread.run(Thread.java:1583)
Caused by: io.netty.resolver.dns.DnsNameResolverTimeoutException: [1402: /10.246.32.204:53] DefaultDnsQuestion(measured-cowbird-128774.upstash.io. IN A) query '1402' via UDP timed out after 5000 milliseconds (no stack trace available)
2026-08-05 13:27:40 INFO  i.l.core.protocol.ConnectionWatchdog - Reconnecting, last destination was measured-cowbird-128774.upstash.io/<unresolved>:6379
2026-08-05 13:27:45 WARN  i.l.core.protocol.ConnectionWatchdog - Cannot reconnect to [measured-cowbird-128774.upstash.io/<unresolved>:6379]: Failed to resolve 'measured-cowbird-128774.upstash.io' [A(1)]
java.net.UnknownHostException: Failed to resolve 'measured-cowbird-128774.upstash.io' [A(1)]
	at io.netty.resolver.dns.DnsResolveContext.finishResolve(DnsResolveContext.java:1137)
	at io.netty.resolver.dns.DnsResolveContext.tryToFinishResolve(DnsResolveContext.java:1084)
	at io.netty.resolver.dns.DnsResolveContext.query(DnsResolveContext.java:443)
	at io.netty.resolver.dns.DnsResolveContext.access$700(DnsResolveContext.java:69)
	at io.netty.resolver.dns.DnsResolveContext$2.operationComplete(DnsResolveContext.java:512)
	at io.netty.util.concurrent.DefaultPromise.notifyListener0(DefaultPromise.java:604)
	at io.netty.util.concurrent.DefaultPromise.notifyListeners0(DefaultPromise.java:597)
	at io.netty.util.concurrent.DefaultPromise.notifyListenersNow(DefaultPromise.java:573)
	at io.netty.util.concurrent.DefaultPromise.notifyListeners(DefaultPromise.java:506)
	at io.netty.util.concurrent.DefaultPromise.setValue0(DefaultPromise.java:650)
	at io.netty.util.concurrent.DefaultPromise.setFailure0(DefaultPromise.java:643)
	at io.netty.util.concurrent.DefaultPromise.tryFailure(DefaultPromise.java:132)
	at io.netty.resolver.dns.DnsQueryContext.finishFailure(DnsQueryContext.java:346)
	at io.netty.resolver.dns.DnsQueryContext$4.run(DnsQueryContext.java:281)
	at io.netty.util.concurrent.PromiseTask.runTask(PromiseTask.java:98)
	at io.netty.util.concurrent.ScheduledFutureTask.run(ScheduledFutureTask.java:160)
	at io.netty.util.concurrent.AbstractEventExecutor.runTask(AbstractEventExecutor.java:148)
	at io.netty.util.concurrent.AbstractEventExecutor.safeExecute$$$capture(AbstractEventExecutor.java:141)
	at io.netty.util.concurrent.AbstractEventExecutor.safeExecute(AbstractEventExecutor.java)
	at io.netty.util.concurrent.SingleThreadEventExecutor.runAllTasks(SingleThreadEventExecutor.java:535)
	at io.netty.channel.SingleThreadIoEventLoop.run(SingleThreadIoEventLoop.java:201)
	at io.netty.util.concurrent.SingleThreadEventExecutor$5.run(SingleThreadEventExecutor.java:1195)
	at io.netty.util.internal.ThreadExecutorMap$2.run(ThreadExecutorMap.java:74)
	at io.netty.util.concurrent.FastThreadLocalRunnable.run(FastThreadLocalRunnable.java:30)
	at java.base/java.lang.Thread.run(Thread.java:1583)
Caused by: io.netty.resolver.dns.DnsNameResolverTimeoutException: [7145: /10.246.32.204:53] DefaultDnsQuestion(measured-cowbird-128774.upstash.io. IN A) query '7145' via UDP timed out after 5000 milliseconds (no stack trace available)
2026-08-05 13:28:15 INFO  i.l.core.protocol.ConnectionWatchdog - Reconnecting, last destination was measured-cowbird-128774.upstash.io/<unresolved>:6379
2026-08-05 13:28:20 WARN  i.l.core.protocol.ConnectionWatchdog - Cannot reconnect to [measured-cowbird-128774.upstash.io/<unresolved>:6379]: Failed to resolve 'measured-cowbird-128774.upstash.io' [A(1)]
java.net.UnknownHostException: Failed to resolve 'measured-cowbird-128774.upstash.io' [A(1)]
	at io.netty.resolver.dns.DnsResolveContext.finishResolve(DnsResolveContext.java:1137)
	at io.netty.resolver.dns.DnsResolveContext.tryToFinishResolve(DnsResolveContext.java:1084)
	at io.netty.resolver.dns.DnsResolveContext.query(DnsResolveContext.java:443)
	at io.netty.resolver.dns.DnsResolveContext.access$700(DnsResolveContext.java:69)
	at io.netty.resolver.dns.DnsResolveContext$2.operationComplete(DnsResolveContext.java:512)
	at io.netty.util.concurrent.DefaultPromise.notifyListener0(DefaultPromise.java:604)
	at io.netty.util.concurrent.DefaultPromise.notifyListeners0(DefaultPromise.java:597)
	at io.netty.util.concurrent.DefaultPromise.notifyListenersNow(DefaultPromise.java:573)
	at io.netty.util.concurrent.DefaultPromise.notifyListeners(DefaultPromise.java:506)
	at io.netty.util.concurrent.DefaultPromise.setValue0(DefaultPromise.java:650)
	at io.netty.util.concurrent.DefaultPromise.setFailure0(DefaultPromise.java:643)
	at io.netty.util.concurrent.DefaultPromise.tryFailure(DefaultPromise.java:132)
	at io.netty.resolver.dns.DnsQueryContext.finishFailure(DnsQueryContext.java:346)
	at io.netty.resolver.dns.DnsQueryContext$4.run(DnsQueryContext.java:281)
	at io.netty.util.concurrent.PromiseTask.runTask(PromiseTask.java:98)
	at io.netty.util.concurrent.ScheduledFutureTask.run(ScheduledFutureTask.java:160)
	at io.netty.util.concurrent.AbstractEventExecutor.runTask(AbstractEventExecutor.java:148)
	at io.netty.util.concurrent.AbstractEventExecutor.safeExecute$$$capture(AbstractEventExecutor.java:141)
	at io.netty.util.concurrent.AbstractEventExecutor.safeExecute(AbstractEventExecutor.java)
	at io.netty.util.concurrent.SingleThreadEventExecutor.runAllTasks(SingleThreadEventExecutor.java:535)
	at io.netty.channel.SingleThreadIoEventLoop.run(SingleThreadIoEventLoop.java:201)
	at io.netty.util.concurrent.SingleThreadEventExecutor$5.run(SingleThreadEventExecutor.java:1195)
	at io.netty.util.internal.ThreadExecutorMap$2.run(ThreadExecutorMap.java:74)
	at io.netty.util.concurrent.FastThreadLocalRunnable.run(FastThreadLocalRunnable.java:30)
	at java.base/java.lang.Thread.run(Thread.java:1583)
Caused by: io.netty.resolver.dns.DnsNameResolverTimeoutException: [13848: /10.246.32.204:53] DefaultDnsQuestion(measured-cowbird-128774.upstash.io. IN A) query '13848' via UDP timed out after 5000 milliseconds (no stack trace available)
2026-08-05 13:28:51 INFO  i.l.core.protocol.ConnectionWatchdog - Reconnecting, last destination was measured-cowbird-128774.upstash.io/<unresolved>:6379
2026-08-05 13:28:56 WARN  i.l.core.protocol.ConnectionWatchdog - Cannot reconnect to [measured-cowbird-128774.upstash.io/<unresolved>:6379]: Failed to resolve 'measured-cowbird-128774.upstash.io' [A(1)]
java.net.UnknownHostException: Failed to resolve 'measured-cowbird-128774.upstash.io' [A(1)]
	at io.netty.resolver.dns.DnsResolveContext.finishResolve(DnsResolveContext.java:1137)
	at io.netty.resolver.dns.DnsResolveContext.tryToFinishResolve(DnsResolveContext.java:1084)
	at io.netty.resolver.dns.DnsResolveContext.query(DnsResolveContext.java:443)
	at io.netty.resolver.dns.DnsResolveContext.access$700(DnsResolveContext.java:69)
	at io.netty.resolver.dns.DnsResolveContext$2.operationComplete(DnsResolveContext.java:512)
	at io.netty.util.concurrent.DefaultPromise.notifyListener0(DefaultPromise.java:604)
	at io.netty.util.concurrent.DefaultPromise.notifyListeners0(DefaultPromise.java:597)
	at io.netty.util.concurrent.DefaultPromise.notifyListenersNow(DefaultPromise.java:573)
	at io.netty.util.concurrent.DefaultPromise.notifyListeners(DefaultPromise.java:506)
	at io.netty.util.concurrent.DefaultPromise.setValue0(DefaultPromise.java:650)
	at io.netty.util.concurrent.DefaultPromise.setFailure0(DefaultPromise.java:643)
	at io.netty.util.concurrent.DefaultPromise.tryFailure(DefaultPromise.java:132)
	at io.netty.resolver.dns.DnsQueryContext.finishFailure(DnsQueryContext.java:346)
	at io.netty.resolver.dns.DnsQueryContext$4.run(DnsQueryContext.java:281)
	at io.netty.util.concurrent.PromiseTask.runTask(PromiseTask.java:98)
	at io.netty.util.concurrent.ScheduledFutureTask.run(ScheduledFutureTask.java:160)
	at io.netty.util.concurrent.AbstractEventExecutor.runTask(AbstractEventExecutor.java:148)
	at io.netty.util.concurrent.AbstractEventExecutor.safeExecute$$$capture(AbstractEventExecutor.java:141)
	at io.netty.util.concurrent.AbstractEventExecutor.safeExecute(AbstractEventExecutor.java)
	at io.netty.util.concurrent.SingleThreadEventExecutor.runAllTasks(SingleThreadEventExecutor.java:535)
	at io.netty.channel.SingleThreadIoEventLoop.run(SingleThreadIoEventLoop.java:201)
	at io.netty.util.concurrent.SingleThreadEventExecutor$5.run(SingleThreadEventExecutor.java:1195)
	at io.netty.util.internal.ThreadExecutorMap$2.run(ThreadExecutorMap.java:74)
	at io.netty.util.concurrent.FastThreadLocalRunnable.run(FastThreadLocalRunnable.java:30)
	at java.base/java.lang.Thread.run(Thread.java:1583)
Caused by: io.netty.resolver.dns.DnsNameResolverTimeoutException: [623: /10.246.32.204:53] DefaultDnsQuestion(measured-cowbird-128774.upstash.io. IN A) query '623' via UDP timed out after 5000 milliseconds (no stack trace available)
2026-08-05 13:29:26 INFO  i.l.core.protocol.ConnectionWatchdog - Reconnecting, last destination was measured-cowbird-128774.upstash.io/<unresolved>:6379
2026-08-05 13:29:31 WARN  i.l.core.protocol.ConnectionWatchdog - Cannot reconnect to [measured-cowbird-128774.upstash.io/<unresolved>:6379]: Failed to resolve 'measured-cowbird-128774.upstash.io' [A(1)]
java.net.UnknownHostException: Failed to resolve 'measured-cowbird-128774.upstash.io' [A(1)]
	at io.netty.resolver.dns.DnsResolveContext.finishResolve(DnsResolveContext.java:1137)
	at io.netty.resolver.dns.DnsResolveContext.tryToFinishResolve(DnsResolveContext.java:1084)
	at io.netty.resolver.dns.DnsResolveContext.query(DnsResolveContext.java:443)
	at io.netty.resolver.dns.DnsResolveContext.access$700(DnsResolveContext.java:69)
	at io.netty.resolver.dns.DnsResolveContext$2.operationComplete(DnsResolveContext.java:512)
	at io.netty.util.concurrent.DefaultPromise.notifyListener0(DefaultPromise.java:604)
	at io.netty.util.concurrent.DefaultPromise.notifyListeners0(DefaultPromise.java:597)
	at io.netty.util.concurrent.DefaultPromise.notifyListenersNow(DefaultPromise.java:573)
	at io.netty.util.concurrent.DefaultPromise.notifyListeners(DefaultPromise.java:506)
	at io.netty.util.concurrent.DefaultPromise.setValue0(DefaultPromise.java:650)
	at io.netty.util.concurrent.DefaultPromise.setFailure0(DefaultPromise.java:643)
	at io.netty.util.concurrent.DefaultPromise.tryFailure(DefaultPromise.java:132)
	at io.netty.resolver.dns.DnsQueryContext.finishFailure(DnsQueryContext.java:346)
	at io.netty.resolver.dns.DnsQueryContext$4.run(DnsQueryContext.java:281)
	at io.netty.util.concurrent.PromiseTask.runTask(PromiseTask.java:98)
	at io.netty.util.concurrent.ScheduledFutureTask.run(ScheduledFutureTask.java:160)
	at io.netty.util.concurrent.AbstractEventExecutor.runTask(AbstractEventExecutor.java:148)
	at io.netty.util.concurrent.AbstractEventExecutor.safeExecute$$$capture(AbstractEventExecutor.java:141)
	at io.netty.util.concurrent.AbstractEventExecutor.safeExecute(AbstractEventExecutor.java)
	at io.netty.util.concurrent.SingleThreadEventExecutor.runAllTasks(SingleThreadEventExecutor.java:535)
	at io.netty.channel.SingleThreadIoEventLoop.run(SingleThreadIoEventLoop.java:201)
	at io.netty.util.concurrent.SingleThreadEventExecutor$5.run(SingleThreadEventExecutor.java:1195)
	at io.netty.util.internal.ThreadExecutorMap$2.run(ThreadExecutorMap.java:74)
	at io.netty.util.concurrent.FastThreadLocalRunnable.run(FastThreadLocalRunnable.java:30)
	at java.base/java.lang.Thread.run(Thread.java:1583)
Caused by: io.netty.resolver.dns.DnsNameResolverTimeoutException: [1835: /10.246.32.204:53] DefaultDnsQuestion(measured-cowbird-128774.upstash.io. IN A) query '1835' via UDP timed out after 5000 milliseconds (no stack trace available)
2026-08-05 13:30:01 INFO  i.l.core.protocol.ConnectionWatchdog - Reconnecting, last destination was measured-cowbird-128774.upstash.io/<unresolved>:6379
2026-08-05 13:30:06 WARN  i.l.core.protocol.ConnectionWatchdog - Cannot reconnect to [measured-cowbird-128774.upstash.io/<unresolved>:6379]: Failed to resolve 'measured-cowbird-128774.upstash.io' [A(1)]
java.net.UnknownHostException: Failed to resolve 'measured-cowbird-128774.upstash.io' [A(1)]
	at io.netty.resolver.dns.DnsResolveContext.finishResolve(DnsResolveContext.java:1137)
	at io.netty.resolver.dns.DnsResolveContext.tryToFinishResolve(DnsResolveContext.java:1084)
	at io.netty.resolver.dns.DnsResolveContext.query(DnsResolveContext.java:443)
	at io.netty.resolver.dns.DnsResolveContext.access$700(DnsResolveContext.java:69)
	at io.netty.resolver.dns.DnsResolveContext$2.operationComplete(DnsResolveContext.java:512)
	at io.netty.util.concurrent.DefaultPromise.notifyListener0(DefaultPromise.java:604)
	at io.netty.util.concurrent.DefaultPromise.notifyListeners0(DefaultPromise.java:597)
	at io.netty.util.concurrent.DefaultPromise.notifyListenersNow(DefaultPromise.java:573)
	at io.netty.util.concurrent.DefaultPromise.notifyListeners(DefaultPromise.java:506)
	at io.netty.util.concurrent.DefaultPromise.setValue0(DefaultPromise.java:650)
	at io.netty.util.concurrent.DefaultPromise.setFailure0(DefaultPromise.java:643)
	at io.netty.util.concurrent.DefaultPromise.tryFailure(DefaultPromise.java:132)
	at io.netty.resolver.dns.DnsQueryContext.finishFailure(DnsQueryContext.java:346)
	at io.netty.resolver.dns.DnsQueryContext$4.run(DnsQueryContext.java:281)
	at io.netty.util.concurrent.PromiseTask.runTask(PromiseTask.java:98)
	at io.netty.util.concurrent.ScheduledFutureTask.run(ScheduledFutureTask.java:160)
	at io.netty.util.concurrent.AbstractEventExecutor.runTask(AbstractEventExecutor.java:148)
	at io.netty.util.concurrent.AbstractEventExecutor.safeExecute$$$capture(AbstractEventExecutor.java:141)
	at io.netty.util.concurrent.AbstractEventExecutor.safeExecute(AbstractEventExecutor.java)
	at io.netty.util.concurrent.SingleThreadEventExecutor.runAllTasks(SingleThreadEventExecutor.java:535)
	at io.netty.channel.SingleThreadIoEventLoop.run(SingleThreadIoEventLoop.java:201)
	at io.netty.util.concurrent.SingleThreadEventExecutor$5.run(SingleThreadEventExecutor.java:1195)
	at io.netty.util.internal.ThreadExecutorMap$2.run(ThreadExecutorMap.java:74)
	at io.netty.util.concurrent.FastThreadLocalRunnable.run(FastThreadLocalRunnable.java:30)
	at java.base/java.lang.Thread.run(Thread.java:1583)
Caused by: io.netty.resolver.dns.DnsNameResolverTimeoutException: [16263: /10.246.32.204:53] DefaultDnsQuestion(measured-cowbird-128774.upstash.io. IN A) query '16263' via UDP timed out after 5000 milliseconds (no stack trace available)
2026-08-05 13:30:36 INFO  i.l.core.protocol.ConnectionWatchdog - Reconnecting, last destination was measured-cowbird-128774.upstash.io/<unresolved>:6379
2026-08-05 13:30:41 WARN  i.l.core.protocol.ConnectionWatchdog - Cannot reconnect to [measured-cowbird-128774.upstash.io/<unresolved>:6379]: Failed to resolve 'measured-cowbird-128774.upstash.io' [A(1)]
java.net.UnknownHostException: Failed to resolve 'measured-cowbird-128774.upstash.io' [A(1)]
	at io.netty.resolver.dns.DnsResolveContext.finishResolve(DnsResolveContext.java:1137)
	at io.netty.resolver.dns.DnsResolveContext.tryToFinishResolve(DnsResolveContext.java:1084)
	at io.netty.resolver.dns.DnsResolveContext.query(DnsResolveContext.java:443)
	at io.netty.resolver.dns.DnsResolveContext.access$700(DnsResolveContext.java:69)
	at io.netty.resolver.dns.DnsResolveContext$2.operationComplete(DnsResolveContext.java:512)
	at io.netty.util.concurrent.DefaultPromise.notifyListener0(DefaultPromise.java:604)
	at io.netty.util.concurrent.DefaultPromise.notifyListeners0(DefaultPromise.java:597)
	at io.netty.util.concurrent.DefaultPromise.notifyListenersNow(DefaultPromise.java:573)
	at io.netty.util.concurrent.DefaultPromise.notifyListeners(DefaultPromise.java:506)
	at io.netty.util.concurrent.DefaultPromise.setValue0(DefaultPromise.java:650)
	at io.netty.util.concurrent.DefaultPromise.setFailure0(DefaultPromise.java:643)
	at io.netty.util.concurrent.DefaultPromise.tryFailure(DefaultPromise.java:132)
	at io.netty.resolver.dns.DnsQueryContext.finishFailure(DnsQueryContext.java:346)
	at io.netty.resolver.dns.DnsQueryContext$4.run(DnsQueryContext.java:281)
	at io.netty.util.concurrent.PromiseTask.runTask(PromiseTask.java:98)
	at io.netty.util.concurrent.ScheduledFutureTask.run(ScheduledFutureTask.java:160)
	at io.netty.util.concurrent.AbstractEventExecutor.runTask(AbstractEventExecutor.java:148)
	at io.netty.util.concurrent.AbstractEventExecutor.safeExecute$$$capture(AbstractEventExecutor.java:141)
	at io.netty.util.concurrent.AbstractEventExecutor.safeExecute(AbstractEventExecutor.java)
	at io.netty.util.concurrent.SingleThreadEventExecutor.runAllTasks(SingleThreadEventExecutor.java:535)
	at io.netty.channel.SingleThreadIoEventLoop.run(SingleThreadIoEventLoop.java:201)
	at io.netty.util.concurrent.SingleThreadEventExecutor$5.run(SingleThreadEventExecutor.java:1195)
	at io.netty.util.internal.ThreadExecutorMap$2.run(ThreadExecutorMap.java:74)
	at io.netty.util.concurrent.FastThreadLocalRunnable.run(FastThreadLocalRunnable.java:30)
	at java.base/java.lang.Thread.run(Thread.java:1583)
Caused by: io.netty.resolver.dns.DnsNameResolverTimeoutException: [7147: /10.246.32.204:53] DefaultDnsQuestion(measured-cowbird-128774.upstash.io. IN A) query '7147' via UDP timed out after 5000 milliseconds (no stack trace available)
2026-08-05 13:31:11 INFO  i.l.core.protocol.ConnectionWatchdog - Reconnecting, last destination was measured-cowbird-128774.upstash.io/<unresolved>:6379
2026-08-05 13:31:16 WARN  i.l.core.protocol.ConnectionWatchdog - Cannot reconnect to [measured-cowbird-128774.upstash.io/<unresolved>:6379]: Failed to resolve 'measured-cowbird-128774.upstash.io' [A(1)]
java.net.UnknownHostException: Failed to resolve 'measured-cowbird-128774.upstash.io' [A(1)]
	at io.netty.resolver.dns.DnsResolveContext.finishResolve(DnsResolveContext.java:1137)
	at io.netty.resolver.dns.DnsResolveContext.tryToFinishResolve(DnsResolveContext.java:1084)
	at io.netty.resolver.dns.DnsResolveContext.query(DnsResolveContext.java:443)
	at io.netty.resolver.dns.DnsResolveContext.access$700(DnsResolveContext.java:69)
	at io.netty.resolver.dns.DnsResolveContext$2.operationComplete(DnsResolveContext.java:512)
	at io.netty.util.concurrent.DefaultPromise.notifyListener0(DefaultPromise.java:604)
	at io.netty.util.concurrent.DefaultPromise.notifyListeners0(DefaultPromise.java:597)
	at io.netty.util.concurrent.DefaultPromise.notifyListenersNow(DefaultPromise.java:573)
	at io.netty.util.concurrent.DefaultPromise.notifyListeners(DefaultPromise.java:506)
	at io.netty.util.concurrent.DefaultPromise.setValue0(DefaultPromise.java:650)
	at io.netty.util.concurrent.DefaultPromise.setFailure0(DefaultPromise.java:643)
	at io.netty.util.concurrent.DefaultPromise.tryFailure(DefaultPromise.java:132)
	at io.netty.resolver.dns.DnsQueryContext.finishFailure(DnsQueryContext.java:346)
	at io.netty.resolver.dns.DnsQueryContext$4.run(DnsQueryContext.java:281)
	at io.netty.util.concurrent.PromiseTask.runTask(PromiseTask.java:98)
	at io.netty.util.concurrent.ScheduledFutureTask.run(ScheduledFutureTask.java:160)
	at io.netty.util.concurrent.AbstractEventExecutor.runTask(AbstractEventExecutor.java:148)
	at io.netty.util.concurrent.AbstractEventExecutor.safeExecute$$$capture(AbstractEventExecutor.java:141)
	at io.netty.util.concurrent.AbstractEventExecutor.safeExecute(AbstractEventExecutor.java)
	at io.netty.util.concurrent.SingleThreadEventExecutor.runAllTasks(SingleThreadEventExecutor.java:535)
	at io.netty.channel.SingleThreadIoEventLoop.run(SingleThreadIoEventLoop.java:201)
	at io.netty.util.concurrent.SingleThreadEventExecutor$5.run(SingleThreadEventExecutor.java:1195)
	at io.netty.util.internal.ThreadExecutorMap$2.run(ThreadExecutorMap.java:74)
	at io.netty.util.concurrent.FastThreadLocalRunnable.run(FastThreadLocalRunnable.java:30)
	at java.base/java.lang.Thread.run(Thread.java:1583)
Caused by: io.netty.resolver.dns.DnsNameResolverTimeoutException: [10756: /10.246.32.204:53] DefaultDnsQuestion(measured-cowbird-128774.upstash.io. IN A) query '10756' via UDP timed out after 5000 milliseconds (no stack trace available)
2026-08-05 13:31:46 INFO  i.l.core.protocol.ConnectionWatchdog - Reconnecting, last destination was measured-cowbird-128774.upstash.io/<unresolved>:6379
2026-08-05 13:31:51 WARN  i.l.core.protocol.ConnectionWatchdog - Cannot reconnect to [measured-cowbird-128774.upstash.io/<unresolved>:6379]: Failed to resolve 'measured-cowbird-128774.upstash.io' [A(1)]
java.net.UnknownHostException: Failed to resolve 'measured-cowbird-128774.upstash.io' [A(1)]
	at io.netty.resolver.dns.DnsResolveContext.finishResolve(DnsResolveContext.java:1137)
	at io.netty.resolver.dns.DnsResolveContext.tryToFinishResolve(DnsResolveContext.java:1084)
	at io.netty.resolver.dns.DnsResolveContext.query(DnsResolveContext.java:443)
	at io.netty.resolver.dns.DnsResolveContext.access$700(DnsResolveContext.java:69)
	at io.netty.resolver.dns.DnsResolveContext$2.operationComplete(DnsResolveContext.java:512)
	at io.netty.util.concurrent.DefaultPromise.notifyListener0(DefaultPromise.java:604)
	at io.netty.util.concurrent.DefaultPromise.notifyListeners0(DefaultPromise.java:597)
	at io.netty.util.concurrent.DefaultPromise.notifyListenersNow(DefaultPromise.java:573)
	at io.netty.util.concurrent.DefaultPromise.notifyListeners(DefaultPromise.java:506)
	at io.netty.util.concurrent.DefaultPromise.setValue0(DefaultPromise.java:650)
	at io.netty.util.concurrent.DefaultPromise.setFailure0(DefaultPromise.java:643)
	at io.netty.util.concurrent.DefaultPromise.tryFailure(DefaultPromise.java:132)
	at io.netty.resolver.dns.DnsQueryContext.finishFailure(DnsQueryContext.java:346)
	at io.netty.resolver.dns.DnsQueryContext$4.run(DnsQueryContext.java:281)
	at io.netty.util.concurrent.PromiseTask.runTask(PromiseTask.java:98)
	at io.netty.util.concurrent.ScheduledFutureTask.run(ScheduledFutureTask.java:160)
	at io.netty.util.concurrent.AbstractEventExecutor.runTask(AbstractEventExecutor.java:148)
	at io.netty.util.concurrent.AbstractEventExecutor.safeExecute$$$capture(AbstractEventExecutor.java:141)
	at io.netty.util.concurrent.AbstractEventExecutor.safeExecute(AbstractEventExecutor.java)
	at io.netty.util.concurrent.SingleThreadEventExecutor.runAllTasks(SingleThreadEventExecutor.java:535)
	at io.netty.channel.SingleThreadIoEventLoop.run(SingleThreadIoEventLoop.java:201)
	at io.netty.util.concurrent.SingleThreadEventExecutor$5.run(SingleThreadEventExecutor.java:1195)
	at io.netty.util.internal.ThreadExecutorMap$2.run(ThreadExecutorMap.java:74)
	at io.netty.util.concurrent.FastThreadLocalRunnable.run(FastThreadLocalRunnable.java:30)
	at java.base/java.lang.Thread.run(Thread.java:1583)
Caused by: io.netty.resolver.dns.DnsNameResolverTimeoutException: [6660: /10.246.32.204:53] DefaultDnsQuestion(measured-cowbird-128774.upstash.io. IN A) query '6660' via UDP timed out after 5000 milliseconds (no stack trace available)
2026-08-05 13:32:21 INFO  i.l.core.protocol.ConnectionWatchdog - Reconnecting, last destination was measured-cowbird-128774.upstash.io/<unresolved>:6379
2026-08-05 13:32:26 WARN  i.l.core.protocol.ConnectionWatchdog - Cannot reconnect to [measured-cowbird-128774.upstash.io/<unresolved>:6379]: Failed to resolve 'measured-cowbird-128774.upstash.io' [A(1)]
java.net.UnknownHostException: Failed to resolve 'measured-cowbird-128774.upstash.io' [A(1)]
	at io.netty.resolver.dns.DnsResolveContext.finishResolve(DnsResolveContext.java:1137)
	at io.netty.resolver.dns.DnsResolveContext.tryToFinishResolve(DnsResolveContext.java:1084)
	at io.netty.resolver.dns.DnsResolveContext.query(DnsResolveContext.java:443)
	at io.netty.resolver.dns.DnsResolveContext.access$700(DnsResolveContext.java:69)
	at io.netty.resolver.dns.DnsResolveContext$2.operationComplete(DnsResolveContext.java:512)
	at io.netty.util.concurrent.DefaultPromise.notifyListener0(DefaultPromise.java:604)
	at io.netty.util.concurrent.DefaultPromise.notifyListeners0(DefaultPromise.java:597)
	at io.netty.util.concurrent.DefaultPromise.notifyListenersNow(DefaultPromise.java:573)
	at io.netty.util.concurrent.DefaultPromise.notifyListeners(DefaultPromise.java:506)
	at io.netty.util.concurrent.DefaultPromise.setValue0(DefaultPromise.java:650)
	at io.netty.util.concurrent.DefaultPromise.setFailure0(DefaultPromise.java:643)
	at io.netty.util.concurrent.DefaultPromise.tryFailure(DefaultPromise.java:132)
	at io.netty.resolver.dns.DnsQueryContext.finishFailure(DnsQueryContext.java:346)
	at io.netty.resolver.dns.DnsQueryContext$4.run(DnsQueryContext.java:281)
	at io.netty.util.concurrent.PromiseTask.runTask(PromiseTask.java:98)
	at io.netty.util.concurrent.ScheduledFutureTask.run(ScheduledFutureTask.java:160)
	at io.netty.util.concurrent.AbstractEventExecutor.runTask(AbstractEventExecutor.java:148)
	at io.netty.util.concurrent.AbstractEventExecutor.safeExecute$$$capture(AbstractEventExecutor.java:141)
	at io.netty.util.concurrent.AbstractEventExecutor.safeExecute(AbstractEventExecutor.java)
	at io.netty.util.concurrent.SingleThreadEventExecutor.runAllTasks(SingleThreadEventExecutor.java:535)
	at io.netty.channel.SingleThreadIoEventLoop.run(SingleThreadIoEventLoop.java:201)
	at io.netty.util.concurrent.SingleThreadEventExecutor$5.run(SingleThreadEventExecutor.java:1195)
	at io.netty.util.internal.ThreadExecutorMap$2.run(ThreadExecutorMap.java:74)
	at io.netty.util.concurrent.FastThreadLocalRunnable.run(FastThreadLocalRunnable.java:30)
	at java.base/java.lang.Thread.run(Thread.java:1583)
Caused by: io.netty.resolver.dns.DnsNameResolverTimeoutException: [5044: /10.246.32.204:53] DefaultDnsQuestion(measured-cowbird-128774.upstash.io. IN A) query '5044' via UDP timed out after 5000 milliseconds (no stack trace available)
2026-08-05 13:32:56 INFO  i.l.core.protocol.ConnectionWatchdog - Reconnecting, last destination was measured-cowbird-128774.upstash.io/<unresolved>:6379
2026-08-05 13:33:01 WARN  i.l.core.protocol.ConnectionWatchdog - Cannot reconnect to [measured-cowbird-128774.upstash.io/<unresolved>:6379]: Failed to resolve 'measured-cowbird-128774.upstash.io' [A(1)]
java.net.UnknownHostException: Failed to resolve 'measured-cowbird-128774.upstash.io' [A(1)]
	at io.netty.resolver.dns.DnsResolveContext.finishResolve(DnsResolveContext.java:1137)
	at io.netty.resolver.dns.DnsResolveContext.tryToFinishResolve(DnsResolveContext.java:1084)
	at io.netty.resolver.dns.DnsResolveContext.query(DnsResolveContext.java:443)
	at io.netty.resolver.dns.DnsResolveContext.access$700(DnsResolveContext.java:69)
	at io.netty.resolver.dns.DnsResolveContext$2.operationComplete(DnsResolveContext.java:512)
	at io.netty.util.concurrent.DefaultPromise.notifyListener0(DefaultPromise.java:604)
	at io.netty.util.concurrent.DefaultPromise.notifyListeners0(DefaultPromise.java:597)
	at io.netty.util.concurrent.DefaultPromise.notifyListenersNow(DefaultPromise.java:573)
	at io.netty.util.concurrent.DefaultPromise.notifyListeners(DefaultPromise.java:506)
	at io.netty.util.concurrent.DefaultPromise.setValue0(DefaultPromise.java:650)
	at io.netty.util.concurrent.DefaultPromise.setFailure0(DefaultPromise.java:643)
	at io.netty.util.concurrent.DefaultPromise.tryFailure(DefaultPromise.java:132)
	at io.netty.resolver.dns.DnsQueryContext.finishFailure(DnsQueryContext.java:346)
	at io.netty.resolver.dns.DnsQueryContext$4.run(DnsQueryContext.java:281)
	at io.netty.util.concurrent.PromiseTask.runTask(PromiseTask.java:98)
	at io.netty.util.concurrent.ScheduledFutureTask.run(ScheduledFutureTask.java:160)
	at io.netty.util.concurrent.AbstractEventExecutor.runTask(AbstractEventExecutor.java:148)
	at io.netty.util.concurrent.AbstractEventExecutor.safeExecute$$$capture(AbstractEventExecutor.java:141)
	at io.netty.util.concurrent.AbstractEventExecutor.safeExecute(AbstractEventExecutor.java)
	at io.netty.util.concurrent.SingleThreadEventExecutor.runAllTasks(SingleThreadEventExecutor.java:535)
	at io.netty.channel.SingleThreadIoEventLoop.run(SingleThreadIoEventLoop.java:201)
	at io.netty.util.concurrent.SingleThreadEventExecutor$5.run(SingleThreadEventExecutor.java:1195)
	at io.netty.util.internal.ThreadExecutorMap$2.run(ThreadExecutorMap.java:74)
	at io.netty.util.concurrent.FastThreadLocalRunnable.run(FastThreadLocalRunnable.java:30)
	at java.base/java.lang.Thread.run(Thread.java:1583)
Caused by: io.netty.resolver.dns.DnsNameResolverTimeoutException: [12596: /10.246.32.204:53] DefaultDnsQuestion(measured-cowbird-128774.upstash.io. IN A) query '12596' via UDP timed out after 5000 milliseconds (no stack trace available)
2026-08-05 13:33:31 INFO  i.l.core.protocol.ConnectionWatchdog - Reconnecting, last destination was measured-cowbird-128774.upstash.io/<unresolved>:6379
2026-08-05 13:33:36 WARN  i.l.core.protocol.ConnectionWatchdog - Cannot reconnect to [measured-cowbird-128774.upstash.io/<unresolved>:6379]: Failed to resolve 'measured-cowbird-128774.upstash.io' [A(1)]
java.net.UnknownHostException: Failed to resolve 'measured-cowbird-128774.upstash.io' [A(1)]
	at io.netty.resolver.dns.DnsResolveContext.finishResolve(DnsResolveContext.java:1137)
	at io.netty.resolver.dns.DnsResolveContext.tryToFinishResolve(DnsResolveContext.java:1084)
	at io.netty.resolver.dns.DnsResolveContext.query(DnsResolveContext.java:443)
	at io.netty.resolver.dns.DnsResolveContext.access$700(DnsResolveContext.java:69)
	at io.netty.resolver.dns.DnsResolveContext$2.operationComplete(DnsResolveContext.java:512)
	at io.netty.util.concurrent.DefaultPromise.notifyListener0(DefaultPromise.java:604)
	at io.netty.util.concurrent.DefaultPromise.notifyListeners0(DefaultPromise.java:597)
	at io.netty.util.concurrent.DefaultPromise.notifyListenersNow(DefaultPromise.java:573)
	at io.netty.util.concurrent.DefaultPromise.notifyListeners(DefaultPromise.java:506)
	at io.netty.util.concurrent.DefaultPromise.setValue0(DefaultPromise.java:650)
	at io.netty.util.concurrent.DefaultPromise.setFailure0(DefaultPromise.java:643)
	at io.netty.util.concurrent.DefaultPromise.tryFailure(DefaultPromise.java:132)
	at io.netty.resolver.dns.DnsQueryContext.finishFailure(DnsQueryContext.java:346)
	at io.netty.resolver.dns.DnsQueryContext$4.run(DnsQueryContext.java:281)
	at io.netty.util.concurrent.PromiseTask.runTask(PromiseTask.java:98)
	at io.netty.util.concurrent.ScheduledFutureTask.run(ScheduledFutureTask.java:160)
	at io.netty.util.concurrent.AbstractEventExecutor.runTask(AbstractEventExecutor.java:148)
	at io.netty.util.concurrent.AbstractEventExecutor.safeExecute$$$capture(AbstractEventExecutor.java:141)
	at io.netty.util.concurrent.AbstractEventExecutor.safeExecute(AbstractEventExecutor.java)
	at io.netty.util.concurrent.SingleThreadEventExecutor.runAllTasks(SingleThreadEventExecutor.java:535)
	at io.netty.channel.SingleThreadIoEventLoop.run(SingleThreadIoEventLoop.java:201)
	at io.netty.util.concurrent.SingleThreadEventExecutor$5.run(SingleThreadEventExecutor.java:1195)
	at io.netty.util.internal.ThreadExecutorMap$2.run(ThreadExecutorMap.java:74)
	at io.netty.util.concurrent.FastThreadLocalRunnable.run(FastThreadLocalRunnable.java:30)
	at java.base/java.lang.Thread.run(Thread.java:1583)
Caused by: io.netty.resolver.dns.DnsNameResolverTimeoutException: [7051: /10.246.32.204:53] DefaultDnsQuestion(measured-cowbird-128774.upstash.io. IN A) query '7051' via UDP timed out after 5000 milliseconds (no stack trace available)
2026-08-05 13:34:06 INFO  i.l.core.protocol.ConnectionWatchdog - Reconnecting, last destination was measured-cowbird-128774.upstash.io/<unresolved>:6379
2026-08-05 13:34:11 WARN  i.l.core.protocol.ConnectionWatchdog - Cannot reconnect to [measured-cowbird-128774.upstash.io/<unresolved>:6379]: Failed to resolve 'measured-cowbird-128774.upstash.io' [A(1)]
java.net.UnknownHostException: Failed to resolve 'measured-cowbird-128774.upstash.io' [A(1)]
	at io.netty.resolver.dns.DnsResolveContext.finishResolve(DnsResolveContext.java:1137)
	at io.netty.resolver.dns.DnsResolveContext.tryToFinishResolve(DnsResolveContext.java:1084)
	at io.netty.resolver.dns.DnsResolveContext.query(DnsResolveContext.java:443)
	at io.netty.resolver.dns.DnsResolveContext.access$700(DnsResolveContext.java:69)
	at io.netty.resolver.dns.DnsResolveContext$2.operationComplete(DnsResolveContext.java:512)
	at io.netty.util.concurrent.DefaultPromise.notifyListener0(DefaultPromise.java:604)
	at io.netty.util.concurrent.DefaultPromise.notifyListeners0(DefaultPromise.java:597)
	at io.netty.util.concurrent.DefaultPromise.notifyListenersNow(DefaultPromise.java:573)
	at io.netty.util.concurrent.DefaultPromise.notifyListeners(DefaultPromise.java:506)
	at io.netty.util.concurrent.DefaultPromise.setValue0(DefaultPromise.java:650)
	at io.netty.util.concurrent.DefaultPromise.setFailure0(DefaultPromise.java:643)
	at io.netty.util.concurrent.DefaultPromise.tryFailure(DefaultPromise.java:132)
	at io.netty.resolver.dns.DnsQueryContext.finishFailure(DnsQueryContext.java:346)
	at io.netty.resolver.dns.DnsQueryContext$4.run(DnsQueryContext.java:281)
	at io.netty.util.concurrent.PromiseTask.runTask(PromiseTask.java:98)
	at io.netty.util.concurrent.ScheduledFutureTask.run(ScheduledFutureTask.java:160)
	at io.netty.util.concurrent.AbstractEventExecutor.runTask(AbstractEventExecutor.java:148)
	at io.netty.util.concurrent.AbstractEventExecutor.safeExecute$$$capture(AbstractEventExecutor.java:141)
	at io.netty.util.concurrent.AbstractEventExecutor.safeExecute(AbstractEventExecutor.java)
	at io.netty.util.concurrent.SingleThreadEventExecutor.runAllTasks(SingleThreadEventExecutor.java:535)
	at io.netty.channel.SingleThreadIoEventLoop.run(SingleThreadIoEventLoop.java:201)
	at io.netty.util.concurrent.SingleThreadEventExecutor$5.run(SingleThreadEventExecutor.java:1195)
	at io.netty.util.internal.ThreadExecutorMap$2.run(ThreadExecutorMap.java:74)
	at io.netty.util.concurrent.FastThreadLocalRunnable.run(FastThreadLocalRunnable.java:30)
	at java.base/java.lang.Thread.run(Thread.java:1583)
Caused by: io.netty.resolver.dns.DnsNameResolverTimeoutException: [10416: /10.246.32.204:53] DefaultDnsQuestion(measured-cowbird-128774.upstash.io. IN A) query '10416' via UDP timed out after 5000 milliseconds (no stack trace available)
2026-08-05 13:34:42 INFO  i.l.core.protocol.ConnectionWatchdog - Reconnecting, last destination was measured-cowbird-128774.upstash.io/<unresolved>:6379
2026-08-05 13:34:47 WARN  i.l.core.protocol.ConnectionWatchdog - Cannot reconnect to [measured-cowbird-128774.upstash.io/<unresolved>:6379]: Failed to resolve 'measured-cowbird-128774.upstash.io' [A(1)]
java.net.UnknownHostException: Failed to resolve 'measured-cowbird-128774.upstash.io' [A(1)]
	at io.netty.resolver.dns.DnsResolveContext.finishResolve(DnsResolveContext.java:1137)
	at io.netty.resolver.dns.DnsResolveContext.tryToFinishResolve(DnsResolveContext.java:1084)
	at io.netty.resolver.dns.DnsResolveContext.query(DnsResolveContext.java:443)
	at io.netty.resolver.dns.DnsResolveContext.access$700(DnsResolveContext.java:69)
	at io.netty.resolver.dns.DnsResolveContext$2.operationComplete(DnsResolveContext.java:512)
	at io.netty.util.concurrent.DefaultPromise.notifyListener0(DefaultPromise.java:604)
	at io.netty.util.concurrent.DefaultPromise.notifyListeners0(DefaultPromise.java:597)
	at io.netty.util.concurrent.DefaultPromise.notifyListenersNow(DefaultPromise.java:573)
	at io.netty.util.concurrent.DefaultPromise.notifyListeners(DefaultPromise.java:506)
	at io.netty.util.concurrent.DefaultPromise.setValue0(DefaultPromise.java:650)
	at io.netty.util.concurrent.DefaultPromise.setFailure0(DefaultPromise.java:643)
	at io.netty.util.concurrent.DefaultPromise.tryFailure(DefaultPromise.java:132)
	at io.netty.resolver.dns.DnsQueryContext.finishFailure(DnsQueryContext.java:346)
	at io.netty.resolver.dns.DnsQueryContext$4.run(DnsQueryContext.java:281)
	at io.netty.util.concurrent.PromiseTask.runTask(PromiseTask.java:98)
	at io.netty.util.concurrent.ScheduledFutureTask.run(ScheduledFutureTask.java:160)
	at io.netty.util.concurrent.AbstractEventExecutor.runTask(AbstractEventExecutor.java:148)
	at io.netty.util.concurrent.AbstractEventExecutor.safeExecute$$$capture(AbstractEventExecutor.java:141)
	at io.netty.util.concurrent.AbstractEventExecutor.safeExecute(AbstractEventExecutor.java)
	at io.netty.util.concurrent.SingleThreadEventExecutor.runAllTasks(SingleThreadEventExecutor.java:535)
	at io.netty.channel.SingleThreadIoEventLoop.run(SingleThreadIoEventLoop.java:201)
	at io.netty.util.concurrent.SingleThreadEventExecutor$5.run(SingleThreadEventExecutor.java:1195)
	at io.netty.util.internal.ThreadExecutorMap$2.run(ThreadExecutorMap.java:74)
	at io.netty.util.concurrent.FastThreadLocalRunnable.run(FastThreadLocalRunnable.java:30)
	at java.base/java.lang.Thread.run(Thread.java:1583)
Caused by: io.netty.resolver.dns.DnsNameResolverTimeoutException: [11679: /10.246.32.204:53] DefaultDnsQuestion(measured-cowbird-128774.upstash.io. IN A) query '11679' via UDP timed out after 5000 milliseconds (no stack trace available)
2026-08-05 13:35:17 INFO  i.l.core.protocol.ConnectionWatchdog - Reconnecting, last destination was measured-cowbird-128774.upstash.io/<unresolved>:6379
2026-08-05 13:35:22 WARN  i.l.core.protocol.ConnectionWatchdog - Cannot reconnect to [measured-cowbird-128774.upstash.io/<unresolved>:6379]: Failed to resolve 'measured-cowbird-128774.upstash.io' [A(1)]
java.net.UnknownHostException: Failed to resolve 'measured-cowbird-128774.upstash.io' [A(1)]
	at io.netty.resolver.dns.DnsResolveContext.finishResolve(DnsResolveContext.java:1137)
	at io.netty.resolver.dns.DnsResolveContext.tryToFinishResolve(DnsResolveContext.java:1084)
	at io.netty.resolver.dns.DnsResolveContext.query(DnsResolveContext.java:443)
	at io.netty.resolver.dns.DnsResolveContext.access$700(DnsResolveContext.java:69)
	at io.netty.resolver.dns.DnsResolveContext$2.operationComplete(DnsResolveContext.java:512)
	at io.netty.util.concurrent.DefaultPromise.notifyListener0(DefaultPromise.java:604)
	at io.netty.util.concurrent.DefaultPromise.notifyListeners0(DefaultPromise.java:597)
	at io.netty.util.concurrent.DefaultPromise.notifyListenersNow(DefaultPromise.java:573)
	at io.netty.util.concurrent.DefaultPromise.notifyListeners(DefaultPromise.java:506)
	at io.netty.util.concurrent.DefaultPromise.setValue0(DefaultPromise.java:650)
	at io.netty.util.concurrent.DefaultPromise.setFailure0(DefaultPromise.java:643)
	at io.netty.util.concurrent.DefaultPromise.tryFailure(DefaultPromise.java:132)
	at io.netty.resolver.dns.DnsQueryContext.finishFailure(DnsQueryContext.java:346)
	at io.netty.resolver.dns.DnsQueryContext$4.run(DnsQueryContext.java:281)
	at io.netty.util.concurrent.PromiseTask.runTask(PromiseTask.java:98)
	at io.netty.util.concurrent.ScheduledFutureTask.run(ScheduledFutureTask.java:160)
	at io.netty.util.concurrent.AbstractEventExecutor.runTask(AbstractEventExecutor.java:148)
	at io.netty.util.concurrent.AbstractEventExecutor.safeExecute$$$capture(AbstractEventExecutor.java:141)
	at io.netty.util.concurrent.AbstractEventExecutor.safeExecute(AbstractEventExecutor.java)
	at io.netty.util.concurrent.SingleThreadEventExecutor.runAllTasks(SingleThreadEventExecutor.java:535)
	at io.netty.channel.SingleThreadIoEventLoop.run(SingleThreadIoEventLoop.java:201)
	at io.netty.util.concurrent.SingleThreadEventExecutor$5.run(SingleThreadEventExecutor.java:1195)
	at io.netty.util.internal.ThreadExecutorMap$2.run(ThreadExecutorMap.java:74)
	at io.netty.util.concurrent.FastThreadLocalRunnable.run(FastThreadLocalRunnable.java:30)
	at java.base/java.lang.Thread.run(Thread.java:1583)
Caused by: io.netty.resolver.dns.DnsNameResolverTimeoutException: [2025: /10.246.32.204:53] DefaultDnsQuestion(measured-cowbird-128774.upstash.io. IN A) query '2025' via UDP timed out after 5000 milliseconds (no stack trace available)
2026-08-05 13:35:52 INFO  i.l.core.protocol.ConnectionWatchdog - Reconnecting, last destination was measured-cowbird-128774.upstash.io/<unresolved>:6379
2026-08-05 13:35:57 WARN  i.l.core.protocol.ConnectionWatchdog - Cannot reconnect to [measured-cowbird-128774.upstash.io/<unresolved>:6379]: Failed to resolve 'measured-cowbird-128774.upstash.io' [A(1)]
java.net.UnknownHostException: Failed to resolve 'measured-cowbird-128774.upstash.io' [A(1)]
	at io.netty.resolver.dns.DnsResolveContext.finishResolve(DnsResolveContext.java:1137)
	at io.netty.resolver.dns.DnsResolveContext.tryToFinishResolve(DnsResolveContext.java:1084)
	at io.netty.resolver.dns.DnsResolveContext.query(DnsResolveContext.java:443)
	at io.netty.resolver.dns.DnsResolveContext.access$700(DnsResolveContext.java:69)
	at io.netty.resolver.dns.DnsResolveContext$2.operationComplete(DnsResolveContext.java:512)
	at io.netty.util.concurrent.DefaultPromise.notifyListener0(DefaultPromise.java:604)
	at io.netty.util.concurrent.DefaultPromise.notifyListeners0(DefaultPromise.java:597)
	at io.netty.util.concurrent.DefaultPromise.notifyListenersNow(DefaultPromise.java:573)
	at io.netty.util.concurrent.DefaultPromise.notifyListeners(DefaultPromise.java:506)
	at io.netty.util.concurrent.DefaultPromise.setValue0(DefaultPromise.java:650)
	at io.netty.util.concurrent.DefaultPromise.setFailure0(DefaultPromise.java:643)
	at io.netty.util.concurrent.DefaultPromise.tryFailure(DefaultPromise.java:132)
	at io.netty.resolver.dns.DnsQueryContext.finishFailure(DnsQueryContext.java:346)
	at io.netty.resolver.dns.DnsQueryContext$4.run(DnsQueryContext.java:281)
	at io.netty.util.concurrent.PromiseTask.runTask(PromiseTask.java:98)
	at io.netty.util.concurrent.ScheduledFutureTask.run(ScheduledFutureTask.java:160)
	at io.netty.util.concurrent.AbstractEventExecutor.runTask(AbstractEventExecutor.java:148)
	at io.netty.util.concurrent.AbstractEventExecutor.safeExecute$$$capture(AbstractEventExecutor.java:141)
	at io.netty.util.concurrent.AbstractEventExecutor.safeExecute(AbstractEventExecutor.java)
	at io.netty.util.concurrent.SingleThreadEventExecutor.runAllTasks(SingleThreadEventExecutor.java:535)
	at io.netty.channel.SingleThreadIoEventLoop.run(SingleThreadIoEventLoop.java:201)
	at io.netty.util.concurrent.SingleThreadEventExecutor$5.run(SingleThreadEventExecutor.java:1195)
	at io.netty.util.internal.ThreadExecutorMap$2.run(ThreadExecutorMap.java:74)
	at io.netty.util.concurrent.FastThreadLocalRunnable.run(FastThreadLocalRunnable.java:30)
	at java.base/java.lang.Thread.run(Thread.java:1583)
Caused by: io.netty.resolver.dns.DnsNameResolverTimeoutException: [5198: /10.246.32.204:53] DefaultDnsQuestion(measured-cowbird-128774.upstash.io. IN A) query '5198' via UDP timed out after 5000 milliseconds (no stack trace available)
2026-08-05 13:36:27 INFO  i.l.core.protocol.ConnectionWatchdog - Reconnecting, last destination was measured-cowbird-128774.upstash.io/<unresolved>:6379
2026-08-05 13:36:32 WARN  i.l.core.protocol.ConnectionWatchdog - Cannot reconnect to [measured-cowbird-128774.upstash.io/<unresolved>:6379]: Failed to resolve 'measured-cowbird-128774.upstash.io' [A(1)]
java.net.UnknownHostException: Failed to resolve 'measured-cowbird-128774.upstash.io' [A(1)]
	at io.netty.resolver.dns.DnsResolveContext.finishResolve(DnsResolveContext.java:1137)
	at io.netty.resolver.dns.DnsResolveContext.tryToFinishResolve(DnsResolveContext.java:1084)
	at io.netty.resolver.dns.DnsResolveContext.query(DnsResolveContext.java:443)
	at io.netty.resolver.dns.DnsResolveContext.access$700(DnsResolveContext.java:69)
	at io.netty.resolver.dns.DnsResolveContext$2.operationComplete(DnsResolveContext.java:512)
	at io.netty.util.concurrent.DefaultPromise.notifyListener0(DefaultPromise.java:604)
	at io.netty.util.concurrent.DefaultPromise.notifyListeners0(DefaultPromise.java:597)
	at io.netty.util.concurrent.DefaultPromise.notifyListenersNow(DefaultPromise.java:573)
	at io.netty.util.concurrent.DefaultPromise.notifyListeners(DefaultPromise.java:506)
	at io.netty.util.concurrent.DefaultPromise.setValue0(DefaultPromise.java:650)
	at io.netty.util.concurrent.DefaultPromise.setFailure0(DefaultPromise.java:643)
	at io.netty.util.concurrent.DefaultPromise.tryFailure(DefaultPromise.java:132)
	at io.netty.resolver.dns.DnsQueryContext.finishFailure(DnsQueryContext.java:346)
	at io.netty.resolver.dns.DnsQueryContext$4.run(DnsQueryContext.java:281)
	at io.netty.util.concurrent.PromiseTask.runTask(PromiseTask.java:98)
	at io.netty.util.concurrent.ScheduledFutureTask.run(ScheduledFutureTask.java:160)
	at io.netty.util.concurrent.AbstractEventExecutor.runTask(AbstractEventExecutor.java:148)
	at io.netty.util.concurrent.AbstractEventExecutor.safeExecute$$$capture(AbstractEventExecutor.java:141)
	at io.netty.util.concurrent.AbstractEventExecutor.safeExecute(AbstractEventExecutor.java)
	at io.netty.util.concurrent.SingleThreadEventExecutor.runAllTasks(SingleThreadEventExecutor.java:535)
	at io.netty.channel.SingleThreadIoEventLoop.run(SingleThreadIoEventLoop.java:201)
	at io.netty.util.concurrent.SingleThreadEventExecutor$5.run(SingleThreadEventExecutor.java:1195)
	at io.netty.util.internal.ThreadExecutorMap$2.run(ThreadExecutorMap.java:74)
	at io.netty.util.concurrent.FastThreadLocalRunnable.run(FastThreadLocalRunnable.java:30)
	at java.base/java.lang.Thread.run(Thread.java:1583)
Caused by: io.netty.resolver.dns.DnsNameResolverTimeoutException: [9860: /10.246.32.204:53] DefaultDnsQuestion(measured-cowbird-128774.upstash.io. IN A) query '9860' via UDP timed out after 5000 milliseconds (no stack trace available)
2026-08-05 13:37:02 INFO  i.l.core.protocol.ConnectionWatchdog - Reconnecting, last destination was measured-cowbird-128774.upstash.io/<unresolved>:6379
2026-08-05 13:37:07 WARN  i.l.core.protocol.ConnectionWatchdog - Cannot reconnect to [measured-cowbird-128774.upstash.io/<unresolved>:6379]: Failed to resolve 'measured-cowbird-128774.upstash.io' [A(1)]
java.net.UnknownHostException: Failed to resolve 'measured-cowbird-128774.upstash.io' [A(1)]
	at io.netty.resolver.dns.DnsResolveContext.finishResolve(DnsResolveContext.java:1137)
	at io.netty.resolver.dns.DnsResolveContext.tryToFinishResolve(DnsResolveContext.java:1084)
	at io.netty.resolver.dns.DnsResolveContext.query(DnsResolveContext.java:443)
	at io.netty.resolver.dns.DnsResolveContext.access$700(DnsResolveContext.java:69)
	at io.netty.resolver.dns.DnsResolveContext$2.operationComplete(DnsResolveContext.java:512)
	at io.netty.util.concurrent.DefaultPromise.notifyListener0(DefaultPromise.java:604)
	at io.netty.util.concurrent.DefaultPromise.notifyListeners0(DefaultPromise.java:597)
	at io.netty.util.concurrent.DefaultPromise.notifyListenersNow(DefaultPromise.java:573)
	at io.netty.util.concurrent.DefaultPromise.notifyListeners(DefaultPromise.java:506)
	at io.netty.util.concurrent.DefaultPromise.setValue0(DefaultPromise.java:650)
	at io.netty.util.concurrent.DefaultPromise.setFailure0(DefaultPromise.java:643)
	at io.netty.util.concurrent.DefaultPromise.tryFailure(DefaultPromise.java:132)
	at io.netty.resolver.dns.DnsQueryContext.finishFailure(DnsQueryContext.java:346)
	at io.netty.resolver.dns.DnsQueryContext$4.run(DnsQueryContext.java:281)
	at io.netty.util.concurrent.PromiseTask.runTask(PromiseTask.java:98)
	at io.netty.util.concurrent.ScheduledFutureTask.run(ScheduledFutureTask.java:160)
	at io.netty.util.concurrent.AbstractEventExecutor.runTask(AbstractEventExecutor.java:148)
	at io.netty.util.concurrent.AbstractEventExecutor.safeExecute$$$capture(AbstractEventExecutor.java:141)
	at io.netty.util.concurrent.AbstractEventExecutor.safeExecute(AbstractEventExecutor.java)
	at io.netty.util.concurrent.SingleThreadEventExecutor.runAllTasks(SingleThreadEventExecutor.java:535)
	at io.netty.channel.SingleThreadIoEventLoop.run(SingleThreadIoEventLoop.java:201)
	at io.netty.util.concurrent.SingleThreadEventExecutor$5.run(SingleThreadEventExecutor.java:1195)
	at io.netty.util.internal.ThreadExecutorMap$2.run(ThreadExecutorMap.java:74)
	at io.netty.util.concurrent.FastThreadLocalRunnable.run(FastThreadLocalRunnable.java:30)
	at java.base/java.lang.Thread.run(Thread.java:1583)
Caused by: io.netty.resolver.dns.DnsNameResolverTimeoutException: [12963: /10.246.32.204:53] DefaultDnsQuestion(measured-cowbird-128774.upstash.io. IN A) query '12963' via UDP timed out after 5000 milliseconds (no stack trace available)
2026-08-05 13:37:37 INFO  i.l.core.protocol.ConnectionWatchdog - Reconnecting, last destination was measured-cowbird-128774.upstash.io/<unresolved>:6379
2026-08-05 13:37:42 WARN  i.l.core.protocol.ConnectionWatchdog - Cannot reconnect to [measured-cowbird-128774.upstash.io/<unresolved>:6379]: Failed to resolve 'measured-cowbird-128774.upstash.io' [A(1)]
java.net.UnknownHostException: Failed to resolve 'measured-cowbird-128774.upstash.io' [A(1)]
	at io.netty.resolver.dns.DnsResolveContext.finishResolve(DnsResolveContext.java:1137)
	at io.netty.resolver.dns.DnsResolveContext.tryToFinishResolve(DnsResolveContext.java:1084)
	at io.netty.resolver.dns.DnsResolveContext.query(DnsResolveContext.java:443)
	at io.netty.resolver.dns.DnsResolveContext.access$700(DnsResolveContext.java:69)
	at io.netty.resolver.dns.DnsResolveContext$2.operationComplete(DnsResolveContext.java:512)
	at io.netty.util.concurrent.DefaultPromise.notifyListener0(DefaultPromise.java:604)
	at io.netty.util.concurrent.DefaultPromise.notifyListeners0(DefaultPromise.java:597)
	at io.netty.util.concurrent.DefaultPromise.notifyListenersNow(DefaultPromise.java:573)
	at io.netty.util.concurrent.DefaultPromise.notifyListeners(DefaultPromise.java:506)
	at io.netty.util.concurrent.DefaultPromise.setValue0(DefaultPromise.java:650)
	at io.netty.util.concurrent.DefaultPromise.setFailure0(DefaultPromise.java:643)
	at io.netty.util.concurrent.DefaultPromise.tryFailure(DefaultPromise.java:132)
	at io.netty.resolver.dns.DnsQueryContext.finishFailure(DnsQueryContext.java:346)
	at io.netty.resolver.dns.DnsQueryContext$4.run(DnsQueryContext.java:281)
	at io.netty.util.concurrent.PromiseTask.runTask(PromiseTask.java:98)
	at io.netty.util.concurrent.ScheduledFutureTask.run(ScheduledFutureTask.java:160)
	at io.netty.util.concurrent.AbstractEventExecutor.runTask(AbstractEventExecutor.java:148)
	at io.netty.util.concurrent.AbstractEventExecutor.safeExecute$$$capture(AbstractEventExecutor.java:141)
	at io.netty.util.concurrent.AbstractEventExecutor.safeExecute(AbstractEventExecutor.java)
	at io.netty.util.concurrent.SingleThreadEventExecutor.runAllTasks(SingleThreadEventExecutor.java:535)
	at io.netty.channel.SingleThreadIoEventLoop.run(SingleThreadIoEventLoop.java:201)
	at io.netty.util.concurrent.SingleThreadEventExecutor$5.run(SingleThreadEventExecutor.java:1195)
	at io.netty.util.internal.ThreadExecutorMap$2.run(ThreadExecutorMap.java:74)
	at io.netty.util.concurrent.FastThreadLocalRunnable.run(FastThreadLocalRunnable.java:30)
	at java.base/java.lang.Thread.run(Thread.java:1583)
Caused by: io.netty.resolver.dns.DnsNameResolverTimeoutException: [291: /10.246.32.204:53] DefaultDnsQuestion(measured-cowbird-128774.upstash.io. IN A) query '291' via UDP timed out after 5000 milliseconds (no stack trace available)
2026-08-05 13:38:12 INFO  i.l.core.protocol.ConnectionWatchdog - Reconnecting, last destination was measured-cowbird-128774.upstash.io/<unresolved>:6379
2026-08-05 13:38:17 WARN  i.l.core.protocol.ConnectionWatchdog - Cannot reconnect to [measured-cowbird-128774.upstash.io/<unresolved>:6379]: Failed to resolve 'measured-cowbird-128774.upstash.io' [A(1)]
java.net.UnknownHostException: Failed to resolve 'measured-cowbird-128774.upstash.io' [A(1)]
	at io.netty.resolver.dns.DnsResolveContext.finishResolve(DnsResolveContext.java:1137)
	at io.netty.resolver.dns.DnsResolveContext.tryToFinishResolve(DnsResolveContext.java:1084)
	at io.netty.resolver.dns.DnsResolveContext.query(DnsResolveContext.java:443)
	at io.netty.resolver.dns.DnsResolveContext.access$700(DnsResolveContext.java:69)
	at io.netty.resolver.dns.DnsResolveContext$2.operationComplete(DnsResolveContext.java:512)
	at io.netty.util.concurrent.DefaultPromise.notifyListener0(DefaultPromise.java:604)
	at io.netty.util.concurrent.DefaultPromise.notifyListeners0(DefaultPromise.java:597)
	at io.netty.util.concurrent.DefaultPromise.notifyListenersNow(DefaultPromise.java:573)
	at io.netty.util.concurrent.DefaultPromise.notifyListeners(DefaultPromise.java:506)
	at io.netty.util.concurrent.DefaultPromise.setValue0(DefaultPromise.java:650)
	at io.netty.util.concurrent.DefaultPromise.setFailure0(DefaultPromise.java:643)
	at io.netty.util.concurrent.DefaultPromise.tryFailure(DefaultPromise.java:132)
	at io.netty.resolver.dns.DnsQueryContext.finishFailure(DnsQueryContext.java:346)
	at io.netty.resolver.dns.DnsQueryContext$4.run(DnsQueryContext.java:281)
	at io.netty.util.concurrent.PromiseTask.runTask(PromiseTask.java:98)
	at io.netty.util.concurrent.ScheduledFutureTask.run(ScheduledFutureTask.java:160)
	at io.netty.util.concurrent.AbstractEventExecutor.runTask(AbstractEventExecutor.java:148)
	at io.netty.util.concurrent.AbstractEventExecutor.safeExecute$$$capture(AbstractEventExecutor.java:141)
	at io.netty.util.concurrent.AbstractEventExecutor.safeExecute(AbstractEventExecutor.java)
	at io.netty.util.concurrent.SingleThreadEventExecutor.runAllTasks(SingleThreadEventExecutor.java:535)
	at io.netty.channel.SingleThreadIoEventLoop.run(SingleThreadIoEventLoop.java:201)
	at io.netty.util.concurrent.SingleThreadEventExecutor$5.run(SingleThreadEventExecutor.java:1195)
	at io.netty.util.internal.ThreadExecutorMap$2.run(ThreadExecutorMap.java:74)
	at io.netty.util.concurrent.FastThreadLocalRunnable.run(FastThreadLocalRunnable.java:30)
	at java.base/java.lang.Thread.run(Thread.java:1583)
Caused by: io.netty.resolver.dns.DnsNameResolverTimeoutException: [2325: /10.246.32.204:53] DefaultDnsQuestion(measured-cowbird-128774.upstash.io. IN A) query '2325' via UDP timed out after 5000 milliseconds (no stack trace available)
2026-08-05 13:38:47 INFO  i.l.core.protocol.ConnectionWatchdog - Reconnecting, last destination was measured-cowbird-128774.upstash.io/<unresolved>:6379
2026-08-05 13:38:52 WARN  i.l.core.protocol.ConnectionWatchdog - Cannot reconnect to [measured-cowbird-128774.upstash.io/<unresolved>:6379]: Failed to resolve 'measured-cowbird-128774.upstash.io' [A(1)]
java.net.UnknownHostException: Failed to resolve 'measured-cowbird-128774.upstash.io' [A(1)]
	at io.netty.resolver.dns.DnsResolveContext.finishResolve(DnsResolveContext.java:1137)
	at io.netty.resolver.dns.DnsResolveContext.tryToFinishResolve(DnsResolveContext.java:1084)
	at io.netty.resolver.dns.DnsResolveContext.query(DnsResolveContext.java:443)
	at io.netty.resolver.dns.DnsResolveContext.access$700(DnsResolveContext.java:69)
	at io.netty.resolver.dns.DnsResolveContext$2.operationComplete(DnsResolveContext.java:512)
	at io.netty.util.concurrent.DefaultPromise.notifyListener0(DefaultPromise.java:604)
	at io.netty.util.concurrent.DefaultPromise.notifyListeners0(DefaultPromise.java:597)
	at io.netty.util.concurrent.DefaultPromise.notifyListenersNow(DefaultPromise.java:573)
	at io.netty.util.concurrent.DefaultPromise.notifyListeners(DefaultPromise.java:506)
	at io.netty.util.concurrent.DefaultPromise.setValue0(DefaultPromise.java:650)
	at io.netty.util.concurrent.DefaultPromise.setFailure0(DefaultPromise.java:643)
	at io.netty.util.concurrent.DefaultPromise.tryFailure(DefaultPromise.java:132)
	at io.netty.resolver.dns.DnsQueryContext.finishFailure(DnsQueryContext.java:346)
	at io.netty.resolver.dns.DnsQueryContext$4.run(DnsQueryContext.java:281)
	at io.netty.util.concurrent.PromiseTask.runTask(PromiseTask.java:98)
	at io.netty.util.concurrent.ScheduledFutureTask.run(ScheduledFutureTask.java:160)
	at io.netty.util.concurrent.AbstractEventExecutor.runTask(AbstractEventExecutor.java:148)
	at io.netty.util.concurrent.AbstractEventExecutor.safeExecute$$$capture(AbstractEventExecutor.java:141)
	at io.netty.util.concurrent.AbstractEventExecutor.safeExecute(AbstractEventExecutor.java)
	at io.netty.util.concurrent.SingleThreadEventExecutor.runAllTasks(SingleThreadEventExecutor.java:535)
	at io.netty.channel.SingleThreadIoEventLoop.run(SingleThreadIoEventLoop.java:201)
	at io.netty.util.concurrent.SingleThreadEventExecutor$5.run(SingleThreadEventExecutor.java:1195)
	at io.netty.util.internal.ThreadExecutorMap$2.run(ThreadExecutorMap.java:74)
	at io.netty.util.concurrent.FastThreadLocalRunnable.run(FastThreadLocalRunnable.java:30)
	at java.base/java.lang.Thread.run(Thread.java:1583)
Caused by: io.netty.resolver.dns.DnsNameResolverTimeoutException: [8202: /10.246.32.204:53] DefaultDnsQuestion(measured-cowbird-128774.upstash.io. IN A) query '8202' via UDP timed out after 5000 milliseconds (no stack trace available)
2026-08-05 13:39:22 INFO  i.l.core.protocol.ConnectionWatchdog - Reconnecting, last destination was measured-cowbird-128774.upstash.io/<unresolved>:6379
2026-08-05 13:39:27 WARN  i.l.core.protocol.ConnectionWatchdog - Cannot reconnect to [measured-cowbird-128774.upstash.io/<unresolved>:6379]: Failed to resolve 'measured-cowbird-128774.upstash.io' [A(1)]
java.net.UnknownHostException: Failed to resolve 'measured-cowbird-128774.upstash.io' [A(1)]
	at io.netty.resolver.dns.DnsResolveContext.finishResolve(DnsResolveContext.java:1137)
	at io.netty.resolver.dns.DnsResolveContext.tryToFinishResolve(DnsResolveContext.java:1084)
	at io.netty.resolver.dns.DnsResolveContext.query(DnsResolveContext.java:443)
	at io.netty.resolver.dns.DnsResolveContext.access$700(DnsResolveContext.java:69)
	at io.netty.resolver.dns.DnsResolveContext$2.operationComplete(DnsResolveContext.java:512)
	at io.netty.util.concurrent.DefaultPromise.notifyListener0(DefaultPromise.java:604)
	at io.netty.util.concurrent.DefaultPromise.notifyListeners0(DefaultPromise.java:597)
	at io.netty.util.concurrent.DefaultPromise.notifyListenersNow(DefaultPromise.java:573)
	at io.netty.util.concurrent.DefaultPromise.notifyListeners(DefaultPromise.java:506)
	at io.netty.util.concurrent.DefaultPromise.setValue0(DefaultPromise.java:650)
	at io.netty.util.concurrent.DefaultPromise.setFailure0(DefaultPromise.java:643)
	at io.netty.util.concurrent.DefaultPromise.tryFailure(DefaultPromise.java:132)
	at io.netty.resolver.dns.DnsQueryContext.finishFailure(DnsQueryContext.java:346)
	at io.netty.resolver.dns.DnsQueryContext$4.run(DnsQueryContext.java:281)
	at io.netty.util.concurrent.PromiseTask.runTask(PromiseTask.java:98)
	at io.netty.util.concurrent.ScheduledFutureTask.run(ScheduledFutureTask.java:160)
	at io.netty.util.concurrent.AbstractEventExecutor.runTask(AbstractEventExecutor.java:148)
	at io.netty.util.concurrent.AbstractEventExecutor.safeExecute$$$capture(AbstractEventExecutor.java:141)
	at io.netty.util.concurrent.AbstractEventExecutor.safeExecute(AbstractEventExecutor.java)
	at io.netty.util.concurrent.SingleThreadEventExecutor.runAllTasks(SingleThreadEventExecutor.java:535)
	at io.netty.channel.SingleThreadIoEventLoop.run(SingleThreadIoEventLoop.java:201)
	at io.netty.util.concurrent.SingleThreadEventExecutor$5.run(SingleThreadEventExecutor.java:1195)
	at io.netty.util.internal.ThreadExecutorMap$2.run(ThreadExecutorMap.java:74)
	at io.netty.util.concurrent.FastThreadLocalRunnable.run(FastThreadLocalRunnable.java:30)
	at java.base/java.lang.Thread.run(Thread.java:1583)
Caused by: io.netty.resolver.dns.DnsNameResolverTimeoutException: [5887: /10.246.32.204:53] DefaultDnsQuestion(measured-cowbird-128774.upstash.io. IN A) query '5887' via UDP timed out after 5000 milliseconds (no stack trace available)
2026-08-05 13:39:57 INFO  i.l.core.protocol.ConnectionWatchdog - Reconnecting, last destination was measured-cowbird-128774.upstash.io/<unresolved>:6379
2026-08-05 13:40:02 WARN  i.l.core.protocol.ConnectionWatchdog - Cannot reconnect to [measured-cowbird-128774.upstash.io/<unresolved>:6379]: Failed to resolve 'measured-cowbird-128774.upstash.io' [A(1)]
java.net.UnknownHostException: Failed to resolve 'measured-cowbird-128774.upstash.io' [A(1)]
	at io.netty.resolver.dns.DnsResolveContext.finishResolve(DnsResolveContext.java:1137)
	at io.netty.resolver.dns.DnsResolveContext.tryToFinishResolve(DnsResolveContext.java:1084)
	at io.netty.resolver.dns.DnsResolveContext.query(DnsResolveContext.java:443)
	at io.netty.resolver.dns.DnsResolveContext.access$700(DnsResolveContext.java:69)
	at io.netty.resolver.dns.DnsResolveContext$2.operationComplete(DnsResolveContext.java:512)
	at io.netty.util.concurrent.DefaultPromise.notifyListener0(DefaultPromise.java:604)
	at io.netty.util.concurrent.DefaultPromise.notifyListeners0(DefaultPromise.java:597)
	at io.netty.util.concurrent.DefaultPromise.notifyListenersNow(DefaultPromise.java:573)
	at io.netty.util.concurrent.DefaultPromise.notifyListeners(DefaultPromise.java:506)
	at io.netty.util.concurrent.DefaultPromise.setValue0(DefaultPromise.java:650)
	at io.netty.util.concurrent.DefaultPromise.setFailure0(DefaultPromise.java:643)
	at io.netty.util.concurrent.DefaultPromise.tryFailure(DefaultPromise.java:132)
	at io.netty.resolver.dns.DnsQueryContext.finishFailure(DnsQueryContext.java:346)
	at io.netty.resolver.dns.DnsQueryContext$4.run(DnsQueryContext.java:281)
	at io.netty.util.concurrent.PromiseTask.runTask(PromiseTask.java:98)
	at io.netty.util.concurrent.ScheduledFutureTask.run(ScheduledFutureTask.java:160)
	at io.netty.util.concurrent.AbstractEventExecutor.runTask(AbstractEventExecutor.java:148)
	at io.netty.util.concurrent.AbstractEventExecutor.safeExecute$$$capture(AbstractEventExecutor.java:141)
	at io.netty.util.concurrent.AbstractEventExecutor.safeExecute(AbstractEventExecutor.java)
	at io.netty.util.concurrent.SingleThreadEventExecutor.runAllTasks(SingleThreadEventExecutor.java:535)
	at io.netty.channel.SingleThreadIoEventLoop.run(SingleThreadIoEventLoop.java:201)
	at io.netty.util.concurrent.SingleThreadEventExecutor$5.run(SingleThreadEventExecutor.java:1195)
	at io.netty.util.internal.ThreadExecutorMap$2.run(ThreadExecutorMap.java:74)
	at io.netty.util.concurrent.FastThreadLocalRunnable.run(FastThreadLocalRunnable.java:30)
	at java.base/java.lang.Thread.run(Thread.java:1583)
Caused by: io.netty.resolver.dns.DnsNameResolverTimeoutException: [5298: /10.246.32.204:53] DefaultDnsQuestion(measured-cowbird-128774.upstash.io. IN A) query '5298' via UDP timed out after 5000 milliseconds (no stack trace available)
2026-08-05 13:40:33 INFO  i.l.core.protocol.ConnectionWatchdog - Reconnecting, last destination was measured-cowbird-128774.upstash.io/<unresolved>:6379
2026-08-05 13:40:38 WARN  i.l.core.protocol.ConnectionWatchdog - Cannot reconnect to [measured-cowbird-128774.upstash.io/<unresolved>:6379]: Failed to resolve 'measured-cowbird-128774.upstash.io' [A(1)]
java.net.UnknownHostException: Failed to resolve 'measured-cowbird-128774.upstash.io' [A(1)]
	at io.netty.resolver.dns.DnsResolveContext.finishResolve(DnsResolveContext.java:1137)
	at io.netty.resolver.dns.DnsResolveContext.tryToFinishResolve(DnsResolveContext.java:1084)
	at io.netty.resolver.dns.DnsResolveContext.query(DnsResolveContext.java:443)
	at io.netty.resolver.dns.DnsResolveContext.access$700(DnsResolveContext.java:69)
	at io.netty.resolver.dns.DnsResolveContext$2.operationComplete(DnsResolveContext.java:512)
	at io.netty.util.concurrent.DefaultPromise.notifyListener0(DefaultPromise.java:604)
	at io.netty.util.concurrent.DefaultPromise.notifyListeners0(DefaultPromise.java:597)
	at io.netty.util.concurrent.DefaultPromise.notifyListenersNow(DefaultPromise.java:573)
	at io.netty.util.concurrent.DefaultPromise.notifyListeners(DefaultPromise.java:506)
	at io.netty.util.concurrent.DefaultPromise.setValue0(DefaultPromise.java:650)
	at io.netty.util.concurrent.DefaultPromise.setFailure0(DefaultPromise.java:643)
	at io.netty.util.concurrent.DefaultPromise.tryFailure(DefaultPromise.java:132)
	at io.netty.resolver.dns.DnsQueryContext.finishFailure(DnsQueryContext.java:346)
	at io.netty.resolver.dns.DnsQueryContext$4.run(DnsQueryContext.java:281)
	at io.netty.util.concurrent.PromiseTask.runTask(PromiseTask.java:98)
	at io.netty.util.concurrent.ScheduledFutureTask.run(ScheduledFutureTask.java:160)
	at io.netty.util.concurrent.AbstractEventExecutor.runTask(AbstractEventExecutor.java:148)
	at io.netty.util.concurrent.AbstractEventExecutor.safeExecute$$$capture(AbstractEventExecutor.java:141)
	at io.netty.util.concurrent.AbstractEventExecutor.safeExecute(AbstractEventExecutor.java)
	at io.netty.util.concurrent.SingleThreadEventExecutor.runAllTasks(SingleThreadEventExecutor.java:535)
	at io.netty.channel.SingleThreadIoEventLoop.run(SingleThreadIoEventLoop.java:201)
	at io.netty.util.concurrent.SingleThreadEventExecutor$5.run(SingleThreadEventExecutor.java:1195)
	at io.netty.util.internal.ThreadExecutorMap$2.run(ThreadExecutorMap.java:74)
	at io.netty.util.concurrent.FastThreadLocalRunnable.run(FastThreadLocalRunnable.java:30)
	at java.base/java.lang.Thread.run(Thread.java:1583)
Caused by: io.netty.resolver.dns.DnsNameResolverTimeoutException: [1414: /10.246.32.204:53] DefaultDnsQuestion(measured-cowbird-128774.upstash.io. IN A) query '1414' via UDP timed out after 5000 milliseconds (no stack trace available)
2026-08-05 13:41:08 INFO  i.l.core.protocol.ConnectionWatchdog - Reconnecting, last destination was measured-cowbird-128774.upstash.io/<unresolved>:6379
2026-08-05 13:41:13 WARN  i.l.core.protocol.ConnectionWatchdog - Cannot reconnect to [measured-cowbird-128774.upstash.io/<unresolved>:6379]: Failed to resolve 'measured-cowbird-128774.upstash.io' [A(1)]
java.net.UnknownHostException: Failed to resolve 'measured-cowbird-128774.upstash.io' [A(1)]
	at io.netty.resolver.dns.DnsResolveContext.finishResolve(DnsResolveContext.java:1137)
	at io.netty.resolver.dns.DnsResolveContext.tryToFinishResolve(DnsResolveContext.java:1084)
	at io.netty.resolver.dns.DnsResolveContext.query(DnsResolveContext.java:443)
	at io.netty.resolver.dns.DnsResolveContext.access$700(DnsResolveContext.java:69)
	at io.netty.resolver.dns.DnsResolveContext$2.operationComplete(DnsResolveContext.java:512)
	at io.netty.util.concurrent.DefaultPromise.notifyListener0(DefaultPromise.java:604)
	at io.netty.util.concurrent.DefaultPromise.notifyListeners0(DefaultPromise.java:597)
	at io.netty.util.concurrent.DefaultPromise.notifyListenersNow(DefaultPromise.java:573)
	at io.netty.util.concurrent.DefaultPromise.notifyListeners(DefaultPromise.java:506)
	at io.netty.util.concurrent.DefaultPromise.setValue0(DefaultPromise.java:650)
	at io.netty.util.concurrent.DefaultPromise.setFailure0(DefaultPromise.java:643)
	at io.netty.util.concurrent.DefaultPromise.tryFailure(DefaultPromise.java:132)
	at io.netty.resolver.dns.DnsQueryContext.finishFailure(DnsQueryContext.java:346)
	at io.netty.resolver.dns.DnsQueryContext$4.run(DnsQueryContext.java:281)
	at io.netty.util.concurrent.PromiseTask.runTask(PromiseTask.java:98)
	at io.netty.util.concurrent.ScheduledFutureTask.run(ScheduledFutureTask.java:160)
	at io.netty.util.concurrent.AbstractEventExecutor.runTask(AbstractEventExecutor.java:148)
	at io.netty.util.concurrent.AbstractEventExecutor.safeExecute$$$capture(AbstractEventExecutor.java:141)
	at io.netty.util.concurrent.AbstractEventExecutor.safeExecute(AbstractEventExecutor.java)
	at io.netty.util.concurrent.SingleThreadEventExecutor.runAllTasks(SingleThreadEventExecutor.java:535)
	at io.netty.channel.SingleThreadIoEventLoop.run(SingleThreadIoEventLoop.java:201)
	at io.netty.util.concurrent.SingleThreadEventExecutor$5.run(SingleThreadEventExecutor.java:1195)
	at io.netty.util.internal.ThreadExecutorMap$2.run(ThreadExecutorMap.java:74)
	at io.netty.util.concurrent.FastThreadLocalRunnable.run(FastThreadLocalRunnable.java:30)
	at java.base/java.lang.Thread.run(Thread.java:1583)
Caused by: io.netty.resolver.dns.DnsNameResolverTimeoutException: [15267: /10.246.32.204:53] DefaultDnsQuestion(measured-cowbird-128774.upstash.io. IN A) query '15267' via UDP timed out after 5000 milliseconds (no stack trace available)
2026-08-05 13:41:43 INFO  i.l.core.protocol.ConnectionWatchdog - Reconnecting, last destination was measured-cowbird-128774.upstash.io/<unresolved>:6379
2026-08-05 13:41:48 WARN  i.l.core.protocol.ConnectionWatchdog - Cannot reconnect to [measured-cowbird-128774.upstash.io/<unresolved>:6379]: Failed to resolve 'measured-cowbird-128774.upstash.io' [A(1)]
java.net.UnknownHostException: Failed to resolve 'measured-cowbird-128774.upstash.io' [A(1)]
	at io.netty.resolver.dns.DnsResolveContext.finishResolve(DnsResolveContext.java:1137)
	at io.netty.resolver.dns.DnsResolveContext.tryToFinishResolve(DnsResolveContext.java:1084)
	at io.netty.resolver.dns.DnsResolveContext.query(DnsResolveContext.java:443)
	at io.netty.resolver.dns.DnsResolveContext.access$700(DnsResolveContext.java:69)
	at io.netty.resolver.dns.DnsResolveContext$2.operationComplete(DnsResolveContext.java:512)
	at io.netty.util.concurrent.DefaultPromise.notifyListener0(DefaultPromise.java:604)
	at io.netty.util.concurrent.DefaultPromise.notifyListeners0(DefaultPromise.java:597)
	at io.netty.util.concurrent.DefaultPromise.notifyListenersNow(DefaultPromise.java:573)
	at io.netty.util.concurrent.DefaultPromise.notifyListeners(DefaultPromise.java:506)
	at io.netty.util.concurrent.DefaultPromise.setValue0(DefaultPromise.java:650)
	at io.netty.util.concurrent.DefaultPromise.setFailure0(DefaultPromise.java:643)
	at io.netty.util.concurrent.DefaultPromise.tryFailure(DefaultPromise.java:132)
	at io.netty.resolver.dns.DnsQueryContext.finishFailure(DnsQueryContext.java:346)
	at io.netty.resolver.dns.DnsQueryContext$4.run(DnsQueryContext.java:281)
	at io.netty.util.concurrent.PromiseTask.runTask(PromiseTask.java:98)
	at io.netty.util.concurrent.ScheduledFutureTask.run(ScheduledFutureTask.java:160)
	at io.netty.util.concurrent.AbstractEventExecutor.runTask(AbstractEventExecutor.java:148)
	at io.netty.util.concurrent.AbstractEventExecutor.safeExecute$$$capture(AbstractEventExecutor.java:141)
	at io.netty.util.concurrent.AbstractEventExecutor.safeExecute(AbstractEventExecutor.java)
	at io.netty.util.concurrent.SingleThreadEventExecutor.runAllTasks(SingleThreadEventExecutor.java:535)
	at io.netty.channel.SingleThreadIoEventLoop.run(SingleThreadIoEventLoop.java:201)
	at io.netty.util.concurrent.SingleThreadEventExecutor$5.run(SingleThreadEventExecutor.java:1195)
	at io.netty.util.internal.ThreadExecutorMap$2.run(ThreadExecutorMap.java:74)
	at io.netty.util.concurrent.FastThreadLocalRunnable.run(FastThreadLocalRunnable.java:30)
	at java.base/java.lang.Thread.run(Thread.java:1583)
Caused by: io.netty.resolver.dns.DnsNameResolverTimeoutException: [10358: /10.246.32.204:53] DefaultDnsQuestion(measured-cowbird-128774.upstash.io. IN A) query '10358' via UDP timed out after 5000 milliseconds (no stack trace available)
2026-08-05 13:42:18 INFO  i.l.core.protocol.ConnectionWatchdog - Reconnecting, last destination was measured-cowbird-128774.upstash.io/<unresolved>:6379
2026-08-05 13:42:23 WARN  i.l.core.protocol.ConnectionWatchdog - Cannot reconnect to [measured-cowbird-128774.upstash.io/<unresolved>:6379]: Failed to resolve 'measured-cowbird-128774.upstash.io' [A(1)]
java.net.UnknownHostException: Failed to resolve 'measured-cowbird-128774.upstash.io' [A(1)]
	at io.netty.resolver.dns.DnsResolveContext.finishResolve(DnsResolveContext.java:1137)
	at io.netty.resolver.dns.DnsResolveContext.tryToFinishResolve(DnsResolveContext.java:1084)
	at io.netty.resolver.dns.DnsResolveContext.query(DnsResolveContext.java:443)
	at io.netty.resolver.dns.DnsResolveContext.access$700(DnsResolveContext.java:69)
	at io.netty.resolver.dns.DnsResolveContext$2.operationComplete(DnsResolveContext.java:512)
	at io.netty.util.concurrent.DefaultPromise.notifyListener0(DefaultPromise.java:604)
	at io.netty.util.concurrent.DefaultPromise.notifyListeners0(DefaultPromise.java:597)
	at io.netty.util.concurrent.DefaultPromise.notifyListenersNow(DefaultPromise.java:573)
	at io.netty.util.concurrent.DefaultPromise.notifyListeners(DefaultPromise.java:506)
	at io.netty.util.concurrent.DefaultPromise.setValue0(DefaultPromise.java:650)
	at io.netty.util.concurrent.DefaultPromise.setFailure0(DefaultPromise.java:643)
	at io.netty.util.concurrent.DefaultPromise.tryFailure(DefaultPromise.java:132)
	at io.netty.resolver.dns.DnsQueryContext.finishFailure(DnsQueryContext.java:346)
	at io.netty.resolver.dns.DnsQueryContext$4.run(DnsQueryContext.java:281)
	at io.netty.util.concurrent.PromiseTask.runTask(PromiseTask.java:98)
	at io.netty.util.concurrent.ScheduledFutureTask.run(ScheduledFutureTask.java:160)
	at io.netty.util.concurrent.AbstractEventExecutor.runTask(AbstractEventExecutor.java:148)
	at io.netty.util.concurrent.AbstractEventExecutor.safeExecute$$$capture(AbstractEventExecutor.java:141)
	at io.netty.util.concurrent.AbstractEventExecutor.safeExecute(AbstractEventExecutor.java)
	at io.netty.util.concurrent.SingleThreadEventExecutor.runAllTasks(SingleThreadEventExecutor.java:535)
	at io.netty.channel.SingleThreadIoEventLoop.run(SingleThreadIoEventLoop.java:201)
	at io.netty.util.concurrent.SingleThreadEventExecutor$5.run(SingleThreadEventExecutor.java:1195)
	at io.netty.util.internal.ThreadExecutorMap$2.run(ThreadExecutorMap.java:74)
	at io.netty.util.concurrent.FastThreadLocalRunnable.run(FastThreadLocalRunnable.java:30)
	at java.base/java.lang.Thread.run(Thread.java:1583)
Caused by: io.netty.resolver.dns.DnsNameResolverTimeoutException: [12017: /10.246.32.204:53] DefaultDnsQuestion(measured-cowbird-128774.upstash.io. IN A) query '12017' via UDP timed out after 5000 milliseconds (no stack trace available)
2026-08-05 13:42:53 INFO  i.l.core.protocol.ConnectionWatchdog - Reconnecting, last destination was measured-cowbird-128774.upstash.io/<unresolved>:6379
2026-08-05 13:42:58 WARN  i.l.core.protocol.ConnectionWatchdog - Cannot reconnect to [measured-cowbird-128774.upstash.io/<unresolved>:6379]: Failed to resolve 'measured-cowbird-128774.upstash.io' [A(1)]
java.net.UnknownHostException: Failed to resolve 'measured-cowbird-128774.upstash.io' [A(1)]
	at io.netty.resolver.dns.DnsResolveContext.finishResolve(DnsResolveContext.java:1137)
	at io.netty.resolver.dns.DnsResolveContext.tryToFinishResolve(DnsResolveContext.java:1084)
	at io.netty.resolver.dns.DnsResolveContext.query(DnsResolveContext.java:443)
	at io.netty.resolver.dns.DnsResolveContext.access$700(DnsResolveContext.java:69)
	at io.netty.resolver.dns.DnsResolveContext$2.operationComplete(DnsResolveContext.java:512)
	at io.netty.util.concurrent.DefaultPromise.notifyListener0(DefaultPromise.java:604)
	at io.netty.util.concurrent.DefaultPromise.notifyListeners0(DefaultPromise.java:597)
	at io.netty.util.concurrent.DefaultPromise.notifyListenersNow(DefaultPromise.java:573)
	at io.netty.util.concurrent.DefaultPromise.notifyListeners(DefaultPromise.java:506)
	at io.netty.util.concurrent.DefaultPromise.setValue0(DefaultPromise.java:650)
	at io.netty.util.concurrent.DefaultPromise.setFailure0(DefaultPromise.java:643)
	at io.netty.util.concurrent.DefaultPromise.tryFailure(DefaultPromise.java:132)
	at io.netty.resolver.dns.DnsQueryContext.finishFailure(DnsQueryContext.java:346)
	at io.netty.resolver.dns.DnsQueryContext$4.run(DnsQueryContext.java:281)
	at io.netty.util.concurrent.PromiseTask.runTask(PromiseTask.java:98)
	at io.netty.util.concurrent.ScheduledFutureTask.run(ScheduledFutureTask.java:160)
	at io.netty.util.concurrent.AbstractEventExecutor.runTask(AbstractEventExecutor.java:148)
	at io.netty.util.concurrent.AbstractEventExecutor.safeExecute$$$capture(AbstractEventExecutor.java:141)
	at io.netty.util.concurrent.AbstractEventExecutor.safeExecute(AbstractEventExecutor.java)
	at io.netty.util.concurrent.SingleThreadEventExecutor.runAllTasks(SingleThreadEventExecutor.java:535)
	at io.netty.channel.SingleThreadIoEventLoop.run(SingleThreadIoEventLoop.java:201)
	at io.netty.util.concurrent.SingleThreadEventExecutor$5.run(SingleThreadEventExecutor.java:1195)
	at io.netty.util.internal.ThreadExecutorMap$2.run(ThreadExecutorMap.java:74)
	at io.netty.util.concurrent.FastThreadLocalRunnable.run(FastThreadLocalRunnable.java:30)
	at java.base/java.lang.Thread.run(Thread.java:1583)
Caused by: io.netty.resolver.dns.DnsNameResolverTimeoutException: [7963: /10.246.32.204:53] DefaultDnsQuestion(measured-cowbird-128774.upstash.io. IN A) query '7963' via UDP timed out after 5000 milliseconds (no stack trace available)
2026-08-05 13:43:28 INFO  i.l.core.protocol.ConnectionWatchdog - Reconnecting, last destination was measured-cowbird-128774.upstash.io/<unresolved>:6379
2026-08-05 13:43:33 WARN  i.l.core.protocol.ConnectionWatchdog - Cannot reconnect to [measured-cowbird-128774.upstash.io/<unresolved>:6379]: Failed to resolve 'measured-cowbird-128774.upstash.io' [A(1)]
java.net.UnknownHostException: Failed to resolve 'measured-cowbird-128774.upstash.io' [A(1)]
	at io.netty.resolver.dns.DnsResolveContext.finishResolve(DnsResolveContext.java:1137)
	at io.netty.resolver.dns.DnsResolveContext.tryToFinishResolve(DnsResolveContext.java:1084)
	at io.netty.resolver.dns.DnsResolveContext.query(DnsResolveContext.java:443)
	at io.netty.resolver.dns.DnsResolveContext.access$700(DnsResolveContext.java:69)
	at io.netty.resolver.dns.DnsResolveContext$2.operationComplete(DnsResolveContext.java:512)
	at io.netty.util.concurrent.DefaultPromise.notifyListener0(DefaultPromise.java:604)
	at io.netty.util.concurrent.DefaultPromise.notifyListeners0(DefaultPromise.java:597)
	at io.netty.util.concurrent.DefaultPromise.notifyListenersNow(DefaultPromise.java:573)
	at io.netty.util.concurrent.DefaultPromise.notifyListeners(DefaultPromise.java:506)
	at io.netty.util.concurrent.DefaultPromise.setValue0(DefaultPromise.java:650)
	at io.netty.util.concurrent.DefaultPromise.setFailure0(DefaultPromise.java:643)
	at io.netty.util.concurrent.DefaultPromise.tryFailure(DefaultPromise.java:132)
	at io.netty.resolver.dns.DnsQueryContext.finishFailure(DnsQueryContext.java:346)
	at io.netty.resolver.dns.DnsQueryContext$4.run(DnsQueryContext.java:281)
	at io.netty.util.concurrent.PromiseTask.runTask(PromiseTask.java:98)
	at io.netty.util.concurrent.ScheduledFutureTask.run(ScheduledFutureTask.java:160)
	at io.netty.util.concurrent.AbstractEventExecutor.runTask(AbstractEventExecutor.java:148)
	at io.netty.util.concurrent.AbstractEventExecutor.safeExecute$$$capture(AbstractEventExecutor.java:141)
	at io.netty.util.concurrent.AbstractEventExecutor.safeExecute(AbstractEventExecutor.java)
	at io.netty.util.concurrent.SingleThreadEventExecutor.runAllTasks(SingleThreadEventExecutor.java:535)
	at io.netty.channel.SingleThreadIoEventLoop.run(SingleThreadIoEventLoop.java:201)
	at io.netty.util.concurrent.SingleThreadEventExecutor$5.run(SingleThreadEventExecutor.java:1195)
	at io.netty.util.internal.ThreadExecutorMap$2.run(ThreadExecutorMap.java:74)
	at io.netty.util.concurrent.FastThreadLocalRunnable.run(FastThreadLocalRunnable.java:30)
	at java.base/java.lang.Thread.run(Thread.java:1583)
Caused by: io.netty.resolver.dns.DnsNameResolverTimeoutException: [12433: /10.246.32.204:53] DefaultDnsQuestion(measured-cowbird-128774.upstash.io. IN A) query '12433' via UDP timed out after 5000 milliseconds (no stack trace available)
2026-08-05 13:44:03 INFO  i.l.core.protocol.ConnectionWatchdog - Reconnecting, last destination was measured-cowbird-128774.upstash.io/<unresolved>:6379
2026-08-05 13:44:08 WARN  i.l.core.protocol.ConnectionWatchdog - Cannot reconnect to [measured-cowbird-128774.upstash.io/<unresolved>:6379]: Failed to resolve 'measured-cowbird-128774.upstash.io' [A(1)]
java.net.UnknownHostException: Failed to resolve 'measured-cowbird-128774.upstash.io' [A(1)]
	at io.netty.resolver.dns.DnsResolveContext.finishResolve(DnsResolveContext.java:1137)
	at io.netty.resolver.dns.DnsResolveContext.tryToFinishResolve(DnsResolveContext.java:1084)
	at io.netty.resolver.dns.DnsResolveContext.query(DnsResolveContext.java:443)
	at io.netty.resolver.dns.DnsResolveContext.access$700(DnsResolveContext.java:69)
	at io.netty.resolver.dns.DnsResolveContext$2.operationComplete(DnsResolveContext.java:512)
	at io.netty.util.concurrent.DefaultPromise.notifyListener0(DefaultPromise.java:604)
	at io.netty.util.concurrent.DefaultPromise.notifyListeners0(DefaultPromise.java:597)
	at io.netty.util.concurrent.DefaultPromise.notifyListenersNow(DefaultPromise.java:573)
	at io.netty.util.concurrent.DefaultPromise.notifyListeners(DefaultPromise.java:506)
	at io.netty.util.concurrent.DefaultPromise.setValue0(DefaultPromise.java:650)
	at io.netty.util.concurrent.DefaultPromise.setFailure0(DefaultPromise.java:643)
	at io.netty.util.concurrent.DefaultPromise.tryFailure(DefaultPromise.java:132)
	at io.netty.resolver.dns.DnsQueryContext.finishFailure(DnsQueryContext.java:346)
	at io.netty.resolver.dns.DnsQueryContext$4.run(DnsQueryContext.java:281)
	at io.netty.util.concurrent.PromiseTask.runTask(PromiseTask.java:98)
	at io.netty.util.concurrent.ScheduledFutureTask.run(ScheduledFutureTask.java:160)
	at io.netty.util.concurrent.AbstractEventExecutor.runTask(AbstractEventExecutor.java:148)
	at io.netty.util.concurrent.AbstractEventExecutor.safeExecute$$$capture(AbstractEventExecutor.java:141)
	at io.netty.util.concurrent.AbstractEventExecutor.safeExecute(AbstractEventExecutor.java)
	at io.netty.util.concurrent.SingleThreadEventExecutor.runAllTasks(SingleThreadEventExecutor.java:535)
	at io.netty.channel.SingleThreadIoEventLoop.run(SingleThreadIoEventLoop.java:201)
	at io.netty.util.concurrent.SingleThreadEventExecutor$5.run(SingleThreadEventExecutor.java:1195)
	at io.netty.util.internal.ThreadExecutorMap$2.run(ThreadExecutorMap.java:74)
	at io.netty.util.concurrent.FastThreadLocalRunnable.run(FastThreadLocalRunnable.java:30)
	at java.base/java.lang.Thread.run(Thread.java:1583)
Caused by: io.netty.resolver.dns.DnsNameResolverTimeoutException: [15605: /10.246.32.204:53] DefaultDnsQuestion(measured-cowbird-128774.upstash.io. IN A) query '15605' via UDP timed out after 5000 milliseconds (no stack trace available)
2026-08-05 13:44:38 INFO  i.l.core.protocol.ConnectionWatchdog - Reconnecting, last destination was measured-cowbird-128774.upstash.io/<unresolved>:6379
2026-08-05 13:44:43 WARN  i.l.core.protocol.ConnectionWatchdog - Cannot reconnect to [measured-cowbird-128774.upstash.io/<unresolved>:6379]: Failed to resolve 'measured-cowbird-128774.upstash.io' [A(1)]
java.net.UnknownHostException: Failed to resolve 'measured-cowbird-128774.upstash.io' [A(1)]
	at io.netty.resolver.dns.DnsResolveContext.finishResolve(DnsResolveContext.java:1137)
	at io.netty.resolver.dns.DnsResolveContext.tryToFinishResolve(DnsResolveContext.java:1084)
	at io.netty.resolver.dns.DnsResolveContext.query(DnsResolveContext.java:443)
	at io.netty.resolver.dns.DnsResolveContext.access$700(DnsResolveContext.java:69)
	at io.netty.resolver.dns.DnsResolveContext$2.operationComplete(DnsResolveContext.java:512)
	at io.netty.util.concurrent.DefaultPromise.notifyListener0(DefaultPromise.java:604)
	at io.netty.util.concurrent.DefaultPromise.notifyListeners0(DefaultPromise.java:597)
	at io.netty.util.concurrent.DefaultPromise.notifyListenersNow(DefaultPromise.java:573)
	at io.netty.util.concurrent.DefaultPromise.notifyListeners(DefaultPromise.java:506)
	at io.netty.util.concurrent.DefaultPromise.setValue0(DefaultPromise.java:650)
	at io.netty.util.concurrent.DefaultPromise.setFailure0(DefaultPromise.java:643)
	at io.netty.util.concurrent.DefaultPromise.tryFailure(DefaultPromise.java:132)
	at io.netty.resolver.dns.DnsQueryContext.finishFailure(DnsQueryContext.java:346)
	at io.netty.resolver.dns.DnsQueryContext$4.run(DnsQueryContext.java:281)
	at io.netty.util.concurrent.PromiseTask.runTask(PromiseTask.java:98)
	at io.netty.util.concurrent.ScheduledFutureTask.run(ScheduledFutureTask.java:160)
	at io.netty.util.concurrent.AbstractEventExecutor.runTask(AbstractEventExecutor.java:148)
	at io.netty.util.concurrent.AbstractEventExecutor.safeExecute$$$capture(AbstractEventExecutor.java:141)
	at io.netty.util.concurrent.AbstractEventExecutor.safeExecute(AbstractEventExecutor.java)
	at io.netty.util.concurrent.SingleThreadEventExecutor.runAllTasks(SingleThreadEventExecutor.java:535)
	at io.netty.channel.SingleThreadIoEventLoop.run(SingleThreadIoEventLoop.java:201)
	at io.netty.util.concurrent.SingleThreadEventExecutor$5.run(SingleThreadEventExecutor.java:1195)
	at io.netty.util.internal.ThreadExecutorMap$2.run(ThreadExecutorMap.java:74)
	at io.netty.util.concurrent.FastThreadLocalRunnable.run(FastThreadLocalRunnable.java:30)
	at java.base/java.lang.Thread.run(Thread.java:1583)
Caused by: io.netty.resolver.dns.DnsNameResolverTimeoutException: [7109: /10.246.32.204:53] DefaultDnsQuestion(measured-cowbird-128774.upstash.io. IN A) query '7109' via UDP timed out after 5000 milliseconds (no stack trace available)
2026-08-05 13:45:13 INFO  i.l.core.protocol.ConnectionWatchdog - Reconnecting, last destination was measured-cowbird-128774.upstash.io/<unresolved>:6379
2026-08-05 13:45:18 WARN  i.l.core.protocol.ConnectionWatchdog - Cannot reconnect to [measured-cowbird-128774.upstash.io/<unresolved>:6379]: Failed to resolve 'measured-cowbird-128774.upstash.io' [A(1)]
java.net.UnknownHostException: Failed to resolve 'measured-cowbird-128774.upstash.io' [A(1)]
	at io.netty.resolver.dns.DnsResolveContext.finishResolve(DnsResolveContext.java:1137)
	at io.netty.resolver.dns.DnsResolveContext.tryToFinishResolve(DnsResolveContext.java:1084)
	at io.netty.resolver.dns.DnsResolveContext.query(DnsResolveContext.java:443)
	at io.netty.resolver.dns.DnsResolveContext.access$700(DnsResolveContext.java:69)
	at io.netty.resolver.dns.DnsResolveContext$2.operationComplete(DnsResolveContext.java:512)
	at io.netty.util.concurrent.DefaultPromise.notifyListener0(DefaultPromise.java:604)
	at io.netty.util.concurrent.DefaultPromise.notifyListeners0(DefaultPromise.java:597)
	at io.netty.util.concurrent.DefaultPromise.notifyListenersNow(DefaultPromise.java:573)
	at io.netty.util.concurrent.DefaultPromise.notifyListeners(DefaultPromise.java:506)
	at io.netty.util.concurrent.DefaultPromise.setValue0(DefaultPromise.java:650)
	at io.netty.util.concurrent.DefaultPromise.setFailure0(DefaultPromise.java:643)
	at io.netty.util.concurrent.DefaultPromise.tryFailure(DefaultPromise.java:132)
	at io.netty.resolver.dns.DnsQueryContext.finishFailure(DnsQueryContext.java:346)
	at io.netty.resolver.dns.DnsQueryContext$4.run(DnsQueryContext.java:281)
	at io.netty.util.concurrent.PromiseTask.runTask(PromiseTask.java:98)
	at io.netty.util.concurrent.ScheduledFutureTask.run(ScheduledFutureTask.java:160)
	at io.netty.util.concurrent.AbstractEventExecutor.runTask(AbstractEventExecutor.java:148)
	at io.netty.util.concurrent.AbstractEventExecutor.safeExecute$$$capture(AbstractEventExecutor.java:141)
	at io.netty.util.concurrent.AbstractEventExecutor.safeExecute(AbstractEventExecutor.java)
	at io.netty.util.concurrent.SingleThreadEventExecutor.runAllTasks(SingleThreadEventExecutor.java:535)
	at io.netty.channel.SingleThreadIoEventLoop.run(SingleThreadIoEventLoop.java:201)
	at io.netty.util.concurrent.SingleThreadEventExecutor$5.run(SingleThreadEventExecutor.java:1195)
	at io.netty.util.internal.ThreadExecutorMap$2.run(ThreadExecutorMap.java:74)
	at io.netty.util.concurrent.FastThreadLocalRunnable.run(FastThreadLocalRunnable.java:30)
	at java.base/java.lang.Thread.run(Thread.java:1583)
Caused by: io.netty.resolver.dns.DnsNameResolverTimeoutException: [12292: /10.246.32.204:53] DefaultDnsQuestion(measured-cowbird-128774.upstash.io. IN A) query '12292' via UDP timed out after 5000 milliseconds (no stack trace available)
2026-08-05 13:45:48 INFO  i.l.core.protocol.ConnectionWatchdog - Reconnecting, last destination was measured-cowbird-128774.upstash.io/<unresolved>:6379
2026-08-05 13:45:53 WARN  i.l.core.protocol.ConnectionWatchdog - Cannot reconnect to [measured-cowbird-128774.upstash.io/<unresolved>:6379]: Failed to resolve 'measured-cowbird-128774.upstash.io' [A(1)]
java.net.UnknownHostException: Failed to resolve 'measured-cowbird-128774.upstash.io' [A(1)]
	at io.netty.resolver.dns.DnsResolveContext.finishResolve(DnsResolveContext.java:1137)
	at io.netty.resolver.dns.DnsResolveContext.tryToFinishResolve(DnsResolveContext.java:1084)
	at io.netty.resolver.dns.DnsResolveContext.query(DnsResolveContext.java:443)
	at io.netty.resolver.dns.DnsResolveContext.access$700(DnsResolveContext.java:69)
	at io.netty.resolver.dns.DnsResolveContext$2.operationComplete(DnsResolveContext.java:512)
	at io.netty.util.concurrent.DefaultPromise.notifyListener0(DefaultPromise.java:604)
	at io.netty.util.concurrent.DefaultPromise.notifyListeners0(DefaultPromise.java:597)
	at io.netty.util.concurrent.DefaultPromise.notifyListenersNow(DefaultPromise.java:573)
	at io.netty.util.concurrent.DefaultPromise.notifyListeners(DefaultPromise.java:506)
	at io.netty.util.concurrent.DefaultPromise.setValue0(DefaultPromise.java:650)
	at io.netty.util.concurrent.DefaultPromise.setFailure0(DefaultPromise.java:643)
	at io.netty.util.concurrent.DefaultPromise.tryFailure(DefaultPromise.java:132)
	at io.netty.resolver.dns.DnsQueryContext.finishFailure(DnsQueryContext.java:346)
	at io.netty.resolver.dns.DnsQueryContext$4.run(DnsQueryContext.java:281)
	at io.netty.util.concurrent.PromiseTask.runTask(PromiseTask.java:98)
	at io.netty.util.concurrent.ScheduledFutureTask.run(ScheduledFutureTask.java:160)
	at io.netty.util.concurrent.AbstractEventExecutor.runTask(AbstractEventExecutor.java:148)
	at io.netty.util.concurrent.AbstractEventExecutor.safeExecute$$$capture(AbstractEventExecutor.java:141)
	at io.netty.util.concurrent.AbstractEventExecutor.safeExecute(AbstractEventExecutor.java)
	at io.netty.util.concurrent.SingleThreadEventExecutor.runAllTasks(SingleThreadEventExecutor.java:535)
	at io.netty.channel.SingleThreadIoEventLoop.run(SingleThreadIoEventLoop.java:201)
	at io.netty.util.concurrent.SingleThreadEventExecutor$5.run(SingleThreadEventExecutor.java:1195)
	at io.netty.util.internal.ThreadExecutorMap$2.run(ThreadExecutorMap.java:74)
	at io.netty.util.concurrent.FastThreadLocalRunnable.run(FastThreadLocalRunnable.java:30)
	at java.base/java.lang.Thread.run(Thread.java:1583)
Caused by: io.netty.resolver.dns.DnsNameResolverTimeoutException: [11899: /10.246.32.204:53] DefaultDnsQuestion(measured-cowbird-128774.upstash.io. IN A) query '11899' via UDP timed out after 5000 milliseconds (no stack trace available)
2026-08-05 13:46:24 INFO  i.l.core.protocol.ConnectionWatchdog - Reconnecting, last destination was measured-cowbird-128774.upstash.io/<unresolved>:6379
2026-08-05 13:46:29 WARN  i.l.core.protocol.ConnectionWatchdog - Cannot reconnect to [measured-cowbird-128774.upstash.io/<unresolved>:6379]: Failed to resolve 'measured-cowbird-128774.upstash.io' [A(1)]
java.net.UnknownHostException: Failed to resolve 'measured-cowbird-128774.upstash.io' [A(1)]
	at io.netty.resolver.dns.DnsResolveContext.finishResolve(DnsResolveContext.java:1137)
	at io.netty.resolver.dns.DnsResolveContext.tryToFinishResolve(DnsResolveContext.java:1084)
	at io.netty.resolver.dns.DnsResolveContext.query(DnsResolveContext.java:443)
	at io.netty.resolver.dns.DnsResolveContext.access$700(DnsResolveContext.java:69)
	at io.netty.resolver.dns.DnsResolveContext$2.operationComplete(DnsResolveContext.java:512)
	at io.netty.util.concurrent.DefaultPromise.notifyListener0(DefaultPromise.java:604)
	at io.netty.util.concurrent.DefaultPromise.notifyListeners0(DefaultPromise.java:597)
	at io.netty.util.concurrent.DefaultPromise.notifyListenersNow(DefaultPromise.java:573)
	at io.netty.util.concurrent.DefaultPromise.notifyListeners(DefaultPromise.java:506)
	at io.netty.util.concurrent.DefaultPromise.setValue0(DefaultPromise.java:650)
	at io.netty.util.concurrent.DefaultPromise.setFailure0(DefaultPromise.java:643)
	at io.netty.util.concurrent.DefaultPromise.tryFailure(DefaultPromise.java:132)
	at io.netty.resolver.dns.DnsQueryContext.finishFailure(DnsQueryContext.java:346)
	at io.netty.resolver.dns.DnsQueryContext$4.run(DnsQueryContext.java:281)
	at io.netty.util.concurrent.PromiseTask.runTask(PromiseTask.java:98)
	at io.netty.util.concurrent.ScheduledFutureTask.run(ScheduledFutureTask.java:160)
	at io.netty.util.concurrent.AbstractEventExecutor.runTask(AbstractEventExecutor.java:148)
	at io.netty.util.concurrent.AbstractEventExecutor.safeExecute$$$capture(AbstractEventExecutor.java:141)
	at io.netty.util.concurrent.AbstractEventExecutor.safeExecute(AbstractEventExecutor.java)
	at io.netty.util.concurrent.SingleThreadEventExecutor.runAllTasks(SingleThreadEventExecutor.java:535)
	at io.netty.channel.SingleThreadIoEventLoop.run(SingleThreadIoEventLoop.java:201)
	at io.netty.util.concurrent.SingleThreadEventExecutor$5.run(SingleThreadEventExecutor.java:1195)
	at io.netty.util.internal.ThreadExecutorMap$2.run(ThreadExecutorMap.java:74)
	at io.netty.util.concurrent.FastThreadLocalRunnable.run(FastThreadLocalRunnable.java:30)
	at java.base/java.lang.Thread.run(Thread.java:1583)
Caused by: io.netty.resolver.dns.DnsNameResolverTimeoutException: [1379: /10.246.32.204:53] DefaultDnsQuestion(measured-cowbird-128774.upstash.io. IN A) query '1379' via UDP timed out after 5000 milliseconds (no stack trace available)
2026-08-05 13:46:59 INFO  i.l.core.protocol.ConnectionWatchdog - Reconnecting, last destination was measured-cowbird-128774.upstash.io/<unresolved>:6379
2026-08-05 13:47:04 WARN  i.l.core.protocol.ConnectionWatchdog - Cannot reconnect to [measured-cowbird-128774.upstash.io/<unresolved>:6379]: Failed to resolve 'measured-cowbird-128774.upstash.io' [A(1)]
java.net.UnknownHostException: Failed to resolve 'measured-cowbird-128774.upstash.io' [A(1)]
	at io.netty.resolver.dns.DnsResolveContext.finishResolve(DnsResolveContext.java:1137)
	at io.netty.resolver.dns.DnsResolveContext.tryToFinishResolve(DnsResolveContext.java:1084)
	at io.netty.resolver.dns.DnsResolveContext.query(DnsResolveContext.java:443)
	at io.netty.resolver.dns.DnsResolveContext.access$700(DnsResolveContext.java:69)
	at io.netty.resolver.dns.DnsResolveContext$2.operationComplete(DnsResolveContext.java:512)
	at io.netty.util.concurrent.DefaultPromise.notifyListener0(DefaultPromise.java:604)
	at io.netty.util.concurrent.DefaultPromise.notifyListeners0(DefaultPromise.java:597)
	at io.netty.util.concurrent.DefaultPromise.notifyListenersNow(DefaultPromise.java:573)
	at io.netty.util.concurrent.DefaultPromise.notifyListeners(DefaultPromise.java:506)
	at io.netty.util.concurrent.DefaultPromise.setValue0(DefaultPromise.java:650)
	at io.netty.util.concurrent.DefaultPromise.setFailure0(DefaultPromise.java:643)
	at io.netty.util.concurrent.DefaultPromise.tryFailure(DefaultPromise.java:132)
	at io.netty.resolver.dns.DnsQueryContext.finishFailure(DnsQueryContext.java:346)
	at io.netty.resolver.dns.DnsQueryContext$4.run(DnsQueryContext.java:281)
	at io.netty.util.concurrent.PromiseTask.runTask(PromiseTask.java:98)
	at io.netty.util.concurrent.ScheduledFutureTask.run(ScheduledFutureTask.java:160)
	at io.netty.util.concurrent.AbstractEventExecutor.runTask(AbstractEventExecutor.java:148)
	at io.netty.util.concurrent.AbstractEventExecutor.safeExecute$$$capture(AbstractEventExecutor.java:141)
	at io.netty.util.concurrent.AbstractEventExecutor.safeExecute(AbstractEventExecutor.java)
	at io.netty.util.concurrent.SingleThreadEventExecutor.runAllTasks(SingleThreadEventExecutor.java:535)
	at io.netty.channel.SingleThreadIoEventLoop.run(SingleThreadIoEventLoop.java:201)
	at io.netty.util.concurrent.SingleThreadEventExecutor$5.run(SingleThreadEventExecutor.java:1195)
	at io.netty.util.internal.ThreadExecutorMap$2.run(ThreadExecutorMap.java:74)
	at io.netty.util.concurrent.FastThreadLocalRunnable.run(FastThreadLocalRunnable.java:30)
	at java.base/java.lang.Thread.run(Thread.java:1583)
Caused by: io.netty.resolver.dns.DnsNameResolverTimeoutException: [13533: /10.246.32.204:53] DefaultDnsQuestion(measured-cowbird-128774.upstash.io. IN A) query '13533' via UDP timed out after 5000 milliseconds (no stack trace available)
2026-08-05 13:47:34 INFO  i.l.core.protocol.ConnectionWatchdog - Reconnecting, last destination was measured-cowbird-128774.upstash.io/<unresolved>:6379
2026-08-05 13:47:39 WARN  i.l.core.protocol.ConnectionWatchdog - Cannot reconnect to [measured-cowbird-128774.upstash.io/<unresolved>:6379]: Failed to resolve 'measured-cowbird-128774.upstash.io' [A(1)]
java.net.UnknownHostException: Failed to resolve 'measured-cowbird-128774.upstash.io' [A(1)]
	at io.netty.resolver.dns.DnsResolveContext.finishResolve(DnsResolveContext.java:1137)
	at io.netty.resolver.dns.DnsResolveContext.tryToFinishResolve(DnsResolveContext.java:1084)
	at io.netty.resolver.dns.DnsResolveContext.query(DnsResolveContext.java:443)
	at io.netty.resolver.dns.DnsResolveContext.access$700(DnsResolveContext.java:69)
	at io.netty.resolver.dns.DnsResolveContext$2.operationComplete(DnsResolveContext.java:512)
	at io.netty.util.concurrent.DefaultPromise.notifyListener0(DefaultPromise.java:604)
	at io.netty.util.concurrent.DefaultPromise.notifyListeners0(DefaultPromise.java:597)
	at io.netty.util.concurrent.DefaultPromise.notifyListenersNow(DefaultPromise.java:573)
	at io.netty.util.concurrent.DefaultPromise.notifyListeners(DefaultPromise.java:506)
	at io.netty.util.concurrent.DefaultPromise.setValue0(DefaultPromise.java:650)
	at io.netty.util.concurrent.DefaultPromise.setFailure0(DefaultPromise.java:643)
	at io.netty.util.concurrent.DefaultPromise.tryFailure(DefaultPromise.java:132)
	at io.netty.resolver.dns.DnsQueryContext.finishFailure(DnsQueryContext.java:346)
	at io.netty.resolver.dns.DnsQueryContext$4.run(DnsQueryContext.java:281)
	at io.netty.util.concurrent.PromiseTask.runTask(PromiseTask.java:98)
	at io.netty.util.concurrent.ScheduledFutureTask.run(ScheduledFutureTask.java:160)
	at io.netty.util.concurrent.AbstractEventExecutor.runTask(AbstractEventExecutor.java:148)
	at io.netty.util.concurrent.AbstractEventExecutor.safeExecute$$$capture(AbstractEventExecutor.java:141)
	at io.netty.util.concurrent.AbstractEventExecutor.safeExecute(AbstractEventExecutor.java)
	at io.netty.util.concurrent.SingleThreadEventExecutor.runAllTasks(SingleThreadEventExecutor.java:535)
	at io.netty.channel.SingleThreadIoEventLoop.run(SingleThreadIoEventLoop.java:201)
	at io.netty.util.concurrent.SingleThreadEventExecutor$5.run(SingleThreadEventExecutor.java:1195)
	at io.netty.util.internal.ThreadExecutorMap$2.run(ThreadExecutorMap.java:74)
	at io.netty.util.concurrent.FastThreadLocalRunnable.run(FastThreadLocalRunnable.java:30)
	at java.base/java.lang.Thread.run(Thread.java:1583)
Caused by: io.netty.resolver.dns.DnsNameResolverTimeoutException: [11250: /10.246.32.204:53] DefaultDnsQuestion(measured-cowbird-128774.upstash.io. IN A) query '11250' via UDP timed out after 5000 milliseconds (no stack trace available)
2026-08-05 13:48:09 INFO  i.l.core.protocol.ConnectionWatchdog - Reconnecting, last destination was measured-cowbird-128774.upstash.io/<unresolved>:6379
2026-08-05 13:48:14 WARN  i.l.core.protocol.ConnectionWatchdog - Cannot reconnect to [measured-cowbird-128774.upstash.io/<unresolved>:6379]: Failed to resolve 'measured-cowbird-128774.upstash.io' [A(1)]
java.net.UnknownHostException: Failed to resolve 'measured-cowbird-128774.upstash.io' [A(1)]
	at io.netty.resolver.dns.DnsResolveContext.finishResolve(DnsResolveContext.java:1137)
	at io.netty.resolver.dns.DnsResolveContext.tryToFinishResolve(DnsResolveContext.java:1084)
	at io.netty.resolver.dns.DnsResolveContext.query(DnsResolveContext.java:443)
	at io.netty.resolver.dns.DnsResolveContext.access$700(DnsResolveContext.java:69)
	at io.netty.resolver.dns.DnsResolveContext$2.operationComplete(DnsResolveContext.java:512)
	at io.netty.util.concurrent.DefaultPromise.notifyListener0(DefaultPromise.java:604)
	at io.netty.util.concurrent.DefaultPromise.notifyListeners0(DefaultPromise.java:597)
	at io.netty.util.concurrent.DefaultPromise.notifyListenersNow(DefaultPromise.java:573)
	at io.netty.util.concurrent.DefaultPromise.notifyListeners(DefaultPromise.java:506)
	at io.netty.util.concurrent.DefaultPromise.setValue0(DefaultPromise.java:650)
	at io.netty.util.concurrent.DefaultPromise.setFailure0(DefaultPromise.java:643)
	at io.netty.util.concurrent.DefaultPromise.tryFailure(DefaultPromise.java:132)
	at io.netty.resolver.dns.DnsQueryContext.finishFailure(DnsQueryContext.java:346)
	at io.netty.resolver.dns.DnsQueryContext$4.run(DnsQueryContext.java:281)
	at io.netty.util.concurrent.PromiseTask.runTask(PromiseTask.java:98)
	at io.netty.util.concurrent.ScheduledFutureTask.run(ScheduledFutureTask.java:160)
	at io.netty.util.concurrent.AbstractEventExecutor.runTask(AbstractEventExecutor.java:148)
	at io.netty.util.concurrent.AbstractEventExecutor.safeExecute$$$capture(AbstractEventExecutor.java:141)
	at io.netty.util.concurrent.AbstractEventExecutor.safeExecute(AbstractEventExecutor.java)
	at io.netty.util.concurrent.SingleThreadEventExecutor.runAllTasks(SingleThreadEventExecutor.java:535)
	at io.netty.channel.SingleThreadIoEventLoop.run(SingleThreadIoEventLoop.java:201)
	at io.netty.util.concurrent.SingleThreadEventExecutor$5.run(SingleThreadEventExecutor.java:1195)
	at io.netty.util.internal.ThreadExecutorMap$2.run(ThreadExecutorMap.java:74)
	at io.netty.util.concurrent.FastThreadLocalRunnable.run(FastThreadLocalRunnable.java:30)
	at java.base/java.lang.Thread.run(Thread.java:1583)
Caused by: io.netty.resolver.dns.DnsNameResolverTimeoutException: [2479: /10.246.32.204:53] DefaultDnsQuestion(measured-cowbird-128774.upstash.io. IN A) query '2479' via UDP timed out after 5000 milliseconds (no stack trace available)
2026-08-05 13:48:44 INFO  i.l.core.protocol.ConnectionWatchdog - Reconnecting, last destination was measured-cowbird-128774.upstash.io/<unresolved>:6379
2026-08-05 13:48:49 WARN  i.l.core.protocol.ConnectionWatchdog - Cannot reconnect to [measured-cowbird-128774.upstash.io/<unresolved>:6379]: Failed to resolve 'measured-cowbird-128774.upstash.io' [A(1)]
java.net.UnknownHostException: Failed to resolve 'measured-cowbird-128774.upstash.io' [A(1)]
	at io.netty.resolver.dns.DnsResolveContext.finishResolve(DnsResolveContext.java:1137)
	at io.netty.resolver.dns.DnsResolveContext.tryToFinishResolve(DnsResolveContext.java:1084)
	at io.netty.resolver.dns.DnsResolveContext.query(DnsResolveContext.java:443)
	at io.netty.resolver.dns.DnsResolveContext.access$700(DnsResolveContext.java:69)
	at io.netty.resolver.dns.DnsResolveContext$2.operationComplete(DnsResolveContext.java:512)
	at io.netty.util.concurrent.DefaultPromise.notifyListener0(DefaultPromise.java:604)
	at io.netty.util.concurrent.DefaultPromise.notifyListeners0(DefaultPromise.java:597)
	at io.netty.util.concurrent.DefaultPromise.notifyListenersNow(DefaultPromise.java:573)
	at io.netty.util.concurrent.DefaultPromise.notifyListeners(DefaultPromise.java:506)
	at io.netty.util.concurrent.DefaultPromise.setValue0(DefaultPromise.java:650)
	at io.netty.util.concurrent.DefaultPromise.setFailure0(DefaultPromise.java:643)
	at io.netty.util.concurrent.DefaultPromise.tryFailure(DefaultPromise.java:132)
	at io.netty.resolver.dns.DnsQueryContext.finishFailure(DnsQueryContext.java:346)
	at io.netty.resolver.dns.DnsQueryContext$4.run(DnsQueryContext.java:281)
	at io.netty.util.concurrent.PromiseTask.runTask(PromiseTask.java:98)
	at io.netty.util.concurrent.ScheduledFutureTask.run(ScheduledFutureTask.java:160)
	at io.netty.util.concurrent.AbstractEventExecutor.runTask(AbstractEventExecutor.java:148)
	at io.netty.util.concurrent.AbstractEventExecutor.safeExecute$$$capture(AbstractEventExecutor.java:141)
	at io.netty.util.concurrent.AbstractEventExecutor.safeExecute(AbstractEventExecutor.java)
	at io.netty.util.concurrent.SingleThreadEventExecutor.runAllTasks(SingleThreadEventExecutor.java:535)
	at io.netty.channel.SingleThreadIoEventLoop.run(SingleThreadIoEventLoop.java:201)
	at io.netty.util.concurrent.SingleThreadEventExecutor$5.run(SingleThreadEventExecutor.java:1195)
	at io.netty.util.internal.ThreadExecutorMap$2.run(ThreadExecutorMap.java:74)
	at io.netty.util.concurrent.FastThreadLocalRunnable.run(FastThreadLocalRunnable.java:30)
	at java.base/java.lang.Thread.run(Thread.java:1583)
Caused by: io.netty.resolver.dns.DnsNameResolverTimeoutException: [7046: /10.246.32.204:53] DefaultDnsQuestion(measured-cowbird-128774.upstash.io. IN A) query '7046' via UDP timed out after 5000 milliseconds (no stack trace available)
2026-08-05 13:49:19 INFO  i.l.core.protocol.ConnectionWatchdog - Reconnecting, last destination was measured-cowbird-128774.upstash.io/<unresolved>:6379
2026-08-05 13:49:24 WARN  i.l.core.protocol.ConnectionWatchdog - Cannot reconnect to [measured-cowbird-128774.upstash.io/<unresolved>:6379]: Failed to resolve 'measured-cowbird-128774.upstash.io' [A(1)]
java.net.UnknownHostException: Failed to resolve 'measured-cowbird-128774.upstash.io' [A(1)]
	at io.netty.resolver.dns.DnsResolveContext.finishResolve(DnsResolveContext.java:1137)
	at io.netty.resolver.dns.DnsResolveContext.tryToFinishResolve(DnsResolveContext.java:1084)
	at io.netty.resolver.dns.DnsResolveContext.query(DnsResolveContext.java:443)
	at io.netty.resolver.dns.DnsResolveContext.access$700(DnsResolveContext.java:69)
	at io.netty.resolver.dns.DnsResolveContext$2.operationComplete(DnsResolveContext.java:512)
	at io.netty.util.concurrent.DefaultPromise.notifyListener0(DefaultPromise.java:604)
	at io.netty.util.concurrent.DefaultPromise.notifyListeners0(DefaultPromise.java:597)
	at io.netty.util.concurrent.DefaultPromise.notifyListenersNow(DefaultPromise.java:573)
	at io.netty.util.concurrent.DefaultPromise.notifyListeners(DefaultPromise.java:506)
	at io.netty.util.concurrent.DefaultPromise.setValue0(DefaultPromise.java:650)
	at io.netty.util.concurrent.DefaultPromise.setFailure0(DefaultPromise.java:643)
	at io.netty.util.concurrent.DefaultPromise.tryFailure(DefaultPromise.java:132)
	at io.netty.resolver.dns.DnsQueryContext.finishFailure(DnsQueryContext.java:346)
	at io.netty.resolver.dns.DnsQueryContext$4.run(DnsQueryContext.java:281)
	at io.netty.util.concurrent.PromiseTask.runTask(PromiseTask.java:98)
	at io.netty.util.concurrent.ScheduledFutureTask.run(ScheduledFutureTask.java:160)
	at io.netty.util.concurrent.AbstractEventExecutor.runTask(AbstractEventExecutor.java:148)
	at io.netty.util.concurrent.AbstractEventExecutor.safeExecute$$$capture(AbstractEventExecutor.java:141)
	at io.netty.util.concurrent.AbstractEventExecutor.safeExecute(AbstractEventExecutor.java)
	at io.netty.util.concurrent.SingleThreadEventExecutor.runAllTasks(SingleThreadEventExecutor.java:535)
	at io.netty.channel.SingleThreadIoEventLoop.run(SingleThreadIoEventLoop.java:201)
	at io.netty.util.concurrent.SingleThreadEventExecutor$5.run(SingleThreadEventExecutor.java:1195)
	at io.netty.util.internal.ThreadExecutorMap$2.run(ThreadExecutorMap.java:74)
	at io.netty.util.concurrent.FastThreadLocalRunnable.run(FastThreadLocalRunnable.java:30)
	at java.base/java.lang.Thread.run(Thread.java:1583)
Caused by: io.netty.resolver.dns.DnsNameResolverTimeoutException: [609: /10.246.32.204:53] DefaultDnsQuestion(measured-cowbird-128774.upstash.io. IN A) query '609' via UDP timed out after 5000 milliseconds (no stack trace available)
2026-08-05 13:49:54 INFO  i.l.core.protocol.ConnectionWatchdog - Reconnecting, last destination was measured-cowbird-128774.upstash.io/<unresolved>:6379
2026-08-05 13:49:59 WARN  i.l.core.protocol.ConnectionWatchdog - Cannot reconnect to [measured-cowbird-128774.upstash.io/<unresolved>:6379]: Failed to resolve 'measured-cowbird-128774.upstash.io' [A(1)]
java.net.UnknownHostException: Failed to resolve 'measured-cowbird-128774.upstash.io' [A(1)]
	at io.netty.resolver.dns.DnsResolveContext.finishResolve(DnsResolveContext.java:1137)
	at io.netty.resolver.dns.DnsResolveContext.tryToFinishResolve(DnsResolveContext.java:1084)
	at io.netty.resolver.dns.DnsResolveContext.query(DnsResolveContext.java:443)
	at io.netty.resolver.dns.DnsResolveContext.access$700(DnsResolveContext.java:69)
	at io.netty.resolver.dns.DnsResolveContext$2.operationComplete(DnsResolveContext.java:512)
	at io.netty.util.concurrent.DefaultPromise.notifyListener0(DefaultPromise.java:604)
	at io.netty.util.concurrent.DefaultPromise.notifyListeners0(DefaultPromise.java:597)
	at io.netty.util.concurrent.DefaultPromise.notifyListenersNow(DefaultPromise.java:573)
	at io.netty.util.concurrent.DefaultPromise.notifyListeners(DefaultPromise.java:506)
	at io.netty.util.concurrent.DefaultPromise.setValue0(DefaultPromise.java:650)
	at io.netty.util.concurrent.DefaultPromise.setFailure0(DefaultPromise.java:643)
	at io.netty.util.concurrent.DefaultPromise.tryFailure(DefaultPromise.java:132)
	at io.netty.resolver.dns.DnsQueryContext.finishFailure(DnsQueryContext.java:346)
	at io.netty.resolver.dns.DnsQueryContext$4.run(DnsQueryContext.java:281)
	at io.netty.util.concurrent.PromiseTask.runTask(PromiseTask.java:98)
	at io.netty.util.concurrent.ScheduledFutureTask.run(ScheduledFutureTask.java:160)
	at io.netty.util.concurrent.AbstractEventExecutor.runTask(AbstractEventExecutor.java:148)
	at io.netty.util.concurrent.AbstractEventExecutor.safeExecute$$$capture(AbstractEventExecutor.java:141)
	at io.netty.util.concurrent.AbstractEventExecutor.safeExecute(AbstractEventExecutor.java)
	at io.netty.util.concurrent.SingleThreadEventExecutor.runAllTasks(SingleThreadEventExecutor.java:535)
	at io.netty.channel.SingleThreadIoEventLoop.run(SingleThreadIoEventLoop.java:201)
	at io.netty.util.concurrent.SingleThreadEventExecutor$5.run(SingleThreadEventExecutor.java:1195)
	at io.netty.util.internal.ThreadExecutorMap$2.run(ThreadExecutorMap.java:74)
	at io.netty.util.concurrent.FastThreadLocalRunnable.run(FastThreadLocalRunnable.java:30)
	at java.base/java.lang.Thread.run(Thread.java:1583)
Caused by: io.netty.resolver.dns.DnsNameResolverTimeoutException: [12202: /10.246.32.204:53] DefaultDnsQuestion(measured-cowbird-128774.upstash.io. IN A) query '12202' via UDP timed out after 5000 milliseconds (no stack trace available)
2026-08-05 13:50:29 INFO  i.l.core.protocol.ConnectionWatchdog - Reconnecting, last destination was measured-cowbird-128774.upstash.io/<unresolved>:6379
2026-08-05 13:50:34 WARN  i.l.core.protocol.ConnectionWatchdog - Cannot reconnect to [measured-cowbird-128774.upstash.io/<unresolved>:6379]: Failed to resolve 'measured-cowbird-128774.upstash.io' [A(1)]
java.net.UnknownHostException: Failed to resolve 'measured-cowbird-128774.upstash.io' [A(1)]
	at io.netty.resolver.dns.DnsResolveContext.finishResolve(DnsResolveContext.java:1137)
	at io.netty.resolver.dns.DnsResolveContext.tryToFinishResolve(DnsResolveContext.java:1084)
	at io.netty.resolver.dns.DnsResolveContext.query(DnsResolveContext.java:443)
	at io.netty.resolver.dns.DnsResolveContext.access$700(DnsResolveContext.java:69)
	at io.netty.resolver.dns.DnsResolveContext$2.operationComplete(DnsResolveContext.java:512)
	at io.netty.util.concurrent.DefaultPromise.notifyListener0(DefaultPromise.java:604)
	at io.netty.util.concurrent.DefaultPromise.notifyListeners0(DefaultPromise.java:597)
	at io.netty.util.concurrent.DefaultPromise.notifyListenersNow(DefaultPromise.java:573)
	at io.netty.util.concurrent.DefaultPromise.notifyListeners(DefaultPromise.java:506)
	at io.netty.util.concurrent.DefaultPromise.setValue0(DefaultPromise.java:650)
	at io.netty.util.concurrent.DefaultPromise.setFailure0(DefaultPromise.java:643)
	at io.netty.util.concurrent.DefaultPromise.tryFailure(DefaultPromise.java:132)
	at io.netty.resolver.dns.DnsQueryContext.finishFailure(DnsQueryContext.java:346)
	at io.netty.resolver.dns.DnsQueryContext$4.run(DnsQueryContext.java:281)
	at io.netty.util.concurrent.PromiseTask.runTask(PromiseTask.java:98)
	at io.netty.util.concurrent.ScheduledFutureTask.run(ScheduledFutureTask.java:160)
	at io.netty.util.concurrent.AbstractEventExecutor.runTask(AbstractEventExecutor.java:148)
	at io.netty.util.concurrent.AbstractEventExecutor.safeExecute$$$capture(AbstractEventExecutor.java:141)
	at io.netty.util.concurrent.AbstractEventExecutor.safeExecute(AbstractEventExecutor.java)
	at io.netty.util.concurrent.SingleThreadEventExecutor.runAllTasks(SingleThreadEventExecutor.java:535)
	at io.netty.channel.SingleThreadIoEventLoop.run(SingleThreadIoEventLoop.java:201)
	at io.netty.util.concurrent.SingleThreadEventExecutor$5.run(SingleThreadEventExecutor.java:1195)
	at io.netty.util.internal.ThreadExecutorMap$2.run(ThreadExecutorMap.java:74)
	at io.netty.util.concurrent.FastThreadLocalRunnable.run(FastThreadLocalRunnable.java:30)
	at java.base/java.lang.Thread.run(Thread.java:1583)
Caused by: io.netty.resolver.dns.DnsNameResolverTimeoutException: [10665: /10.246.32.204:53] DefaultDnsQuestion(measured-cowbird-128774.upstash.io. IN A) query '10665' via UDP timed out after 5000 milliseconds (no stack trace available)
2026-08-05 13:51:04 INFO  i.l.core.protocol.ConnectionWatchdog - Reconnecting, last destination was measured-cowbird-128774.upstash.io/<unresolved>:6379
2026-08-05 13:51:09 WARN  i.l.core.protocol.ConnectionWatchdog - Cannot reconnect to [measured-cowbird-128774.upstash.io/<unresolved>:6379]: Failed to resolve 'measured-cowbird-128774.upstash.io' [A(1)]
java.net.UnknownHostException: Failed to resolve 'measured-cowbird-128774.upstash.io' [A(1)]
	at io.netty.resolver.dns.DnsResolveContext.finishResolve(DnsResolveContext.java:1137)
	at io.netty.resolver.dns.DnsResolveContext.tryToFinishResolve(DnsResolveContext.java:1084)
	at io.netty.resolver.dns.DnsResolveContext.query(DnsResolveContext.java:443)
	at io.netty.resolver.dns.DnsResolveContext.access$700(DnsResolveContext.java:69)
	at io.netty.resolver.dns.DnsResolveContext$2.operationComplete(DnsResolveContext.java:512)
	at io.netty.util.concurrent.DefaultPromise.notifyListener0(DefaultPromise.java:604)
	at io.netty.util.concurrent.DefaultPromise.notifyListeners0(DefaultPromise.java:597)
	at io.netty.util.concurrent.DefaultPromise.notifyListenersNow(DefaultPromise.java:573)
	at io.netty.util.concurrent.DefaultPromise.notifyListeners(DefaultPromise.java:506)
	at io.netty.util.concurrent.DefaultPromise.setValue0(DefaultPromise.java:650)
	at io.netty.util.concurrent.DefaultPromise.setFailure0(DefaultPromise.java:643)
	at io.netty.util.concurrent.DefaultPromise.tryFailure(DefaultPromise.java:132)
	at io.netty.resolver.dns.DnsQueryContext.finishFailure(DnsQueryContext.java:346)
	at io.netty.resolver.dns.DnsQueryContext$4.run(DnsQueryContext.java:281)
	at io.netty.util.concurrent.PromiseTask.runTask(PromiseTask.java:98)
	at io.netty.util.concurrent.ScheduledFutureTask.run(ScheduledFutureTask.java:160)
	at io.netty.util.concurrent.AbstractEventExecutor.runTask(AbstractEventExecutor.java:148)
	at io.netty.util.concurrent.AbstractEventExecutor.safeExecute$$$capture(AbstractEventExecutor.java:141)
	at io.netty.util.concurrent.AbstractEventExecutor.safeExecute(AbstractEventExecutor.java)
	at io.netty.util.concurrent.SingleThreadEventExecutor.runAllTasks(SingleThreadEventExecutor.java:535)
	at io.netty.channel.SingleThreadIoEventLoop.run(SingleThreadIoEventLoop.java:201)
	at io.netty.util.concurrent.SingleThreadEventExecutor$5.run(SingleThreadEventExecutor.java:1195)
	at io.netty.util.internal.ThreadExecutorMap$2.run(ThreadExecutorMap.java:74)
	at io.netty.util.concurrent.FastThreadLocalRunnable.run(FastThreadLocalRunnable.java:30)
	at java.base/java.lang.Thread.run(Thread.java:1583)
Caused by: io.netty.resolver.dns.DnsNameResolverTimeoutException: [13867: /10.246.32.204:53] DefaultDnsQuestion(measured-cowbird-128774.upstash.io. IN A) query '13867' via UDP timed out after 5000 milliseconds (no stack trace available)
2026-08-05 13:51:39 INFO  i.l.core.protocol.ConnectionWatchdog - Reconnecting, last destination was measured-cowbird-128774.upstash.io/<unresolved>:6379
2026-08-05 13:51:45 WARN  i.l.core.protocol.ConnectionWatchdog - Cannot reconnect to [measured-cowbird-128774.upstash.io/<unresolved>:6379]: Failed to resolve 'measured-cowbird-128774.upstash.io' [A(1)]
java.net.UnknownHostException: Failed to resolve 'measured-cowbird-128774.upstash.io' [A(1)]
	at io.netty.resolver.dns.DnsResolveContext.finishResolve(DnsResolveContext.java:1137)
	at io.netty.resolver.dns.DnsResolveContext.tryToFinishResolve(DnsResolveContext.java:1084)
	at io.netty.resolver.dns.DnsResolveContext.query(DnsResolveContext.java:443)
	at io.netty.resolver.dns.DnsResolveContext.access$700(DnsResolveContext.java:69)
	at io.netty.resolver.dns.DnsResolveContext$2.operationComplete(DnsResolveContext.java:512)
	at io.netty.util.concurrent.DefaultPromise.notifyListener0(DefaultPromise.java:604)
	at io.netty.util.concurrent.DefaultPromise.notifyListeners0(DefaultPromise.java:597)
	at io.netty.util.concurrent.DefaultPromise.notifyListenersNow(DefaultPromise.java:573)
	at io.netty.util.concurrent.DefaultPromise.notifyListeners(DefaultPromise.java:506)
	at io.netty.util.concurrent.DefaultPromise.setValue0(DefaultPromise.java:650)
	at io.netty.util.concurrent.DefaultPromise.setFailure0(DefaultPromise.java:643)
	at io.netty.util.concurrent.DefaultPromise.tryFailure(DefaultPromise.java:132)
	at io.netty.resolver.dns.DnsQueryContext.finishFailure(DnsQueryContext.java:346)
	at io.netty.resolver.dns.DnsQueryContext$4.run(DnsQueryContext.java:281)
	at io.netty.util.concurrent.PromiseTask.runTask(PromiseTask.java:98)
	at io.netty.util.concurrent.ScheduledFutureTask.run(ScheduledFutureTask.java:160)
	at io.netty.util.concurrent.AbstractEventExecutor.runTask(AbstractEventExecutor.java:148)
	at io.netty.util.concurrent.AbstractEventExecutor.safeExecute$$$capture(AbstractEventExecutor.java:141)
	at io.netty.util.concurrent.AbstractEventExecutor.safeExecute(AbstractEventExecutor.java)
	at io.netty.util.concurrent.SingleThreadEventExecutor.runAllTasks(SingleThreadEventExecutor.java:535)
	at io.netty.channel.SingleThreadIoEventLoop.run(SingleThreadIoEventLoop.java:201)
	at io.netty.util.concurrent.SingleThreadEventExecutor$5.run(SingleThreadEventExecutor.java:1195)
	at io.netty.util.internal.ThreadExecutorMap$2.run(ThreadExecutorMap.java:74)
	at io.netty.util.concurrent.FastThreadLocalRunnable.run(FastThreadLocalRunnable.java:30)
	at java.base/java.lang.Thread.run(Thread.java:1583)
Caused by: io.netty.resolver.dns.DnsNameResolverTimeoutException: [5438: /10.246.32.204:53] DefaultDnsQuestion(measured-cowbird-128774.upstash.io. IN A) query '5438' via UDP timed out after 5000 milliseconds (no stack trace available)
2026-08-05 13:52:15 INFO  i.l.core.protocol.ConnectionWatchdog - Reconnecting, last destination was measured-cowbird-128774.upstash.io/<unresolved>:6379
2026-08-05 13:52:20 WARN  i.l.core.protocol.ConnectionWatchdog - Cannot reconnect to [measured-cowbird-128774.upstash.io/<unresolved>:6379]: Failed to resolve 'measured-cowbird-128774.upstash.io' [A(1)]
java.net.UnknownHostException: Failed to resolve 'measured-cowbird-128774.upstash.io' [A(1)]
	at io.netty.resolver.dns.DnsResolveContext.finishResolve(DnsResolveContext.java:1137)
	at io.netty.resolver.dns.DnsResolveContext.tryToFinishResolve(DnsResolveContext.java:1084)
	at io.netty.resolver.dns.DnsResolveContext.query(DnsResolveContext.java:443)
	at io.netty.resolver.dns.DnsResolveContext.access$700(DnsResolveContext.java:69)
	at io.netty.resolver.dns.DnsResolveContext$2.operationComplete(DnsResolveContext.java:512)
	at io.netty.util.concurrent.DefaultPromise.notifyListener0(DefaultPromise.java:604)
	at io.netty.util.concurrent.DefaultPromise.notifyListeners0(DefaultPromise.java:597)
	at io.netty.util.concurrent.DefaultPromise.notifyListenersNow(DefaultPromise.java:573)
	at io.netty.util.concurrent.DefaultPromise.notifyListeners(DefaultPromise.java:506)
	at io.netty.util.concurrent.DefaultPromise.setValue0(DefaultPromise.java:650)
	at io.netty.util.concurrent.DefaultPromise.setFailure0(DefaultPromise.java:643)
	at io.netty.util.concurrent.DefaultPromise.tryFailure(DefaultPromise.java:132)
	at io.netty.resolver.dns.DnsQueryContext.finishFailure(DnsQueryContext.java:346)
	at io.netty.resolver.dns.DnsQueryContext$4.run(DnsQueryContext.java:281)
	at io.netty.util.concurrent.PromiseTask.runTask(PromiseTask.java:98)
	at io.netty.util.concurrent.ScheduledFutureTask.run(ScheduledFutureTask.java:160)
	at io.netty.util.concurrent.AbstractEventExecutor.runTask(AbstractEventExecutor.java:148)
	at io.netty.util.concurrent.AbstractEventExecutor.safeExecute$$$capture(AbstractEventExecutor.java:141)
	at io.netty.util.concurrent.AbstractEventExecutor.safeExecute(AbstractEventExecutor.java)
	at io.netty.util.concurrent.SingleThreadEventExecutor.runAllTasks(SingleThreadEventExecutor.java:535)
	at io.netty.channel.SingleThreadIoEventLoop.run(SingleThreadIoEventLoop.java:201)
	at io.netty.util.concurrent.SingleThreadEventExecutor$5.run(SingleThreadEventExecutor.java:1195)
	at io.netty.util.internal.ThreadExecutorMap$2.run(ThreadExecutorMap.java:74)
	at io.netty.util.concurrent.FastThreadLocalRunnable.run(FastThreadLocalRunnable.java:30)
	at java.base/java.lang.Thread.run(Thread.java:1583)
Caused by: io.netty.resolver.dns.DnsNameResolverTimeoutException: [12177: /10.246.32.204:53] DefaultDnsQuestion(measured-cowbird-128774.upstash.io. IN A) query '12177' via UDP timed out after 5000 milliseconds (no stack trace available)
2026-08-05 13:52:50 INFO  i.l.core.protocol.ConnectionWatchdog - Reconnecting, last destination was measured-cowbird-128774.upstash.io/<unresolved>:6379
2026-08-05 13:52:55 WARN  i.l.core.protocol.ConnectionWatchdog - Cannot reconnect to [measured-cowbird-128774.upstash.io/<unresolved>:6379]: Failed to resolve 'measured-cowbird-128774.upstash.io' [A(1)]
java.net.UnknownHostException: Failed to resolve 'measured-cowbird-128774.upstash.io' [A(1)]
	at io.netty.resolver.dns.DnsResolveContext.finishResolve(DnsResolveContext.java:1137)
	at io.netty.resolver.dns.DnsResolveContext.tryToFinishResolve(DnsResolveContext.java:1084)
	at io.netty.resolver.dns.DnsResolveContext.query(DnsResolveContext.java:443)
	at io.netty.resolver.dns.DnsResolveContext.access$700(DnsResolveContext.java:69)
	at io.netty.resolver.dns.DnsResolveContext$2.operationComplete(DnsResolveContext.java:512)
	at io.netty.util.concurrent.DefaultPromise.notifyListener0(DefaultPromise.java:604)
	at io.netty.util.concurrent.DefaultPromise.notifyListeners0(DefaultPromise.java:597)
	at io.netty.util.concurrent.DefaultPromise.notifyListenersNow(DefaultPromise.java:573)
	at io.netty.util.concurrent.DefaultPromise.notifyListeners(DefaultPromise.java:506)
	at io.netty.util.concurrent.DefaultPromise.setValue0(DefaultPromise.java:650)
	at io.netty.util.concurrent.DefaultPromise.setFailure0(DefaultPromise.java:643)
	at io.netty.util.concurrent.DefaultPromise.tryFailure(DefaultPromise.java:132)
	at io.netty.resolver.dns.DnsQueryContext.finishFailure(DnsQueryContext.java:346)
	at io.netty.resolver.dns.DnsQueryContext$4.run(DnsQueryContext.java:281)
	at io.netty.util.concurrent.PromiseTask.runTask(PromiseTask.java:98)
	at io.netty.util.concurrent.ScheduledFutureTask.run(ScheduledFutureTask.java:160)
	at io.netty.util.concurrent.AbstractEventExecutor.runTask(AbstractEventExecutor.java:148)
	at io.netty.util.concurrent.AbstractEventExecutor.safeExecute$$$capture(AbstractEventExecutor.java:141)
	at io.netty.util.concurrent.AbstractEventExecutor.safeExecute(AbstractEventExecutor.java)
	at io.netty.util.concurrent.SingleThreadEventExecutor.runAllTasks(SingleThreadEventExecutor.java:535)
	at io.netty.channel.SingleThreadIoEventLoop.run(SingleThreadIoEventLoop.java:201)
	at io.netty.util.concurrent.SingleThreadEventExecutor$5.run(SingleThreadEventExecutor.java:1195)
	at io.netty.util.internal.ThreadExecutorMap$2.run(ThreadExecutorMap.java:74)
	at io.netty.util.concurrent.FastThreadLocalRunnable.run(FastThreadLocalRunnable.java:30)
	at java.base/java.lang.Thread.run(Thread.java:1583)
Caused by: io.netty.resolver.dns.DnsNameResolverTimeoutException: [12546: /10.246.32.204:53] DefaultDnsQuestion(measured-cowbird-128774.upstash.io. IN A) query '12546' via UDP timed out after 5000 milliseconds (no stack trace available)
2026-08-05 13:53:25 INFO  i.l.core.protocol.ConnectionWatchdog - Reconnecting, last destination was measured-cowbird-128774.upstash.io/<unresolved>:6379
2026-08-05 13:53:30 WARN  i.l.core.protocol.ConnectionWatchdog - Cannot reconnect to [measured-cowbird-128774.upstash.io/<unresolved>:6379]: Failed to resolve 'measured-cowbird-128774.upstash.io' [A(1)]
java.net.UnknownHostException: Failed to resolve 'measured-cowbird-128774.upstash.io' [A(1)]
	at io.netty.resolver.dns.DnsResolveContext.finishResolve(DnsResolveContext.java:1137)
	at io.netty.resolver.dns.DnsResolveContext.tryToFinishResolve(DnsResolveContext.java:1084)
	at io.netty.resolver.dns.DnsResolveContext.query(DnsResolveContext.java:443)
	at io.netty.resolver.dns.DnsResolveContext.access$700(DnsResolveContext.java:69)
	at io.netty.resolver.dns.DnsResolveContext$2.operationComplete(DnsResolveContext.java:512)
	at io.netty.util.concurrent.DefaultPromise.notifyListener0(DefaultPromise.java:604)
	at io.netty.util.concurrent.DefaultPromise.notifyListeners0(DefaultPromise.java:597)
	at io.netty.util.concurrent.DefaultPromise.notifyListenersNow(DefaultPromise.java:573)
	at io.netty.util.concurrent.DefaultPromise.notifyListeners(DefaultPromise.java:506)
	at io.netty.util.concurrent.DefaultPromise.setValue0(DefaultPromise.java:650)
	at io.netty.util.concurrent.DefaultPromise.setFailure0(DefaultPromise.java:643)
	at io.netty.util.concurrent.DefaultPromise.tryFailure(DefaultPromise.java:132)
	at io.netty.resolver.dns.DnsQueryContext.finishFailure(DnsQueryContext.java:346)
	at io.netty.resolver.dns.DnsQueryContext$4.run(DnsQueryContext.java:281)
	at io.netty.util.concurrent.PromiseTask.runTask(PromiseTask.java:98)
	at io.netty.util.concurrent.ScheduledFutureTask.run(ScheduledFutureTask.java:160)
	at io.netty.util.concurrent.AbstractEventExecutor.runTask(AbstractEventExecutor.java:148)
	at io.netty.util.concurrent.AbstractEventExecutor.safeExecute$$$capture(AbstractEventExecutor.java:141)
	at io.netty.util.concurrent.AbstractEventExecutor.safeExecute(AbstractEventExecutor.java)
	at io.netty.util.concurrent.SingleThreadEventExecutor.runAllTasks(SingleThreadEventExecutor.java:535)
	at io.netty.channel.SingleThreadIoEventLoop.run(SingleThreadIoEventLoop.java:201)
	at io.netty.util.concurrent.SingleThreadEventExecutor$5.run(SingleThreadEventExecutor.java:1195)
	at io.netty.util.internal.ThreadExecutorMap$2.run(ThreadExecutorMap.java:74)
	at io.netty.util.concurrent.FastThreadLocalRunnable.run(FastThreadLocalRunnable.java:30)
	at java.base/java.lang.Thread.run(Thread.java:1583)
Caused by: io.netty.resolver.dns.DnsNameResolverTimeoutException: [9705: /10.246.32.204:53] DefaultDnsQuestion(measured-cowbird-128774.upstash.io. IN A) query '9705' via UDP timed out after 5000 milliseconds (no stack trace available)
2026-08-05 13:53:33 INFO  o.s.w.s.c.WebSocketMessageBrokerStats - WebSocketSession[0 current WS(0)-HttpStream(0)-HttpPoll(0), 0 total, 0 closed abnormally (0 connect failure, 0 send limit, 0 transport error)], stompSubProtocol[processed CONNECT(0)-CONNECTED(0)-DISCONNECT(0)], stompBrokerRelay[null], inboundChannel[pool size = 0, active threads = 0, queued tasks = 0, completed tasks = 0], outboundChannel[pool size = 0, active threads = 0, queued tasks = 0, completed tasks = 0], sockJsScheduler[pool size = 4, active threads = 1, queued tasks = 1, completed tasks = 308]
2026-08-05 13:54:00 INFO  i.l.core.protocol.ConnectionWatchdog - Reconnecting, last destination was measured-cowbird-128774.upstash.io/<unresolved>:6379
2026-08-05 13:54:05 WARN  i.l.core.protocol.ConnectionWatchdog - Cannot reconnect to [measured-cowbird-128774.upstash.io/<unresolved>:6379]: Failed to resolve 'measured-cowbird-128774.upstash.io' [A(1)]
java.net.UnknownHostException: Failed to resolve 'measured-cowbird-128774.upstash.io' [A(1)]
	at io.netty.resolver.dns.DnsResolveContext.finishResolve(DnsResolveContext.java:1137)
	at io.netty.resolver.dns.DnsResolveContext.tryToFinishResolve(DnsResolveContext.java:1084)
	at io.netty.resolver.dns.DnsResolveContext.query(DnsResolveContext.java:443)
	at io.netty.resolver.dns.DnsResolveContext.access$700(DnsResolveContext.java:69)
	at io.netty.resolver.dns.DnsResolveContext$2.operationComplete(DnsResolveContext.java:512)
	at io.netty.util.concurrent.DefaultPromise.notifyListener0(DefaultPromise.java:604)
	at io.netty.util.concurrent.DefaultPromise.notifyListeners0(DefaultPromise.java:597)
	at io.netty.util.concurrent.DefaultPromise.notifyListenersNow(DefaultPromise.java:573)
	at io.netty.util.concurrent.DefaultPromise.notifyListeners(DefaultPromise.java:506)
	at io.netty.util.concurrent.DefaultPromise.setValue0(DefaultPromise.java:650)
	at io.netty.util.concurrent.DefaultPromise.setFailure0(DefaultPromise.java:643)
	at io.netty.util.concurrent.DefaultPromise.tryFailure(DefaultPromise.java:132)
	at io.netty.resolver.dns.DnsQueryContext.finishFailure(DnsQueryContext.java:346)
	at io.netty.resolver.dns.DnsQueryContext$4.run(DnsQueryContext.java:281)
	at io.netty.util.concurrent.PromiseTask.runTask(PromiseTask.java:98)
	at io.netty.util.concurrent.ScheduledFutureTask.run(ScheduledFutureTask.java:160)
	at io.netty.util.concurrent.AbstractEventExecutor.runTask(AbstractEventExecutor.java:148)
	at io.netty.util.concurrent.AbstractEventExecutor.safeExecute$$$capture(AbstractEventExecutor.java:141)
	at io.netty.util.concurrent.AbstractEventExecutor.safeExecute(AbstractEventExecutor.java)
	at io.netty.util.concurrent.SingleThreadEventExecutor.runAllTasks(SingleThreadEventExecutor.java:535)
	at io.netty.channel.SingleThreadIoEventLoop.run(SingleThreadIoEventLoop.java:201)
	at io.netty.util.concurrent.SingleThreadEventExecutor$5.run(SingleThreadEventExecutor.java:1195)
	at io.netty.util.internal.ThreadExecutorMap$2.run(ThreadExecutorMap.java:74)
	at io.netty.util.concurrent.FastThreadLocalRunnable.run(FastThreadLocalRunnable.java:30)
	at java.base/java.lang.Thread.run(Thread.java:1583)
Caused by: io.netty.resolver.dns.DnsNameResolverTimeoutException: [12865: /10.246.32.204:53] DefaultDnsQuestion(measured-cowbird-128774.upstash.io. IN A) query '12865' via UDP timed out after 5000 milliseconds (no stack trace available)
2026-08-05 13:54:35 INFO  i.l.core.protocol.ConnectionWatchdog - Reconnecting, last destination was measured-cowbird-128774.upstash.io/<unresolved>:6379
2026-08-05 13:54:40 WARN  i.l.core.protocol.ConnectionWatchdog - Cannot reconnect to [measured-cowbird-128774.upstash.io/<unresolved>:6379]: Failed to resolve 'measured-cowbird-128774.upstash.io' [A(1)]
java.net.UnknownHostException: Failed to resolve 'measured-cowbird-128774.upstash.io' [A(1)]
	at io.netty.resolver.dns.DnsResolveContext.finishResolve(DnsResolveContext.java:1137)
	at io.netty.resolver.dns.DnsResolveContext.tryToFinishResolve(DnsResolveContext.java:1084)
	at io.netty.resolver.dns.DnsResolveContext.query(DnsResolveContext.java:443)
	at io.netty.resolver.dns.DnsResolveContext.access$700(DnsResolveContext.java:69)
	at io.netty.resolver.dns.DnsResolveContext$2.operationComplete(DnsResolveContext.java:512)
	at io.netty.util.concurrent.DefaultPromise.notifyListener0(DefaultPromise.java:604)
	at io.netty.util.concurrent.DefaultPromise.notifyListeners0(DefaultPromise.java:597)
	at io.netty.util.concurrent.DefaultPromise.notifyListenersNow(DefaultPromise.java:573)
	at io.netty.util.concurrent.DefaultPromise.notifyListeners(DefaultPromise.java:506)
	at io.netty.util.concurrent.DefaultPromise.setValue0(DefaultPromise.java:650)
	at io.netty.util.concurrent.DefaultPromise.setFailure0(DefaultPromise.java:643)
	at io.netty.util.concurrent.DefaultPromise.tryFailure(DefaultPromise.java:132)
	at io.netty.resolver.dns.DnsQueryContext.finishFailure(DnsQueryContext.java:346)
	at io.netty.resolver.dns.DnsQueryContext$4.run(DnsQueryContext.java:281)
	at io.netty.util.concurrent.PromiseTask.runTask(PromiseTask.java:98)
	at io.netty.util.concurrent.ScheduledFutureTask.run(ScheduledFutureTask.java:160)
	at io.netty.util.concurrent.AbstractEventExecutor.runTask(AbstractEventExecutor.java:148)
	at io.netty.util.concurrent.AbstractEventExecutor.safeExecute$$$capture(AbstractEventExecutor.java:141)
	at io.netty.util.concurrent.AbstractEventExecutor.safeExecute(AbstractEventExecutor.java)
	at io.netty.util.concurrent.SingleThreadEventExecutor.runAllTasks(SingleThreadEventExecutor.java:535)
	at io.netty.channel.SingleThreadIoEventLoop.run(SingleThreadIoEventLoop.java:201)
	at io.netty.util.concurrent.SingleThreadEventExecutor$5.run(SingleThreadEventExecutor.java:1195)
	at io.netty.util.internal.ThreadExecutorMap$2.run(ThreadExecutorMap.java:74)
	at io.netty.util.concurrent.FastThreadLocalRunnable.run(FastThreadLocalRunnable.java:30)
	at java.base/java.lang.Thread.run(Thread.java:1583)
Caused by: io.netty.resolver.dns.DnsNameResolverTimeoutException: [8903: /10.246.32.204:53] DefaultDnsQuestion(measured-cowbird-128774.upstash.io. IN A) query '8903' via UDP timed out after 5000 milliseconds (no stack trace available)
2026-08-05 13:55:10 INFO  i.l.core.protocol.ConnectionWatchdog - Reconnecting, last destination was measured-cowbird-128774.upstash.io/<unresolved>:6379
2026-08-05 13:55:15 WARN  i.l.core.protocol.ConnectionWatchdog - Cannot reconnect to [measured-cowbird-128774.upstash.io/<unresolved>:6379]: Failed to resolve 'measured-cowbird-128774.upstash.io' [A(1)]
java.net.UnknownHostException: Failed to resolve 'measured-cowbird-128774.upstash.io' [A(1)]
	at io.netty.resolver.dns.DnsResolveContext.finishResolve(DnsResolveContext.java:1137)
	at io.netty.resolver.dns.DnsResolveContext.tryToFinishResolve(DnsResolveContext.java:1084)
	at io.netty.resolver.dns.DnsResolveContext.query(DnsResolveContext.java:443)
	at io.netty.resolver.dns.DnsResolveContext.access$700(DnsResolveContext.java:69)
	at io.netty.resolver.dns.DnsResolveContext$2.operationComplete(DnsResolveContext.java:512)
	at io.netty.util.concurrent.DefaultPromise.notifyListener0(DefaultPromise.java:604)
	at io.netty.util.concurrent.DefaultPromise.notifyListeners0(DefaultPromise.java:597)
	at io.netty.util.concurrent.DefaultPromise.notifyListenersNow(DefaultPromise.java:573)
	at io.netty.util.concurrent.DefaultPromise.notifyListeners(DefaultPromise.java:506)
	at io.netty.util.concurrent.DefaultPromise.setValue0(DefaultPromise.java:650)
	at io.netty.util.concurrent.DefaultPromise.setFailure0(DefaultPromise.java:643)
	at io.netty.util.concurrent.DefaultPromise.tryFailure(DefaultPromise.java:132)
	at io.netty.resolver.dns.DnsQueryContext.finishFailure(DnsQueryContext.java:346)
	at io.netty.resolver.dns.DnsQueryContext$4.run(DnsQueryContext.java:281)
	at io.netty.util.concurrent.PromiseTask.runTask(PromiseTask.java:98)
	at io.netty.util.concurrent.ScheduledFutureTask.run(ScheduledFutureTask.java:160)
	at io.netty.util.concurrent.AbstractEventExecutor.runTask(AbstractEventExecutor.java:148)
	at io.netty.util.concurrent.AbstractEventExecutor.safeExecute$$$capture(AbstractEventExecutor.java:141)
	at io.netty.util.concurrent.AbstractEventExecutor.safeExecute(AbstractEventExecutor.java)
	at io.netty.util.concurrent.SingleThreadEventExecutor.runAllTasks(SingleThreadEventExecutor.java:535)
	at io.netty.channel.SingleThreadIoEventLoop.run(SingleThreadIoEventLoop.java:201)
	at io.netty.util.concurrent.SingleThreadEventExecutor$5.run(SingleThreadEventExecutor.java:1195)
	at io.netty.util.internal.ThreadExecutorMap$2.run(ThreadExecutorMap.java:74)
	at io.netty.util.concurrent.FastThreadLocalRunnable.run(FastThreadLocalRunnable.java:30)
	at java.base/java.lang.Thread.run(Thread.java:1583)
Caused by: io.netty.resolver.dns.DnsNameResolverTimeoutException: [15585: /10.246.32.204:53] DefaultDnsQuestion(measured-cowbird-128774.upstash.io. IN A) query '15585' via UDP timed out after 5000 milliseconds (no stack trace available)
2026-08-05 13:55:45 INFO  i.l.core.protocol.ConnectionWatchdog - Reconnecting, last destination was measured-cowbird-128774.upstash.io/<unresolved>:6379
2026-08-05 13:55:50 WARN  i.l.core.protocol.ConnectionWatchdog - Cannot reconnect to [measured-cowbird-128774.upstash.io/<unresolved>:6379]: Failed to resolve 'measured-cowbird-128774.upstash.io' [A(1)]
java.net.UnknownHostException: Failed to resolve 'measured-cowbird-128774.upstash.io' [A(1)]
	at io.netty.resolver.dns.DnsResolveContext.finishResolve(DnsResolveContext.java:1137)
	at io.netty.resolver.dns.DnsResolveContext.tryToFinishResolve(DnsResolveContext.java:1084)
	at io.netty.resolver.dns.DnsResolveContext.query(DnsResolveContext.java:443)
	at io.netty.resolver.dns.DnsResolveContext.access$700(DnsResolveContext.java:69)
	at io.netty.resolver.dns.DnsResolveContext$2.operationComplete(DnsResolveContext.java:512)
	at io.netty.util.concurrent.DefaultPromise.notifyListener0(DefaultPromise.java:604)
	at io.netty.util.concurrent.DefaultPromise.notifyListeners0(DefaultPromise.java:597)
	at io.netty.util.concurrent.DefaultPromise.notifyListenersNow(DefaultPromise.java:573)
	at io.netty.util.concurrent.DefaultPromise.notifyListeners(DefaultPromise.java:506)
	at io.netty.util.concurrent.DefaultPromise.setValue0(DefaultPromise.java:650)
	at io.netty.util.concurrent.DefaultPromise.setFailure0(DefaultPromise.java:643)
	at io.netty.util.concurrent.DefaultPromise.tryFailure(DefaultPromise.java:132)
	at io.netty.resolver.dns.DnsQueryContext.finishFailure(DnsQueryContext.java:346)
	at io.netty.resolver.dns.DnsQueryContext$4.run(DnsQueryContext.java:281)
	at io.netty.util.concurrent.PromiseTask.runTask(PromiseTask.java:98)
	at io.netty.util.concurrent.ScheduledFutureTask.run(ScheduledFutureTask.java:160)
	at io.netty.util.concurrent.AbstractEventExecutor.runTask(AbstractEventExecutor.java:148)
	at io.netty.util.concurrent.AbstractEventExecutor.safeExecute$$$capture(AbstractEventExecutor.java:141)
	at io.netty.util.concurrent.AbstractEventExecutor.safeExecute(AbstractEventExecutor.java)
	at io.netty.util.concurrent.SingleThreadEventExecutor.runAllTasks(SingleThreadEventExecutor.java:535)
	at io.netty.channel.SingleThreadIoEventLoop.run(SingleThreadIoEventLoop.java:201)
	at io.netty.util.concurrent.SingleThreadEventExecutor$5.run(SingleThreadEventExecutor.java:1195)
	at io.netty.util.internal.ThreadExecutorMap$2.run(ThreadExecutorMap.java:74)
	at io.netty.util.concurrent.FastThreadLocalRunnable.run(FastThreadLocalRunnable.java:30)
	at java.base/java.lang.Thread.run(Thread.java:1583)
Caused by: io.netty.resolver.dns.DnsNameResolverTimeoutException: [7640: /10.246.32.204:53] DefaultDnsQuestion(measured-cowbird-128774.upstash.io. IN A) query '7640' via UDP timed out after 5000 milliseconds (no stack trace available)
2026-08-05 13:56:20 INFO  i.l.core.protocol.ConnectionWatchdog - Reconnecting, last destination was measured-cowbird-128774.upstash.io/<unresolved>:6379
2026-08-05 13:56:25 WARN  i.l.core.protocol.ConnectionWatchdog - Cannot reconnect to [measured-cowbird-128774.upstash.io/<unresolved>:6379]: Failed to resolve 'measured-cowbird-128774.upstash.io' [A(1)]
java.net.UnknownHostException: Failed to resolve 'measured-cowbird-128774.upstash.io' [A(1)]
	at io.netty.resolver.dns.DnsResolveContext.finishResolve(DnsResolveContext.java:1137)
	at io.netty.resolver.dns.DnsResolveContext.tryToFinishResolve(DnsResolveContext.java:1084)
	at io.netty.resolver.dns.DnsResolveContext.query(DnsResolveContext.java:443)
	at io.netty.resolver.dns.DnsResolveContext.access$700(DnsResolveContext.java:69)
	at io.netty.resolver.dns.DnsResolveContext$2.operationComplete(DnsResolveContext.java:512)
	at io.netty.util.concurrent.DefaultPromise.notifyListener0(DefaultPromise.java:604)
	at io.netty.util.concurrent.DefaultPromise.notifyListeners0(DefaultPromise.java:597)
	at io.netty.util.concurrent.DefaultPromise.notifyListenersNow(DefaultPromise.java:573)
	at io.netty.util.concurrent.DefaultPromise.notifyListeners(DefaultPromise.java:506)
	at io.netty.util.concurrent.DefaultPromise.setValue0(DefaultPromise.java:650)
	at io.netty.util.concurrent.DefaultPromise.setFailure0(DefaultPromise.java:643)
	at io.netty.util.concurrent.DefaultPromise.tryFailure(DefaultPromise.java:132)
	at io.netty.resolver.dns.DnsQueryContext.finishFailure(DnsQueryContext.java:346)
	at io.netty.resolver.dns.DnsQueryContext$4.run(DnsQueryContext.java:281)
	at io.netty.util.concurrent.PromiseTask.runTask(PromiseTask.java:98)
	at io.netty.util.concurrent.ScheduledFutureTask.run(ScheduledFutureTask.java:160)
	at io.netty.util.concurrent.AbstractEventExecutor.runTask(AbstractEventExecutor.java:148)
	at io.netty.util.concurrent.AbstractEventExecutor.safeExecute$$$capture(AbstractEventExecutor.java:141)
	at io.netty.util.concurrent.AbstractEventExecutor.safeExecute(AbstractEventExecutor.java)
	at io.netty.util.concurrent.SingleThreadEventExecutor.runAllTasks(SingleThreadEventExecutor.java:535)
	at io.netty.channel.SingleThreadIoEventLoop.run(SingleThreadIoEventLoop.java:201)
	at io.netty.util.concurrent.SingleThreadEventExecutor$5.run(SingleThreadEventExecutor.java:1195)
	at io.netty.util.internal.ThreadExecutorMap$2.run(ThreadExecutorMap.java:74)
	at io.netty.util.concurrent.FastThreadLocalRunnable.run(FastThreadLocalRunnable.java:30)
	at java.base/java.lang.Thread.run(Thread.java:1583)
Caused by: io.netty.resolver.dns.DnsNameResolverTimeoutException: [5009: /10.246.32.204:53] DefaultDnsQuestion(measured-cowbird-128774.upstash.io. IN A) query '5009' via UDP timed out after 5000 milliseconds (no stack trace available)
2026-08-05 13:56:55 INFO  i.l.core.protocol.ConnectionWatchdog - Reconnecting, last destination was measured-cowbird-128774.upstash.io/<unresolved>:6379
2026-08-05 13:57:00 WARN  i.l.core.protocol.ConnectionWatchdog - Cannot reconnect to [measured-cowbird-128774.upstash.io/<unresolved>:6379]: Failed to resolve 'measured-cowbird-128774.upstash.io' [A(1)]
java.net.UnknownHostException: Failed to resolve 'measured-cowbird-128774.upstash.io' [A(1)]
	at io.netty.resolver.dns.DnsResolveContext.finishResolve(DnsResolveContext.java:1137)
	at io.netty.resolver.dns.DnsResolveContext.tryToFinishResolve(DnsResolveContext.java:1084)
	at io.netty.resolver.dns.DnsResolveContext.query(DnsResolveContext.java:443)
	at io.netty.resolver.dns.DnsResolveContext.access$700(DnsResolveContext.java:69)
	at io.netty.resolver.dns.DnsResolveContext$2.operationComplete(DnsResolveContext.java:512)
	at io.netty.util.concurrent.DefaultPromise.notifyListener0(DefaultPromise.java:604)
	at io.netty.util.concurrent.DefaultPromise.notifyListeners0(DefaultPromise.java:597)
	at io.netty.util.concurrent.DefaultPromise.notifyListenersNow(DefaultPromise.java:573)
	at io.netty.util.concurrent.DefaultPromise.notifyListeners(DefaultPromise.java:506)
	at io.netty.util.concurrent.DefaultPromise.setValue0(DefaultPromise.java:650)
	at io.netty.util.concurrent.DefaultPromise.setFailure0(DefaultPromise.java:643)
	at io.netty.util.concurrent.DefaultPromise.tryFailure(DefaultPromise.java:132)
	at io.netty.resolver.dns.DnsQueryContext.finishFailure(DnsQueryContext.java:346)
	at io.netty.resolver.dns.DnsQueryContext$4.run(DnsQueryContext.java:281)
	at io.netty.util.concurrent.PromiseTask.runTask(PromiseTask.java:98)
	at io.netty.util.concurrent.ScheduledFutureTask.run(ScheduledFutureTask.java:160)
	at io.netty.util.concurrent.AbstractEventExecutor.runTask(AbstractEventExecutor.java:148)
	at io.netty.util.concurrent.AbstractEventExecutor.safeExecute$$$capture(AbstractEventExecutor.java:141)
	at io.netty.util.concurrent.AbstractEventExecutor.safeExecute(AbstractEventExecutor.java)
	at io.netty.util.concurrent.SingleThreadEventExecutor.runAllTasks(SingleThreadEventExecutor.java:535)
	at io.netty.channel.SingleThreadIoEventLoop.run(SingleThreadIoEventLoop.java:201)
	at io.netty.util.concurrent.SingleThreadEventExecutor$5.run(SingleThreadEventExecutor.java:1195)
	at io.netty.util.internal.ThreadExecutorMap$2.run(ThreadExecutorMap.java:74)
	at io.netty.util.concurrent.FastThreadLocalRunnable.run(FastThreadLocalRunnable.java:30)
	at java.base/java.lang.Thread.run(Thread.java:1583)
Caused by: io.netty.resolver.dns.DnsNameResolverTimeoutException: [9514: /10.246.32.204:53] DefaultDnsQuestion(measured-cowbird-128774.upstash.io. IN A) query '9514' via UDP timed out after 5000 milliseconds (no stack trace available)
2026-08-05 13:57:30 INFO  i.l.core.protocol.ConnectionWatchdog - Reconnecting, last destination was measured-cowbird-128774.upstash.io/<unresolved>:6379
2026-08-05 13:57:36 WARN  i.l.core.protocol.ConnectionWatchdog - Cannot reconnect to [measured-cowbird-128774.upstash.io/<unresolved>:6379]: Failed to resolve 'measured-cowbird-128774.upstash.io' [A(1)]
java.net.UnknownHostException: Failed to resolve 'measured-cowbird-128774.upstash.io' [A(1)]
	at io.netty.resolver.dns.DnsResolveContext.finishResolve(DnsResolveContext.java:1137)
	at io.netty.resolver.dns.DnsResolveContext.tryToFinishResolve(DnsResolveContext.java:1084)
	at io.netty.resolver.dns.DnsResolveContext.query(DnsResolveContext.java:443)
	at io.netty.resolver.dns.DnsResolveContext.access$700(DnsResolveContext.java:69)
	at io.netty.resolver.dns.DnsResolveContext$2.operationComplete(DnsResolveContext.java:512)
	at io.netty.util.concurrent.DefaultPromise.notifyListener0(DefaultPromise.java:604)
	at io.netty.util.concurrent.DefaultPromise.notifyListeners0(DefaultPromise.java:597)
	at io.netty.util.concurrent.DefaultPromise.notifyListenersNow(DefaultPromise.java:573)
	at io.netty.util.concurrent.DefaultPromise.notifyListeners(DefaultPromise.java:506)
	at io.netty.util.concurrent.DefaultPromise.setValue0(DefaultPromise.java:650)
	at io.netty.util.concurrent.DefaultPromise.setFailure0(DefaultPromise.java:643)
	at io.netty.util.concurrent.DefaultPromise.tryFailure(DefaultPromise.java:132)
	at io.netty.resolver.dns.DnsQueryContext.finishFailure(DnsQueryContext.java:346)
	at io.netty.resolver.dns.DnsQueryContext$4.run(DnsQueryContext.java:281)
	at io.netty.util.concurrent.PromiseTask.runTask(PromiseTask.java:98)
	at io.netty.util.concurrent.ScheduledFutureTask.run(ScheduledFutureTask.java:160)
	at io.netty.util.concurrent.AbstractEventExecutor.runTask(AbstractEventExecutor.java:148)
	at io.netty.util.concurrent.AbstractEventExecutor.safeExecute$$$capture(AbstractEventExecutor.java:141)
	at io.netty.util.concurrent.AbstractEventExecutor.safeExecute(AbstractEventExecutor.java)
	at io.netty.util.concurrent.SingleThreadEventExecutor.runAllTasks(SingleThreadEventExecutor.java:535)
	at io.netty.channel.SingleThreadIoEventLoop.run(SingleThreadIoEventLoop.java:201)
	at io.netty.util.concurrent.SingleThreadEventExecutor$5.run(SingleThreadEventExecutor.java:1195)
	at io.netty.util.internal.ThreadExecutorMap$2.run(ThreadExecutorMap.java:74)
	at io.netty.util.concurrent.FastThreadLocalRunnable.run(FastThreadLocalRunnable.java:30)
	at java.base/java.lang.Thread.run(Thread.java:1583)
Caused by: io.netty.resolver.dns.DnsNameResolverTimeoutException: [14153: /10.246.32.204:53] DefaultDnsQuestion(measured-cowbird-128774.upstash.io. IN A) query '14153' via UDP timed out after 5000 milliseconds (no stack trace available)
2026-08-05 13:58:06 INFO  i.l.core.protocol.ConnectionWatchdog - Reconnecting, last destination was measured-cowbird-128774.upstash.io/<unresolved>:6379
2026-08-05 13:58:11 WARN  i.l.core.protocol.ConnectionWatchdog - Cannot reconnect to [measured-cowbird-128774.upstash.io/<unresolved>:6379]: Failed to resolve 'measured-cowbird-128774.upstash.io' [A(1)]
java.net.UnknownHostException: Failed to resolve 'measured-cowbird-128774.upstash.io' [A(1)]
	at io.netty.resolver.dns.DnsResolveContext.finishResolve(DnsResolveContext.java:1137)
	at io.netty.resolver.dns.DnsResolveContext.tryToFinishResolve(DnsResolveContext.java:1084)
	at io.netty.resolver.dns.DnsResolveContext.query(DnsResolveContext.java:443)
	at io.netty.resolver.dns.DnsResolveContext.access$700(DnsResolveContext.java:69)
	at io.netty.resolver.dns.DnsResolveContext$2.operationComplete(DnsResolveContext.java:512)
	at io.netty.util.concurrent.DefaultPromise.notifyListener0(DefaultPromise.java:604)
	at io.netty.util.concurrent.DefaultPromise.notifyListeners0(DefaultPromise.java:597)
	at io.netty.util.concurrent.DefaultPromise.notifyListenersNow(DefaultPromise.java:573)
	at io.netty.util.concurrent.DefaultPromise.notifyListeners(DefaultPromise.java:506)
	at io.netty.util.concurrent.DefaultPromise.setValue0(DefaultPromise.java:650)
	at io.netty.util.concurrent.DefaultPromise.setFailure0(DefaultPromise.java:643)
	at io.netty.util.concurrent.DefaultPromise.tryFailure(DefaultPromise.java:132)
	at io.netty.resolver.dns.DnsQueryContext.finishFailure(DnsQueryContext.java:346)
	at io.netty.resolver.dns.DnsQueryContext$4.run(DnsQueryContext.java:281)
	at io.netty.util.concurrent.PromiseTask.runTask(PromiseTask.java:98)
	at io.netty.util.concurrent.ScheduledFutureTask.run(ScheduledFutureTask.java:160)
	at io.netty.util.concurrent.AbstractEventExecutor.runTask(AbstractEventExecutor.java:148)
	at io.netty.util.concurrent.AbstractEventExecutor.safeExecute$$$capture(AbstractEventExecutor.java:141)
	at io.netty.util.concurrent.AbstractEventExecutor.safeExecute(AbstractEventExecutor.java)
	at io.netty.util.concurrent.SingleThreadEventExecutor.runAllTasks(SingleThreadEventExecutor.java:535)
	at io.netty.channel.SingleThreadIoEventLoop.run(SingleThreadIoEventLoop.java:201)
	at io.netty.util.concurrent.SingleThreadEventExecutor$5.run(SingleThreadEventExecutor.java:1195)
	at io.netty.util.internal.ThreadExecutorMap$2.run(ThreadExecutorMap.java:74)
	at io.netty.util.concurrent.FastThreadLocalRunnable.run(FastThreadLocalRunnable.java:30)
	at java.base/java.lang.Thread.run(Thread.java:1583)
Caused by: io.netty.resolver.dns.DnsNameResolverTimeoutException: [11042: /10.246.32.204:53] DefaultDnsQuestion(measured-cowbird-128774.upstash.io. IN A) query '11042' via UDP timed out after 5000 milliseconds (no stack trace available)
2026-08-05 13:58:41 INFO  i.l.core.protocol.ConnectionWatchdog - Reconnecting, last destination was measured-cowbird-128774.upstash.io/<unresolved>:6379
2026-08-05 13:58:46 WARN  i.l.core.protocol.ConnectionWatchdog - Cannot reconnect to [measured-cowbird-128774.upstash.io/<unresolved>:6379]: Failed to resolve 'measured-cowbird-128774.upstash.io' [A(1)]
java.net.UnknownHostException: Failed to resolve 'measured-cowbird-128774.upstash.io' [A(1)]
	at io.netty.resolver.dns.DnsResolveContext.finishResolve(DnsResolveContext.java:1137)
	at io.netty.resolver.dns.DnsResolveContext.tryToFinishResolve(DnsResolveContext.java:1084)
	at io.netty.resolver.dns.DnsResolveContext.query(DnsResolveContext.java:443)
	at io.netty.resolver.dns.DnsResolveContext.access$700(DnsResolveContext.java:69)
	at io.netty.resolver.dns.DnsResolveContext$2.operationComplete(DnsResolveContext.java:512)
	at io.netty.util.concurrent.DefaultPromise.notifyListener0(DefaultPromise.java:604)
	at io.netty.util.concurrent.DefaultPromise.notifyListeners0(DefaultPromise.java:597)
	at io.netty.util.concurrent.DefaultPromise.notifyListenersNow(DefaultPromise.java:573)
	at io.netty.util.concurrent.DefaultPromise.notifyListeners(DefaultPromise.java:506)
	at io.netty.util.concurrent.DefaultPromise.setValue0(DefaultPromise.java:650)
	at io.netty.util.concurrent.DefaultPromise.setFailure0(DefaultPromise.java:643)
	at io.netty.util.concurrent.DefaultPromise.tryFailure(DefaultPromise.java:132)
	at io.netty.resolver.dns.DnsQueryContext.finishFailure(DnsQueryContext.java:346)
	at io.netty.resolver.dns.DnsQueryContext$4.run(DnsQueryContext.java:281)
	at io.netty.util.concurrent.PromiseTask.runTask(PromiseTask.java:98)
	at io.netty.util.concurrent.ScheduledFutureTask.run(ScheduledFutureTask.java:160)
	at io.netty.util.concurrent.AbstractEventExecutor.runTask(AbstractEventExecutor.java:148)
	at io.netty.util.concurrent.AbstractEventExecutor.safeExecute$$$capture(AbstractEventExecutor.java:141)
	at io.netty.util.concurrent.AbstractEventExecutor.safeExecute(AbstractEventExecutor.java)
	at io.netty.util.concurrent.SingleThreadEventExecutor.runAllTasks(SingleThreadEventExecutor.java:535)
	at io.netty.channel.SingleThreadIoEventLoop.run(SingleThreadIoEventLoop.java:201)
	at io.netty.util.concurrent.SingleThreadEventExecutor$5.run(SingleThreadEventExecutor.java:1195)
	at io.netty.util.internal.ThreadExecutorMap$2.run(ThreadExecutorMap.java:74)
	at io.netty.util.concurrent.FastThreadLocalRunnable.run(FastThreadLocalRunnable.java:30)
	at java.base/java.lang.Thread.run(Thread.java:1583)
Caused by: io.netty.resolver.dns.DnsNameResolverTimeoutException: [3690: /10.246.32.204:53] DefaultDnsQuestion(measured-cowbird-128774.upstash.io. IN A) query '3690' via UDP timed out after 5000 milliseconds (no stack trace available)
2026-08-05 13:59:16 INFO  i.l.core.protocol.ConnectionWatchdog - Reconnecting, last destination was measured-cowbird-128774.upstash.io/<unresolved>:6379
2026-08-05 13:59:21 WARN  i.l.core.protocol.ConnectionWatchdog - Cannot reconnect to [measured-cowbird-128774.upstash.io/<unresolved>:6379]: Failed to resolve 'measured-cowbird-128774.upstash.io' [A(1)]
java.net.UnknownHostException: Failed to resolve 'measured-cowbird-128774.upstash.io' [A(1)]
	at io.netty.resolver.dns.DnsResolveContext.finishResolve(DnsResolveContext.java:1137)
	at io.netty.resolver.dns.DnsResolveContext.tryToFinishResolve(DnsResolveContext.java:1084)
	at io.netty.resolver.dns.DnsResolveContext.query(DnsResolveContext.java:443)
	at io.netty.resolver.dns.DnsResolveContext.access$700(DnsResolveContext.java:69)
	at io.netty.resolver.dns.DnsResolveContext$2.operationComplete(DnsResolveContext.java:512)
	at io.netty.util.concurrent.DefaultPromise.notifyListener0(DefaultPromise.java:604)
	at io.netty.util.concurrent.DefaultPromise.notifyListeners0(DefaultPromise.java:597)
	at io.netty.util.concurrent.DefaultPromise.notifyListenersNow(DefaultPromise.java:573)
	at io.netty.util.concurrent.DefaultPromise.notifyListeners(DefaultPromise.java:506)
	at io.netty.util.concurrent.DefaultPromise.setValue0(DefaultPromise.java:650)
	at io.netty.util.concurrent.DefaultPromise.setFailure0(DefaultPromise.java:643)
	at io.netty.util.concurrent.DefaultPromise.tryFailure(DefaultPromise.java:132)
	at io.netty.resolver.dns.DnsQueryContext.finishFailure(DnsQueryContext.java:346)
	at io.netty.resolver.dns.DnsQueryContext$4.run(DnsQueryContext.java:281)
	at io.netty.util.concurrent.PromiseTask.runTask(PromiseTask.java:98)
	at io.netty.util.concurrent.ScheduledFutureTask.run(ScheduledFutureTask.java:160)
	at io.netty.util.concurrent.AbstractEventExecutor.runTask(AbstractEventExecutor.java:148)
	at io.netty.util.concurrent.AbstractEventExecutor.safeExecute$$$capture(AbstractEventExecutor.java:141)
	at io.netty.util.concurrent.AbstractEventExecutor.safeExecute(AbstractEventExecutor.java)
	at io.netty.util.concurrent.SingleThreadEventExecutor.runAllTasks(SingleThreadEventExecutor.java:535)
	at io.netty.channel.SingleThreadIoEventLoop.run(SingleThreadIoEventLoop.java:201)
	at io.netty.util.concurrent.SingleThreadEventExecutor$5.run(SingleThreadEventExecutor.java:1195)
	at io.netty.util.internal.ThreadExecutorMap$2.run(ThreadExecutorMap.java:74)
	at io.netty.util.concurrent.FastThreadLocalRunnable.run(FastThreadLocalRunnable.java:30)
	at java.base/java.lang.Thread.run(Thread.java:1583)
Caused by: io.netty.resolver.dns.DnsNameResolverTimeoutException: [1376: /10.246.32.204:53] DefaultDnsQuestion(measured-cowbird-128774.upstash.io. IN A) query '1376' via UDP timed out after 5000 milliseconds (no stack trace available)
2026-08-05 13:59:51 INFO  i.l.core.protocol.ConnectionWatchdog - Reconnecting, last destination was measured-cowbird-128774.upstash.io/<unresolved>:6379
2026-08-05 13:59:56 WARN  i.l.core.protocol.ConnectionWatchdog - Cannot reconnect to [measured-cowbird-128774.upstash.io/<unresolved>:6379]: Failed to resolve 'measured-cowbird-128774.upstash.io' [A(1)]
java.net.UnknownHostException: Failed to resolve 'measured-cowbird-128774.upstash.io' [A(1)]
	at io.netty.resolver.dns.DnsResolveContext.finishResolve(DnsResolveContext.java:1137)
	at io.netty.resolver.dns.DnsResolveContext.tryToFinishResolve(DnsResolveContext.java:1084)
	at io.netty.resolver.dns.DnsResolveContext.query(DnsResolveContext.java:443)
	at io.netty.resolver.dns.DnsResolveContext.access$700(DnsResolveContext.java:69)
	at io.netty.resolver.dns.DnsResolveContext$2.operationComplete(DnsResolveContext.java:512)
	at io.netty.util.concurrent.DefaultPromise.notifyListener0(DefaultPromise.java:604)
	at io.netty.util.concurrent.DefaultPromise.notifyListeners0(DefaultPromise.java:597)
	at io.netty.util.concurrent.DefaultPromise.notifyListenersNow(DefaultPromise.java:573)
	at io.netty.util.concurrent.DefaultPromise.notifyListeners(DefaultPromise.java:506)
	at io.netty.util.concurrent.DefaultPromise.setValue0(DefaultPromise.java:650)
	at io.netty.util.concurrent.DefaultPromise.setFailure0(DefaultPromise.java:643)
	at io.netty.util.concurrent.DefaultPromise.tryFailure(DefaultPromise.java:132)
	at io.netty.resolver.dns.DnsQueryContext.finishFailure(DnsQueryContext.java:346)
	at io.netty.resolver.dns.DnsQueryContext$4.run(DnsQueryContext.java:281)
	at io.netty.util.concurrent.PromiseTask.runTask(PromiseTask.java:98)
	at io.netty.util.concurrent.ScheduledFutureTask.run(ScheduledFutureTask.java:160)
	at io.netty.util.concurrent.AbstractEventExecutor.runTask(AbstractEventExecutor.java:148)
	at io.netty.util.concurrent.AbstractEventExecutor.safeExecute$$$capture(AbstractEventExecutor.java:141)
	at io.netty.util.concurrent.AbstractEventExecutor.safeExecute(AbstractEventExecutor.java)
	at io.netty.util.concurrent.SingleThreadEventExecutor.runAllTasks(SingleThreadEventExecutor.java:535)
	at io.netty.channel.SingleThreadIoEventLoop.run(SingleThreadIoEventLoop.java:201)
	at io.netty.util.concurrent.SingleThreadEventExecutor$5.run(SingleThreadEventExecutor.java:1195)
	at io.netty.util.internal.ThreadExecutorMap$2.run(ThreadExecutorMap.java:74)
	at io.netty.util.concurrent.FastThreadLocalRunnable.run(FastThreadLocalRunnable.java:30)
	at java.base/java.lang.Thread.run(Thread.java:1583)
Caused by: io.netty.resolver.dns.DnsNameResolverTimeoutException: [3092: /10.246.32.204:53] DefaultDnsQuestion(measured-cowbird-128774.upstash.io. IN A) query '3092' via UDP timed out after 5000 milliseconds (no stack trace available)
2026-08-05 14:00:26 INFO  i.l.core.protocol.ConnectionWatchdog - Reconnecting, last destination was measured-cowbird-128774.upstash.io/<unresolved>:6379
2026-08-05 14:00:31 WARN  i.l.core.protocol.ConnectionWatchdog - Cannot reconnect to [measured-cowbird-128774.upstash.io/<unresolved>:6379]: Failed to resolve 'measured-cowbird-128774.upstash.io' [A(1)]
java.net.UnknownHostException: Failed to resolve 'measured-cowbird-128774.upstash.io' [A(1)]
	at io.netty.resolver.dns.DnsResolveContext.finishResolve(DnsResolveContext.java:1137)
	at io.netty.resolver.dns.DnsResolveContext.tryToFinishResolve(DnsResolveContext.java:1084)
	at io.netty.resolver.dns.DnsResolveContext.query(DnsResolveContext.java:443)
	at io.netty.resolver.dns.DnsResolveContext.access$700(DnsResolveContext.java:69)
	at io.netty.resolver.dns.DnsResolveContext$2.operationComplete(DnsResolveContext.java:512)
	at io.netty.util.concurrent.DefaultPromise.notifyListener0(DefaultPromise.java:604)
	at io.netty.util.concurrent.DefaultPromise.notifyListeners0(DefaultPromise.java:597)
	at io.netty.util.concurrent.DefaultPromise.notifyListenersNow(DefaultPromise.java:573)
	at io.netty.util.concurrent.DefaultPromise.notifyListeners(DefaultPromise.java:506)
	at io.netty.util.concurrent.DefaultPromise.setValue0(DefaultPromise.java:650)
	at io.netty.util.concurrent.DefaultPromise.setFailure0(DefaultPromise.java:643)
	at io.netty.util.concurrent.DefaultPromise.tryFailure(DefaultPromise.java:132)
	at io.netty.resolver.dns.DnsQueryContext.finishFailure(DnsQueryContext.java:346)
	at io.netty.resolver.dns.DnsQueryContext$4.run(DnsQueryContext.java:281)
	at io.netty.util.concurrent.PromiseTask.runTask(PromiseTask.java:98)
	at io.netty.util.concurrent.ScheduledFutureTask.run(ScheduledFutureTask.java:160)
	at io.netty.util.concurrent.AbstractEventExecutor.runTask(AbstractEventExecutor.java:148)
	at io.netty.util.concurrent.AbstractEventExecutor.safeExecute$$$capture(AbstractEventExecutor.java:141)
	at io.netty.util.concurrent.AbstractEventExecutor.safeExecute(AbstractEventExecutor.java)
	at io.netty.util.concurrent.SingleThreadEventExecutor.runAllTasks(SingleThreadEventExecutor.java:535)
	at io.netty.channel.SingleThreadIoEventLoop.run(SingleThreadIoEventLoop.java:201)
	at io.netty.util.concurrent.SingleThreadEventExecutor$5.run(SingleThreadEventExecutor.java:1195)
	at io.netty.util.internal.ThreadExecutorMap$2.run(ThreadExecutorMap.java:74)
	at io.netty.util.concurrent.FastThreadLocalRunnable.run(FastThreadLocalRunnable.java:30)
	at java.base/java.lang.Thread.run(Thread.java:1583)
Caused by: io.netty.resolver.dns.DnsNameResolverTimeoutException: [12227: /10.246.32.204:53] DefaultDnsQuestion(measured-cowbird-128774.upstash.io. IN A) query '12227' via UDP timed out after 5000 milliseconds (no stack trace available)
2026-08-05 14:01:01 INFO  i.l.core.protocol.ConnectionWatchdog - Reconnecting, last destination was measured-cowbird-128774.upstash.io/<unresolved>:6379
2026-08-05 14:01:06 WARN  i.l.core.protocol.ConnectionWatchdog - Cannot reconnect to [measured-cowbird-128774.upstash.io/<unresolved>:6379]: Failed to resolve 'measured-cowbird-128774.upstash.io' [A(1)]
java.net.UnknownHostException: Failed to resolve 'measured-cowbird-128774.upstash.io' [A(1)]
	at io.netty.resolver.dns.DnsResolveContext.finishResolve(DnsResolveContext.java:1137)
	at io.netty.resolver.dns.DnsResolveContext.tryToFinishResolve(DnsResolveContext.java:1084)
	at io.netty.resolver.dns.DnsResolveContext.query(DnsResolveContext.java:443)
	at io.netty.resolver.dns.DnsResolveContext.access$700(DnsResolveContext.java:69)
	at io.netty.resolver.dns.DnsResolveContext$2.operationComplete(DnsResolveContext.java:512)
	at io.netty.util.concurrent.DefaultPromise.notifyListener0(DefaultPromise.java:604)
	at io.netty.util.concurrent.DefaultPromise.notifyListeners0(DefaultPromise.java:597)
	at io.netty.util.concurrent.DefaultPromise.notifyListenersNow(DefaultPromise.java:573)
	at io.netty.util.concurrent.DefaultPromise.notifyListeners(DefaultPromise.java:506)
	at io.netty.util.concurrent.DefaultPromise.setValue0(DefaultPromise.java:650)
	at io.netty.util.concurrent.DefaultPromise.setFailure0(DefaultPromise.java:643)
	at io.netty.util.concurrent.DefaultPromise.tryFailure(DefaultPromise.java:132)
	at io.netty.resolver.dns.DnsQueryContext.finishFailure(DnsQueryContext.java:346)
	at io.netty.resolver.dns.DnsQueryContext$4.run(DnsQueryContext.java:281)
	at io.netty.util.concurrent.PromiseTask.runTask(PromiseTask.java:98)
	at io.netty.util.concurrent.ScheduledFutureTask.run(ScheduledFutureTask.java:160)
	at io.netty.util.concurrent.AbstractEventExecutor.runTask(AbstractEventExecutor.java:148)
	at io.netty.util.concurrent.AbstractEventExecutor.safeExecute$$$capture(AbstractEventExecutor.java:141)
	at io.netty.util.concurrent.AbstractEventExecutor.safeExecute(AbstractEventExecutor.java)
	at io.netty.util.concurrent.SingleThreadEventExecutor.runAllTasks(SingleThreadEventExecutor.java:535)
	at io.netty.channel.SingleThreadIoEventLoop.run(SingleThreadIoEventLoop.java:201)
	at io.netty.util.concurrent.SingleThreadEventExecutor$5.run(SingleThreadEventExecutor.java:1195)
	at io.netty.util.internal.ThreadExecutorMap$2.run(ThreadExecutorMap.java:74)
	at io.netty.util.concurrent.FastThreadLocalRunnable.run(FastThreadLocalRunnable.java:30)
	at java.base/java.lang.Thread.run(Thread.java:1583)
Caused by: io.netty.resolver.dns.DnsNameResolverTimeoutException: [1980: /10.246.32.204:53] DefaultDnsQuestion(measured-cowbird-128774.upstash.io. IN A) query '1980' via UDP timed out after 5000 milliseconds (no stack trace available)
2026-08-05 14:01:36 INFO  i.l.core.protocol.ConnectionWatchdog - Reconnecting, last destination was measured-cowbird-128774.upstash.io/<unresolved>:6379
2026-08-05 14:01:41 WARN  i.l.core.protocol.ConnectionWatchdog - Cannot reconnect to [measured-cowbird-128774.upstash.io/<unresolved>:6379]: Failed to resolve 'measured-cowbird-128774.upstash.io' [A(1)]
java.net.UnknownHostException: Failed to resolve 'measured-cowbird-128774.upstash.io' [A(1)]
	at io.netty.resolver.dns.DnsResolveContext.finishResolve(DnsResolveContext.java:1137)
	at io.netty.resolver.dns.DnsResolveContext.tryToFinishResolve(DnsResolveContext.java:1084)
	at io.netty.resolver.dns.DnsResolveContext.query(DnsResolveContext.java:443)
	at io.netty.resolver.dns.DnsResolveContext.access$700(DnsResolveContext.java:69)
	at io.netty.resolver.dns.DnsResolveContext$2.operationComplete(DnsResolveContext.java:512)
	at io.netty.util.concurrent.DefaultPromise.notifyListener0(DefaultPromise.java:604)
	at io.netty.util.concurrent.DefaultPromise.notifyListeners0(DefaultPromise.java:597)
	at io.netty.util.concurrent.DefaultPromise.notifyListenersNow(DefaultPromise.java:573)
	at io.netty.util.concurrent.DefaultPromise.notifyListeners(DefaultPromise.java:506)
	at io.netty.util.concurrent.DefaultPromise.setValue0(DefaultPromise.java:650)
	at io.netty.util.concurrent.DefaultPromise.setFailure0(DefaultPromise.java:643)
	at io.netty.util.concurrent.DefaultPromise.tryFailure(DefaultPromise.java:132)
	at io.netty.resolver.dns.DnsQueryContext.finishFailure(DnsQueryContext.java:346)
	at io.netty.resolver.dns.DnsQueryContext$4.run(DnsQueryContext.java:281)
	at io.netty.util.concurrent.PromiseTask.runTask(PromiseTask.java:98)
	at io.netty.util.concurrent.ScheduledFutureTask.run(ScheduledFutureTask.java:160)
	at io.netty.util.concurrent.AbstractEventExecutor.runTask(AbstractEventExecutor.java:148)
	at io.netty.util.concurrent.AbstractEventExecutor.safeExecute$$$capture(AbstractEventExecutor.java:141)
	at io.netty.util.concurrent.AbstractEventExecutor.safeExecute(AbstractEventExecutor.java)
	at io.netty.util.concurrent.SingleThreadEventExecutor.runAllTasks(SingleThreadEventExecutor.java:535)
	at io.netty.channel.SingleThreadIoEventLoop.run(SingleThreadIoEventLoop.java:201)
	at io.netty.util.concurrent.SingleThreadEventExecutor$5.run(SingleThreadEventExecutor.java:1195)
	at io.netty.util.internal.ThreadExecutorMap$2.run(ThreadExecutorMap.java:74)
	at io.netty.util.concurrent.FastThreadLocalRunnable.run(FastThreadLocalRunnable.java:30)
	at java.base/java.lang.Thread.run(Thread.java:1583)
Caused by: io.netty.resolver.dns.DnsNameResolverTimeoutException: [14035: /10.246.32.204:53] DefaultDnsQuestion(measured-cowbird-128774.upstash.io. IN A) query '14035' via UDP timed out after 5000 milliseconds (no stack trace available)
2026-08-05 14:02:11 INFO  i.l.core.protocol.ConnectionWatchdog - Reconnecting, last destination was measured-cowbird-128774.upstash.io/<unresolved>:6379
2026-08-05 14:02:16 WARN  i.l.core.protocol.ConnectionWatchdog - Cannot reconnect to [measured-cowbird-128774.upstash.io/<unresolved>:6379]: Failed to resolve 'measured-cowbird-128774.upstash.io' [A(1)]
java.net.UnknownHostException: Failed to resolve 'measured-cowbird-128774.upstash.io' [A(1)]
	at io.netty.resolver.dns.DnsResolveContext.finishResolve(DnsResolveContext.java:1137)
	at io.netty.resolver.dns.DnsResolveContext.tryToFinishResolve(DnsResolveContext.java:1084)
	at io.netty.resolver.dns.DnsResolveContext.query(DnsResolveContext.java:443)
	at io.netty.resolver.dns.DnsResolveContext.access$700(DnsResolveContext.java:69)
	at io.netty.resolver.dns.DnsResolveContext$2.operationComplete(DnsResolveContext.java:512)
	at io.netty.util.concurrent.DefaultPromise.notifyListener0(DefaultPromise.java:604)
	at io.netty.util.concurrent.DefaultPromise.notifyListeners0(DefaultPromise.java:597)
	at io.netty.util.concurrent.DefaultPromise.notifyListenersNow(DefaultPromise.java:573)
	at io.netty.util.concurrent.DefaultPromise.notifyListeners(DefaultPromise.java:506)
	at io.netty.util.concurrent.DefaultPromise.setValue0(DefaultPromise.java:650)
	at io.netty.util.concurrent.DefaultPromise.setFailure0(DefaultPromise.java:643)
	at io.netty.util.concurrent.DefaultPromise.tryFailure(DefaultPromise.java:132)
	at io.netty.resolver.dns.DnsQueryContext.finishFailure(DnsQueryContext.java:346)
	at io.netty.resolver.dns.DnsQueryContext$4.run(DnsQueryContext.java:281)
	at io.netty.util.concurrent.PromiseTask.runTask(PromiseTask.java:98)
	at io.netty.util.concurrent.ScheduledFutureTask.run(ScheduledFutureTask.java:160)
	at io.netty.util.concurrent.AbstractEventExecutor.runTask(AbstractEventExecutor.java:148)
	at io.netty.util.concurrent.AbstractEventExecutor.safeExecute$$$capture(AbstractEventExecutor.java:141)
	at io.netty.util.concurrent.AbstractEventExecutor.safeExecute(AbstractEventExecutor.java)
	at io.netty.util.concurrent.SingleThreadEventExecutor.runAllTasks(SingleThreadEventExecutor.java:535)
	at io.netty.channel.SingleThreadIoEventLoop.run(SingleThreadIoEventLoop.java:201)
	at io.netty.util.concurrent.SingleThreadEventExecutor$5.run(SingleThreadEventExecutor.java:1195)
	at io.netty.util.internal.ThreadExecutorMap$2.run(ThreadExecutorMap.java:74)
	at io.netty.util.concurrent.FastThreadLocalRunnable.run(FastThreadLocalRunnable.java:30)
	at java.base/java.lang.Thread.run(Thread.java:1583)
Caused by: io.netty.resolver.dns.DnsNameResolverTimeoutException: [7772: /10.246.32.204:53] DefaultDnsQuestion(measured-cowbird-128774.upstash.io. IN A) query '7772' via UDP timed out after 5000 milliseconds (no stack trace available)
2026-08-05 14:02:46 INFO  i.l.core.protocol.ConnectionWatchdog - Reconnecting, last destination was measured-cowbird-128774.upstash.io/<unresolved>:6379
2026-08-05 14:02:51 WARN  i.l.core.protocol.ConnectionWatchdog - Cannot reconnect to [measured-cowbird-128774.upstash.io/<unresolved>:6379]: Failed to resolve 'measured-cowbird-128774.upstash.io' [A(1)]
java.net.UnknownHostException: Failed to resolve 'measured-cowbird-128774.upstash.io' [A(1)]
	at io.netty.resolver.dns.DnsResolveContext.finishResolve(DnsResolveContext.java:1137)
	at io.netty.resolver.dns.DnsResolveContext.tryToFinishResolve(DnsResolveContext.java:1084)
	at io.netty.resolver.dns.DnsResolveContext.query(DnsResolveContext.java:443)
	at io.netty.resolver.dns.DnsResolveContext.access$700(DnsResolveContext.java:69)
	at io.netty.resolver.dns.DnsResolveContext$2.operationComplete(DnsResolveContext.java:512)
	at io.netty.util.concurrent.DefaultPromise.notifyListener0(DefaultPromise.java:604)
	at io.netty.util.concurrent.DefaultPromise.notifyListeners0(DefaultPromise.java:597)
	at io.netty.util.concurrent.DefaultPromise.notifyListenersNow(DefaultPromise.java:573)
	at io.netty.util.concurrent.DefaultPromise.notifyListeners(DefaultPromise.java:506)
	at io.netty.util.concurrent.DefaultPromise.setValue0(DefaultPromise.java:650)
	at io.netty.util.concurrent.DefaultPromise.setFailure0(DefaultPromise.java:643)
	at io.netty.util.concurrent.DefaultPromise.tryFailure(DefaultPromise.java:132)
	at io.netty.resolver.dns.DnsQueryContext.finishFailure(DnsQueryContext.java:346)
	at io.netty.resolver.dns.DnsQueryContext$4.run(DnsQueryContext.java:281)
	at io.netty.util.concurrent.PromiseTask.runTask(PromiseTask.java:98)
	at io.netty.util.concurrent.ScheduledFutureTask.run(ScheduledFutureTask.java:160)
	at io.netty.util.concurrent.AbstractEventExecutor.runTask(AbstractEventExecutor.java:148)
	at io.netty.util.concurrent.AbstractEventExecutor.safeExecute$$$capture(AbstractEventExecutor.java:141)
	at io.netty.util.concurrent.AbstractEventExecutor.safeExecute(AbstractEventExecutor.java)
	at io.netty.util.concurrent.SingleThreadEventExecutor.runAllTasks(SingleThreadEventExecutor.java:535)
	at io.netty.channel.SingleThreadIoEventLoop.run(SingleThreadIoEventLoop.java:201)
	at io.netty.util.concurrent.SingleThreadEventExecutor$5.run(SingleThreadEventExecutor.java:1195)
	at io.netty.util.internal.ThreadExecutorMap$2.run(ThreadExecutorMap.java:74)
	at io.netty.util.concurrent.FastThreadLocalRunnable.run(FastThreadLocalRunnable.java:30)
	at java.base/java.lang.Thread.run(Thread.java:1583)
Caused by: io.netty.resolver.dns.DnsNameResolverTimeoutException: [9415: /10.246.32.204:53] DefaultDnsQuestion(measured-cowbird-128774.upstash.io. IN A) query '9415' via UDP timed out after 5000 milliseconds (no stack trace available)
2026-08-05 14:03:21 INFO  i.l.core.protocol.ConnectionWatchdog - Reconnecting, last destination was measured-cowbird-128774.upstash.io/<unresolved>:6379
2026-08-05 14:03:26 WARN  i.l.core.protocol.ConnectionWatchdog - Cannot reconnect to [measured-cowbird-128774.upstash.io/<unresolved>:6379]: Failed to resolve 'measured-cowbird-128774.upstash.io' [A(1)]
java.net.UnknownHostException: Failed to resolve 'measured-cowbird-128774.upstash.io' [A(1)]
	at io.netty.resolver.dns.DnsResolveContext.finishResolve(DnsResolveContext.java:1137)
	at io.netty.resolver.dns.DnsResolveContext.tryToFinishResolve(DnsResolveContext.java:1084)
	at io.netty.resolver.dns.DnsResolveContext.query(DnsResolveContext.java:443)
	at io.netty.resolver.dns.DnsResolveContext.access$700(DnsResolveContext.java:69)
	at io.netty.resolver.dns.DnsResolveContext$2.operationComplete(DnsResolveContext.java:512)
	at io.netty.util.concurrent.DefaultPromise.notifyListener0(DefaultPromise.java:604)
	at io.netty.util.concurrent.DefaultPromise.notifyListeners0(DefaultPromise.java:597)
	at io.netty.util.concurrent.DefaultPromise.notifyListenersNow(DefaultPromise.java:573)
	at io.netty.util.concurrent.DefaultPromise.notifyListeners(DefaultPromise.java:506)
	at io.netty.util.concurrent.DefaultPromise.setValue0(DefaultPromise.java:650)
	at io.netty.util.concurrent.DefaultPromise.setFailure0(DefaultPromise.java:643)
	at io.netty.util.concurrent.DefaultPromise.tryFailure(DefaultPromise.java:132)
	at io.netty.resolver.dns.DnsQueryContext.finishFailure(DnsQueryContext.java:346)
	at io.netty.resolver.dns.DnsQueryContext$4.run(DnsQueryContext.java:281)
	at io.netty.util.concurrent.PromiseTask.runTask(PromiseTask.java:98)
	at io.netty.util.concurrent.ScheduledFutureTask.run(ScheduledFutureTask.java:160)
	at io.netty.util.concurrent.AbstractEventExecutor.runTask(AbstractEventExecutor.java:148)
	at io.netty.util.concurrent.AbstractEventExecutor.safeExecute$$$capture(AbstractEventExecutor.java:141)
	at io.netty.util.concurrent.AbstractEventExecutor.safeExecute(AbstractEventExecutor.java)
	at io.netty.util.concurrent.SingleThreadEventExecutor.runAllTasks(SingleThreadEventExecutor.java:535)
	at io.netty.channel.SingleThreadIoEventLoop.run(SingleThreadIoEventLoop.java:201)
	at io.netty.util.concurrent.SingleThreadEventExecutor$5.run(SingleThreadEventExecutor.java:1195)
	at io.netty.util.internal.ThreadExecutorMap$2.run(ThreadExecutorMap.java:74)
	at io.netty.util.concurrent.FastThreadLocalRunnable.run(FastThreadLocalRunnable.java:30)
	at java.base/java.lang.Thread.run(Thread.java:1583)
Caused by: io.netty.resolver.dns.DnsNameResolverTimeoutException: [14758: /10.246.32.204:53] DefaultDnsQuestion(measured-cowbird-128774.upstash.io. IN A) query '14758' via UDP timed out after 5000 milliseconds (no stack trace available)
2026-08-05 14:03:57 INFO  i.l.core.protocol.ConnectionWatchdog - Reconnecting, last destination was measured-cowbird-128774.upstash.io/<unresolved>:6379
2026-08-05 14:04:02 WARN  i.l.core.protocol.ConnectionWatchdog - Cannot reconnect to [measured-cowbird-128774.upstash.io/<unresolved>:6379]: Failed to resolve 'measured-cowbird-128774.upstash.io' [A(1)]
java.net.UnknownHostException: Failed to resolve 'measured-cowbird-128774.upstash.io' [A(1)]
	at io.netty.resolver.dns.DnsResolveContext.finishResolve(DnsResolveContext.java:1137)
	at io.netty.resolver.dns.DnsResolveContext.tryToFinishResolve(DnsResolveContext.java:1084)
	at io.netty.resolver.dns.DnsResolveContext.query(DnsResolveContext.java:443)
	at io.netty.resolver.dns.DnsResolveContext.access$700(DnsResolveContext.java:69)
	at io.netty.resolver.dns.DnsResolveContext$2.operationComplete(DnsResolveContext.java:512)
	at io.netty.util.concurrent.DefaultPromise.notifyListener0(DefaultPromise.java:604)
	at io.netty.util.concurrent.DefaultPromise.notifyListeners0(DefaultPromise.java:597)
	at io.netty.util.concurrent.DefaultPromise.notifyListenersNow(DefaultPromise.java:573)
	at io.netty.util.concurrent.DefaultPromise.notifyListeners(DefaultPromise.java:506)
	at io.netty.util.concurrent.DefaultPromise.setValue0(DefaultPromise.java:650)
	at io.netty.util.concurrent.DefaultPromise.setFailure0(DefaultPromise.java:643)
	at io.netty.util.concurrent.DefaultPromise.tryFailure(DefaultPromise.java:132)
	at io.netty.resolver.dns.DnsQueryContext.finishFailure(DnsQueryContext.java:346)
	at io.netty.resolver.dns.DnsQueryContext$4.run(DnsQueryContext.java:281)
	at io.netty.util.concurrent.PromiseTask.runTask(PromiseTask.java:98)
	at io.netty.util.concurrent.ScheduledFutureTask.run(ScheduledFutureTask.java:160)
	at io.netty.util.concurrent.AbstractEventExecutor.runTask(AbstractEventExecutor.java:148)
	at io.netty.util.concurrent.AbstractEventExecutor.safeExecute$$$capture(AbstractEventExecutor.java:141)
	at io.netty.util.concurrent.AbstractEventExecutor.safeExecute(AbstractEventExecutor.java)
	at io.netty.util.concurrent.SingleThreadEventExecutor.runAllTasks(SingleThreadEventExecutor.java:535)
	at io.netty.channel.SingleThreadIoEventLoop.run(SingleThreadIoEventLoop.java:201)
	at io.netty.util.concurrent.SingleThreadEventExecutor$5.run(SingleThreadEventExecutor.java:1195)
	at io.netty.util.internal.ThreadExecutorMap$2.run(ThreadExecutorMap.java:74)
	at io.netty.util.concurrent.FastThreadLocalRunnable.run(FastThreadLocalRunnable.java:30)
	at java.base/java.lang.Thread.run(Thread.java:1583)
Caused by: io.netty.resolver.dns.DnsNameResolverTimeoutException: [4946: /10.246.32.204:53] DefaultDnsQuestion(measured-cowbird-128774.upstash.io. IN A) query '4946' via UDP timed out after 5000 milliseconds (no stack trace available)
2026-08-05 14:04:32 INFO  i.l.core.protocol.ConnectionWatchdog - Reconnecting, last destination was measured-cowbird-128774.upstash.io/<unresolved>:6379
2026-08-05 14:04:37 WARN  i.l.core.protocol.ConnectionWatchdog - Cannot reconnect to [measured-cowbird-128774.upstash.io/<unresolved>:6379]: Failed to resolve 'measured-cowbird-128774.upstash.io' [A(1)]
java.net.UnknownHostException: Failed to resolve 'measured-cowbird-128774.upstash.io' [A(1)]
	at io.netty.resolver.dns.DnsResolveContext.finishResolve(DnsResolveContext.java:1137)
	at io.netty.resolver.dns.DnsResolveContext.tryToFinishResolve(DnsResolveContext.java:1084)
	at io.netty.resolver.dns.DnsResolveContext.query(DnsResolveContext.java:443)
	at io.netty.resolver.dns.DnsResolveContext.access$700(DnsResolveContext.java:69)
	at io.netty.resolver.dns.DnsResolveContext$2.operationComplete(DnsResolveContext.java:512)
	at io.netty.util.concurrent.DefaultPromise.notifyListener0(DefaultPromise.java:604)
	at io.netty.util.concurrent.DefaultPromise.notifyListeners0(DefaultPromise.java:597)
	at io.netty.util.concurrent.DefaultPromise.notifyListenersNow(DefaultPromise.java:573)
	at io.netty.util.concurrent.DefaultPromise.notifyListeners(DefaultPromise.java:506)
	at io.netty.util.concurrent.DefaultPromise.setValue0(DefaultPromise.java:650)
	at io.netty.util.concurrent.DefaultPromise.setFailure0(DefaultPromise.java:643)
	at io.netty.util.concurrent.DefaultPromise.tryFailure(DefaultPromise.java:132)
	at io.netty.resolver.dns.DnsQueryContext.finishFailure(DnsQueryContext.java:346)
	at io.netty.resolver.dns.DnsQueryContext$4.run(DnsQueryContext.java:281)
	at io.netty.util.concurrent.PromiseTask.runTask(PromiseTask.java:98)
	at io.netty.util.concurrent.ScheduledFutureTask.run(ScheduledFutureTask.java:160)
	at io.netty.util.concurrent.AbstractEventExecutor.runTask(AbstractEventExecutor.java:148)
	at io.netty.util.concurrent.AbstractEventExecutor.safeExecute$$$capture(AbstractEventExecutor.java:141)
	at io.netty.util.concurrent.AbstractEventExecutor.safeExecute(AbstractEventExecutor.java)
	at io.netty.util.concurrent.SingleThreadEventExecutor.runAllTasks(SingleThreadEventExecutor.java:535)
	at io.netty.channel.SingleThreadIoEventLoop.run(SingleThreadIoEventLoop.java:201)
	at io.netty.util.concurrent.SingleThreadEventExecutor$5.run(SingleThreadEventExecutor.java:1195)
	at io.netty.util.internal.ThreadExecutorMap$2.run(ThreadExecutorMap.java:74)
	at io.netty.util.concurrent.FastThreadLocalRunnable.run(FastThreadLocalRunnable.java:30)
	at java.base/java.lang.Thread.run(Thread.java:1583)
Caused by: io.netty.resolver.dns.DnsNameResolverTimeoutException: [16144: /10.246.32.204:53] DefaultDnsQuestion(measured-cowbird-128774.upstash.io. IN A) query '16144' via UDP timed out after 5000 milliseconds (no stack trace available)
2026-08-05 14:05:07 INFO  i.l.core.protocol.ConnectionWatchdog - Reconnecting, last destination was measured-cowbird-128774.upstash.io/<unresolved>:6379
2026-08-05 14:05:12 WARN  i.l.core.protocol.ConnectionWatchdog - Cannot reconnect to [measured-cowbird-128774.upstash.io/<unresolved>:6379]: Failed to resolve 'measured-cowbird-128774.upstash.io' [A(1)]
java.net.UnknownHostException: Failed to resolve 'measured-cowbird-128774.upstash.io' [A(1)]
	at io.netty.resolver.dns.DnsResolveContext.finishResolve(DnsResolveContext.java:1137)
	at io.netty.resolver.dns.DnsResolveContext.tryToFinishResolve(DnsResolveContext.java:1084)
	at io.netty.resolver.dns.DnsResolveContext.query(DnsResolveContext.java:443)
	at io.netty.resolver.dns.DnsResolveContext.access$700(DnsResolveContext.java:69)
	at io.netty.resolver.dns.DnsResolveContext$2.operationComplete(DnsResolveContext.java:512)
	at io.netty.util.concurrent.DefaultPromise.notifyListener0(DefaultPromise.java:604)
	at io.netty.util.concurrent.DefaultPromise.notifyListeners0(DefaultPromise.java:597)
	at io.netty.util.concurrent.DefaultPromise.notifyListenersNow(DefaultPromise.java:573)
	at io.netty.util.concurrent.DefaultPromise.notifyListeners(DefaultPromise.java:506)
	at io.netty.util.concurrent.DefaultPromise.setValue0(DefaultPromise.java:650)
	at io.netty.util.concurrent.DefaultPromise.setFailure0(DefaultPromise.java:643)
	at io.netty.util.concurrent.DefaultPromise.tryFailure(DefaultPromise.java:132)
	at io.netty.resolver.dns.DnsQueryContext.finishFailure(DnsQueryContext.java:346)
	at io.netty.resolver.dns.DnsQueryContext$4.run(DnsQueryContext.java:281)
	at io.netty.util.concurrent.PromiseTask.runTask(PromiseTask.java:98)
	at io.netty.util.concurrent.ScheduledFutureTask.run(ScheduledFutureTask.java:160)
	at io.netty.util.concurrent.AbstractEventExecutor.runTask(AbstractEventExecutor.java:148)
	at io.netty.util.concurrent.AbstractEventExecutor.safeExecute$$$capture(AbstractEventExecutor.java:141)
	at io.netty.util.concurrent.AbstractEventExecutor.safeExecute(AbstractEventExecutor.java)
	at io.netty.util.concurrent.SingleThreadEventExecutor.runAllTasks(SingleThreadEventExecutor.java:535)
	at io.netty.channel.SingleThreadIoEventLoop.run(SingleThreadIoEventLoop.java:201)
	at io.netty.util.concurrent.SingleThreadEventExecutor$5.run(SingleThreadEventExecutor.java:1195)
	at io.netty.util.internal.ThreadExecutorMap$2.run(ThreadExecutorMap.java:74)
	at io.netty.util.concurrent.FastThreadLocalRunnable.run(FastThreadLocalRunnable.java:30)
	at java.base/java.lang.Thread.run(Thread.java:1583)
Caused by: io.netty.resolver.dns.DnsNameResolverTimeoutException: [1296: /10.246.32.204:53] DefaultDnsQuestion(measured-cowbird-128774.upstash.io. IN A) query '1296' via UDP timed out after 5000 milliseconds (no stack trace available)
2026-08-05 14:05:42 INFO  i.l.core.protocol.ConnectionWatchdog - Reconnecting, last destination was measured-cowbird-128774.upstash.io/<unresolved>:6379
2026-08-05 14:05:47 WARN  i.l.core.protocol.ConnectionWatchdog - Cannot reconnect to [measured-cowbird-128774.upstash.io/<unresolved>:6379]: Failed to resolve 'measured-cowbird-128774.upstash.io' [A(1)]
java.net.UnknownHostException: Failed to resolve 'measured-cowbird-128774.upstash.io' [A(1)]
	at io.netty.resolver.dns.DnsResolveContext.finishResolve(DnsResolveContext.java:1137)
	at io.netty.resolver.dns.DnsResolveContext.tryToFinishResolve(DnsResolveContext.java:1084)
	at io.netty.resolver.dns.DnsResolveContext.query(DnsResolveContext.java:443)
	at io.netty.resolver.dns.DnsResolveContext.access$700(DnsResolveContext.java:69)
	at io.netty.resolver.dns.DnsResolveContext$2.operationComplete(DnsResolveContext.java:512)
	at io.netty.util.concurrent.DefaultPromise.notifyListener0(DefaultPromise.java:604)
	at io.netty.util.concurrent.DefaultPromise.notifyListeners0(DefaultPromise.java:597)
	at io.netty.util.concurrent.DefaultPromise.notifyListenersNow(DefaultPromise.java:573)
	at io.netty.util.concurrent.DefaultPromise.notifyListeners(DefaultPromise.java:506)
	at io.netty.util.concurrent.DefaultPromise.setValue0(DefaultPromise.java:650)
	at io.netty.util.concurrent.DefaultPromise.setFailure0(DefaultPromise.java:643)
	at io.netty.util.concurrent.DefaultPromise.tryFailure(DefaultPromise.java:132)
	at io.netty.resolver.dns.DnsQueryContext.finishFailure(DnsQueryContext.java:346)
	at io.netty.resolver.dns.DnsQueryContext$4.run(DnsQueryContext.java:281)
	at io.netty.util.concurrent.PromiseTask.runTask(PromiseTask.java:98)
	at io.netty.util.concurrent.ScheduledFutureTask.run(ScheduledFutureTask.java:160)
	at io.netty.util.concurrent.AbstractEventExecutor.runTask(AbstractEventExecutor.java:148)
	at io.netty.util.concurrent.AbstractEventExecutor.safeExecute$$$capture(AbstractEventExecutor.java:141)
	at io.netty.util.concurrent.AbstractEventExecutor.safeExecute(AbstractEventExecutor.java)
	at io.netty.util.concurrent.SingleThreadEventExecutor.runAllTasks(SingleThreadEventExecutor.java:535)
	at io.netty.channel.SingleThreadIoEventLoop.run(SingleThreadIoEventLoop.java:201)
	at io.netty.util.concurrent.SingleThreadEventExecutor$5.run(SingleThreadEventExecutor.java:1195)
	at io.netty.util.internal.ThreadExecutorMap$2.run(ThreadExecutorMap.java:74)
	at io.netty.util.concurrent.FastThreadLocalRunnable.run(FastThreadLocalRunnable.java:30)
	at java.base/java.lang.Thread.run(Thread.java:1583)
Caused by: io.netty.resolver.dns.DnsNameResolverTimeoutException: [6770: /10.246.32.204:53] DefaultDnsQuestion(measured-cowbird-128774.upstash.io. IN A) query '6770' via UDP timed out after 5000 milliseconds (no stack trace available)
2026-08-05 14:06:17 INFO  i.l.core.protocol.ConnectionWatchdog - Reconnecting, last destination was measured-cowbird-128774.upstash.io/<unresolved>:6379
2026-08-05 14:06:22 WARN  i.l.core.protocol.ConnectionWatchdog - Cannot reconnect to [measured-cowbird-128774.upstash.io/<unresolved>:6379]: Failed to resolve 'measured-cowbird-128774.upstash.io' [A(1)]
java.net.UnknownHostException: Failed to resolve 'measured-cowbird-128774.upstash.io' [A(1)]
	at io.netty.resolver.dns.DnsResolveContext.finishResolve(DnsResolveContext.java:1137)
	at io.netty.resolver.dns.DnsResolveContext.tryToFinishResolve(DnsResolveContext.java:1084)
	at io.netty.resolver.dns.DnsResolveContext.query(DnsResolveContext.java:443)
	at io.netty.resolver.dns.DnsResolveContext.access$700(DnsResolveContext.java:69)
	at io.netty.resolver.dns.DnsResolveContext$2.operationComplete(DnsResolveContext.java:512)
	at io.netty.util.concurrent.DefaultPromise.notifyListener0(DefaultPromise.java:604)
	at io.netty.util.concurrent.DefaultPromise.notifyListeners0(DefaultPromise.java:597)
	at io.netty.util.concurrent.DefaultPromise.notifyListenersNow(DefaultPromise.java:573)
	at io.netty.util.concurrent.DefaultPromise.notifyListeners(DefaultPromise.java:506)
	at io.netty.util.concurrent.DefaultPromise.setValue0(DefaultPromise.java:650)
	at io.netty.util.concurrent.DefaultPromise.setFailure0(DefaultPromise.java:643)
	at io.netty.util.concurrent.DefaultPromise.tryFailure(DefaultPromise.java:132)
	at io.netty.resolver.dns.DnsQueryContext.finishFailure(DnsQueryContext.java:346)
	at io.netty.resolver.dns.DnsQueryContext$4.run(DnsQueryContext.java:281)
	at io.netty.util.concurrent.PromiseTask.runTask(PromiseTask.java:98)
	at io.netty.util.concurrent.ScheduledFutureTask.run(ScheduledFutureTask.java:160)
	at io.netty.util.concurrent.AbstractEventExecutor.runTask(AbstractEventExecutor.java:148)
	at io.netty.util.concurrent.AbstractEventExecutor.safeExecute$$$capture(AbstractEventExecutor.java:141)
	at io.netty.util.concurrent.AbstractEventExecutor.safeExecute(AbstractEventExecutor.java)
	at io.netty.util.concurrent.SingleThreadEventExecutor.runAllTasks(SingleThreadEventExecutor.java:535)
	at io.netty.channel.SingleThreadIoEventLoop.run(SingleThreadIoEventLoop.java:201)
	at io.netty.util.concurrent.SingleThreadEventExecutor$5.run(SingleThreadEventExecutor.java:1195)
	at io.netty.util.internal.ThreadExecutorMap$2.run(ThreadExecutorMap.java:74)
	at io.netty.util.concurrent.FastThreadLocalRunnable.run(FastThreadLocalRunnable.java:30)
	at java.base/java.lang.Thread.run(Thread.java:1583)
Caused by: io.netty.resolver.dns.DnsNameResolverTimeoutException: [4761: /10.246.32.204:53] DefaultDnsQuestion(measured-cowbird-128774.upstash.io. IN A) query '4761' via UDP timed out after 5000 milliseconds (no stack trace available)
2026-08-05 14:06:52 INFO  i.l.core.protocol.ConnectionWatchdog - Reconnecting, last destination was measured-cowbird-128774.upstash.io/<unresolved>:6379
2026-08-05 14:06:57 WARN  i.l.core.protocol.ConnectionWatchdog - Cannot reconnect to [measured-cowbird-128774.upstash.io/<unresolved>:6379]: Failed to resolve 'measured-cowbird-128774.upstash.io' [A(1)]
java.net.UnknownHostException: Failed to resolve 'measured-cowbird-128774.upstash.io' [A(1)]
	at io.netty.resolver.dns.DnsResolveContext.finishResolve(DnsResolveContext.java:1137)
	at io.netty.resolver.dns.DnsResolveContext.tryToFinishResolve(DnsResolveContext.java:1084)
	at io.netty.resolver.dns.DnsResolveContext.query(DnsResolveContext.java:443)
	at io.netty.resolver.dns.DnsResolveContext.access$700(DnsResolveContext.java:69)
	at io.netty.resolver.dns.DnsResolveContext$2.operationComplete(DnsResolveContext.java:512)
	at io.netty.util.concurrent.DefaultPromise.notifyListener0(DefaultPromise.java:604)
	at io.netty.util.concurrent.DefaultPromise.notifyListeners0(DefaultPromise.java:597)
	at io.netty.util.concurrent.DefaultPromise.notifyListenersNow(DefaultPromise.java:573)
	at io.netty.util.concurrent.DefaultPromise.notifyListeners(DefaultPromise.java:506)
	at io.netty.util.concurrent.DefaultPromise.setValue0(DefaultPromise.java:650)
	at io.netty.util.concurrent.DefaultPromise.setFailure0(DefaultPromise.java:643)
	at io.netty.util.concurrent.DefaultPromise.tryFailure(DefaultPromise.java:132)
	at io.netty.resolver.dns.DnsQueryContext.finishFailure(DnsQueryContext.java:346)
	at io.netty.resolver.dns.DnsQueryContext$4.run(DnsQueryContext.java:281)
	at io.netty.util.concurrent.PromiseTask.runTask(PromiseTask.java:98)
	at io.netty.util.concurrent.ScheduledFutureTask.run(ScheduledFutureTask.java:160)
	at io.netty.util.concurrent.AbstractEventExecutor.runTask(AbstractEventExecutor.java:148)
	at io.netty.util.concurrent.AbstractEventExecutor.safeExecute$$$capture(AbstractEventExecutor.java:141)
	at io.netty.util.concurrent.AbstractEventExecutor.safeExecute(AbstractEventExecutor.java)
	at io.netty.util.concurrent.SingleThreadEventExecutor.runAllTasks(SingleThreadEventExecutor.java:535)
	at io.netty.channel.SingleThreadIoEventLoop.run(SingleThreadIoEventLoop.java:201)
	at io.netty.util.concurrent.SingleThreadEventExecutor$5.run(SingleThreadEventExecutor.java:1195)
	at io.netty.util.internal.ThreadExecutorMap$2.run(ThreadExecutorMap.java:74)
	at io.netty.util.concurrent.FastThreadLocalRunnable.run(FastThreadLocalRunnable.java:30)
	at java.base/java.lang.Thread.run(Thread.java:1583)
Caused by: io.netty.resolver.dns.DnsNameResolverTimeoutException: [7307: /10.246.32.204:53] DefaultDnsQuestion(measured-cowbird-128774.upstash.io. IN A) query '7307' via UDP timed out after 5000 milliseconds (no stack trace available)
2026-08-05 14:07:27 INFO  i.l.core.protocol.ConnectionWatchdog - Reconnecting, last destination was measured-cowbird-128774.upstash.io/<unresolved>:6379
2026-08-05 14:07:32 WARN  i.l.core.protocol.ConnectionWatchdog - Cannot reconnect to [measured-cowbird-128774.upstash.io/<unresolved>:6379]: Failed to resolve 'measured-cowbird-128774.upstash.io' [A(1)]
java.net.UnknownHostException: Failed to resolve 'measured-cowbird-128774.upstash.io' [A(1)]
	at io.netty.resolver.dns.DnsResolveContext.finishResolve(DnsResolveContext.java:1137)
	at io.netty.resolver.dns.DnsResolveContext.tryToFinishResolve(DnsResolveContext.java:1084)
	at io.netty.resolver.dns.DnsResolveContext.query(DnsResolveContext.java:443)
	at io.netty.resolver.dns.DnsResolveContext.access$700(DnsResolveContext.java:69)
	at io.netty.resolver.dns.DnsResolveContext$2.operationComplete(DnsResolveContext.java:512)
	at io.netty.util.concurrent.DefaultPromise.notifyListener0(DefaultPromise.java:604)
	at io.netty.util.concurrent.DefaultPromise.notifyListeners0(DefaultPromise.java:597)
	at io.netty.util.concurrent.DefaultPromise.notifyListenersNow(DefaultPromise.java:573)
	at io.netty.util.concurrent.DefaultPromise.notifyListeners(DefaultPromise.java:506)
	at io.netty.util.concurrent.DefaultPromise.setValue0(DefaultPromise.java:650)
	at io.netty.util.concurrent.DefaultPromise.setFailure0(DefaultPromise.java:643)
	at io.netty.util.concurrent.DefaultPromise.tryFailure(DefaultPromise.java:132)
	at io.netty.resolver.dns.DnsQueryContext.finishFailure(DnsQueryContext.java:346)
	at io.netty.resolver.dns.DnsQueryContext$4.run(DnsQueryContext.java:281)
	at io.netty.util.concurrent.PromiseTask.runTask(PromiseTask.java:98)
	at io.netty.util.concurrent.ScheduledFutureTask.run(ScheduledFutureTask.java:160)
	at io.netty.util.concurrent.AbstractEventExecutor.runTask(AbstractEventExecutor.java:148)
	at io.netty.util.concurrent.AbstractEventExecutor.safeExecute$$$capture(AbstractEventExecutor.java:141)
	at io.netty.util.concurrent.AbstractEventExecutor.safeExecute(AbstractEventExecutor.java)
	at io.netty.util.concurrent.SingleThreadEventExecutor.runAllTasks(SingleThreadEventExecutor.java:535)
	at io.netty.channel.SingleThreadIoEventLoop.run(SingleThreadIoEventLoop.java:201)
	at io.netty.util.concurrent.SingleThreadEventExecutor$5.run(SingleThreadEventExecutor.java:1195)
	at io.netty.util.internal.ThreadExecutorMap$2.run(ThreadExecutorMap.java:74)
	at io.netty.util.concurrent.FastThreadLocalRunnable.run(FastThreadLocalRunnable.java:30)
	at java.base/java.lang.Thread.run(Thread.java:1583)
Caused by: io.netty.resolver.dns.DnsNameResolverTimeoutException: [6922: /10.246.32.204:53] DefaultDnsQuestion(measured-cowbird-128774.upstash.io. IN A) query '6922' via UDP timed out after 5000 milliseconds (no stack trace available)
2026-08-05 14:08:02 INFO  i.l.core.protocol.ConnectionWatchdog - Reconnecting, last destination was measured-cowbird-128774.upstash.io/<unresolved>:6379
2026-08-05 14:08:07 WARN  i.l.core.protocol.ConnectionWatchdog - Cannot reconnect to [measured-cowbird-128774.upstash.io/<unresolved>:6379]: Failed to resolve 'measured-cowbird-128774.upstash.io' [A(1)]
java.net.UnknownHostException: Failed to resolve 'measured-cowbird-128774.upstash.io' [A(1)]
	at io.netty.resolver.dns.DnsResolveContext.finishResolve(DnsResolveContext.java:1137)
	at io.netty.resolver.dns.DnsResolveContext.tryToFinishResolve(DnsResolveContext.java:1084)
	at io.netty.resolver.dns.DnsResolveContext.query(DnsResolveContext.java:443)
	at io.netty.resolver.dns.DnsResolveContext.access$700(DnsResolveContext.java:69)
	at io.netty.resolver.dns.DnsResolveContext$2.operationComplete(DnsResolveContext.java:512)
	at io.netty.util.concurrent.DefaultPromise.notifyListener0(DefaultPromise.java:604)
	at io.netty.util.concurrent.DefaultPromise.notifyListeners0(DefaultPromise.java:597)
	at io.netty.util.concurrent.DefaultPromise.notifyListenersNow(DefaultPromise.java:573)
	at io.netty.util.concurrent.DefaultPromise.notifyListeners(DefaultPromise.java:506)
	at io.netty.util.concurrent.DefaultPromise.setValue0(DefaultPromise.java:650)
	at io.netty.util.concurrent.DefaultPromise.setFailure0(DefaultPromise.java:643)
	at io.netty.util.concurrent.DefaultPromise.tryFailure(DefaultPromise.java:132)
	at io.netty.resolver.dns.DnsQueryContext.finishFailure(DnsQueryContext.java:346)
	at io.netty.resolver.dns.DnsQueryContext$4.run(DnsQueryContext.java:281)
	at io.netty.util.concurrent.PromiseTask.runTask(PromiseTask.java:98)
	at io.netty.util.concurrent.ScheduledFutureTask.run(ScheduledFutureTask.java:160)
	at io.netty.util.concurrent.AbstractEventExecutor.runTask(AbstractEventExecutor.java:148)
	at io.netty.util.concurrent.AbstractEventExecutor.safeExecute$$$capture(AbstractEventExecutor.java:141)
	at io.netty.util.concurrent.AbstractEventExecutor.safeExecute(AbstractEventExecutor.java)
	at io.netty.util.concurrent.SingleThreadEventExecutor.runAllTasks(SingleThreadEventExecutor.java:535)
	at io.netty.channel.SingleThreadIoEventLoop.run(SingleThreadIoEventLoop.java:201)
	at io.netty.util.concurrent.SingleThreadEventExecutor$5.run(SingleThreadEventExecutor.java:1195)
	at io.netty.util.internal.ThreadExecutorMap$2.run(ThreadExecutorMap.java:74)
	at io.netty.util.concurrent.FastThreadLocalRunnable.run(FastThreadLocalRunnable.java:30)
	at java.base/java.lang.Thread.run(Thread.java:1583)
Caused by: io.netty.resolver.dns.DnsNameResolverTimeoutException: [9781: /10.246.32.204:53] DefaultDnsQuestion(measured-cowbird-128774.upstash.io. IN A) query '9781' via UDP timed out after 5000 milliseconds (no stack trace available)
2026-08-05 14:08:37 INFO  i.l.core.protocol.ConnectionWatchdog - Reconnecting, last destination was measured-cowbird-128774.upstash.io/<unresolved>:6379
2026-08-05 14:08:42 WARN  i.l.core.protocol.ConnectionWatchdog - Cannot reconnect to [measured-cowbird-128774.upstash.io/<unresolved>:6379]: Failed to resolve 'measured-cowbird-128774.upstash.io' [A(1)]
java.net.UnknownHostException: Failed to resolve 'measured-cowbird-128774.upstash.io' [A(1)]
	at io.netty.resolver.dns.DnsResolveContext.finishResolve(DnsResolveContext.java:1137)
	at io.netty.resolver.dns.DnsResolveContext.tryToFinishResolve(DnsResolveContext.java:1084)
	at io.netty.resolver.dns.DnsResolveContext.query(DnsResolveContext.java:443)
	at io.netty.resolver.dns.DnsResolveContext.access$700(DnsResolveContext.java:69)
	at io.netty.resolver.dns.DnsResolveContext$2.operationComplete(DnsResolveContext.java:512)
	at io.netty.util.concurrent.DefaultPromise.notifyListener0(DefaultPromise.java:604)
	at io.netty.util.concurrent.DefaultPromise.notifyListeners0(DefaultPromise.java:597)
	at io.netty.util.concurrent.DefaultPromise.notifyListenersNow(DefaultPromise.java:573)
	at io.netty.util.concurrent.DefaultPromise.notifyListeners(DefaultPromise.java:506)
	at io.netty.util.concurrent.DefaultPromise.setValue0(DefaultPromise.java:650)
	at io.netty.util.concurrent.DefaultPromise.setFailure0(DefaultPromise.java:643)
	at io.netty.util.concurrent.DefaultPromise.tryFailure(DefaultPromise.java:132)
	at io.netty.resolver.dns.DnsQueryContext.finishFailure(DnsQueryContext.java:346)
	at io.netty.resolver.dns.DnsQueryContext$4.run(DnsQueryContext.java:281)
	at io.netty.util.concurrent.PromiseTask.runTask(PromiseTask.java:98)
	at io.netty.util.concurrent.ScheduledFutureTask.run(ScheduledFutureTask.java:160)
	at io.netty.util.concurrent.AbstractEventExecutor.runTask(AbstractEventExecutor.java:148)
	at io.netty.util.concurrent.AbstractEventExecutor.safeExecute$$$capture(AbstractEventExecutor.java:141)
	at io.netty.util.concurrent.AbstractEventExecutor.safeExecute(AbstractEventExecutor.java)
	at io.netty.util.concurrent.SingleThreadEventExecutor.runAllTasks(SingleThreadEventExecutor.java:535)
	at io.netty.channel.SingleThreadIoEventLoop.run(SingleThreadIoEventLoop.java:201)
	at io.netty.util.concurrent.SingleThreadEventExecutor$5.run(SingleThreadEventExecutor.java:1195)
	at io.netty.util.internal.ThreadExecutorMap$2.run(ThreadExecutorMap.java:74)
	at io.netty.util.concurrent.FastThreadLocalRunnable.run(FastThreadLocalRunnable.java:30)
	at java.base/java.lang.Thread.run(Thread.java:1583)
Caused by: io.netty.resolver.dns.DnsNameResolverTimeoutException: [16378: /10.246.32.204:53] DefaultDnsQuestion(measured-cowbird-128774.upstash.io. IN A) query '16378' via UDP timed out after 5000 milliseconds (no stack trace available)
2026-08-05 14:09:12 INFO  i.l.core.protocol.ConnectionWatchdog - Reconnecting, last destination was measured-cowbird-128774.upstash.io/<unresolved>:6379
2026-08-05 14:09:17 WARN  i.l.core.protocol.ConnectionWatchdog - Cannot reconnect to [measured-cowbird-128774.upstash.io/<unresolved>:6379]: Failed to resolve 'measured-cowbird-128774.upstash.io' [A(1)]
java.net.UnknownHostException: Failed to resolve 'measured-cowbird-128774.upstash.io' [A(1)]
	at io.netty.resolver.dns.DnsResolveContext.finishResolve(DnsResolveContext.java:1137)
	at io.netty.resolver.dns.DnsResolveContext.tryToFinishResolve(DnsResolveContext.java:1084)
	at io.netty.resolver.dns.DnsResolveContext.query(DnsResolveContext.java:443)
	at io.netty.resolver.dns.DnsResolveContext.access$700(DnsResolveContext.java:69)
	at io.netty.resolver.dns.DnsResolveContext$2.operationComplete(DnsResolveContext.java:512)
	at io.netty.util.concurrent.DefaultPromise.notifyListener0(DefaultPromise.java:604)
	at io.netty.util.concurrent.DefaultPromise.notifyListeners0(DefaultPromise.java:597)
	at io.netty.util.concurrent.DefaultPromise.notifyListenersNow(DefaultPromise.java:573)
	at io.netty.util.concurrent.DefaultPromise.notifyListeners(DefaultPromise.java:506)
	at io.netty.util.concurrent.DefaultPromise.setValue0(DefaultPromise.java:650)
	at io.netty.util.concurrent.DefaultPromise.setFailure0(DefaultPromise.java:643)
	at io.netty.util.concurrent.DefaultPromise.tryFailure(DefaultPromise.java:132)
	at io.netty.resolver.dns.DnsQueryContext.finishFailure(DnsQueryContext.java:346)
	at io.netty.resolver.dns.DnsQueryContext$4.run(DnsQueryContext.java:281)
	at io.netty.util.concurrent.PromiseTask.runTask(PromiseTask.java:98)
	at io.netty.util.concurrent.ScheduledFutureTask.run(ScheduledFutureTask.java:160)
	at io.netty.util.concurrent.AbstractEventExecutor.runTask(AbstractEventExecutor.java:148)
	at io.netty.util.concurrent.AbstractEventExecutor.safeExecute$$$capture(AbstractEventExecutor.java:141)
	at io.netty.util.concurrent.AbstractEventExecutor.safeExecute(AbstractEventExecutor.java)
	at io.netty.util.concurrent.SingleThreadEventExecutor.runAllTasks(SingleThreadEventExecutor.java:535)
	at io.netty.channel.SingleThreadIoEventLoop.run(SingleThreadIoEventLoop.java:201)
	at io.netty.util.concurrent.SingleThreadEventExecutor$5.run(SingleThreadEventExecutor.java:1195)
	at io.netty.util.internal.ThreadExecutorMap$2.run(ThreadExecutorMap.java:74)
	at io.netty.util.concurrent.FastThreadLocalRunnable.run(FastThreadLocalRunnable.java:30)
	at java.base/java.lang.Thread.run(Thread.java:1583)
Caused by: io.netty.resolver.dns.DnsNameResolverTimeoutException: [5076: /10.246.32.204:53] DefaultDnsQuestion(measured-cowbird-128774.upstash.io. IN A) query '5076' via UDP timed out after 5000 milliseconds (no stack trace available)
2026-08-05 14:09:48 INFO  i.l.core.protocol.ConnectionWatchdog - Reconnecting, last destination was measured-cowbird-128774.upstash.io/<unresolved>:6379
2026-08-05 14:09:53 WARN  i.l.core.protocol.ConnectionWatchdog - Cannot reconnect to [measured-cowbird-128774.upstash.io/<unresolved>:6379]: Failed to resolve 'measured-cowbird-128774.upstash.io' [A(1)]
java.net.UnknownHostException: Failed to resolve 'measured-cowbird-128774.upstash.io' [A(1)]
	at io.netty.resolver.dns.DnsResolveContext.finishResolve(DnsResolveContext.java:1137)
	at io.netty.resolver.dns.DnsResolveContext.tryToFinishResolve(DnsResolveContext.java:1084)
	at io.netty.resolver.dns.DnsResolveContext.query(DnsResolveContext.java:443)
	at io.netty.resolver.dns.DnsResolveContext.access$700(DnsResolveContext.java:69)
	at io.netty.resolver.dns.DnsResolveContext$2.operationComplete(DnsResolveContext.java:512)
	at io.netty.util.concurrent.DefaultPromise.notifyListener0(DefaultPromise.java:604)
	at io.netty.util.concurrent.DefaultPromise.notifyListeners0(DefaultPromise.java:597)
	at io.netty.util.concurrent.DefaultPromise.notifyListenersNow(DefaultPromise.java:573)
	at io.netty.util.concurrent.DefaultPromise.notifyListeners(DefaultPromise.java:506)
	at io.netty.util.concurrent.DefaultPromise.setValue0(DefaultPromise.java:650)
	at io.netty.util.concurrent.DefaultPromise.setFailure0(DefaultPromise.java:643)
	at io.netty.util.concurrent.DefaultPromise.tryFailure(DefaultPromise.java:132)
	at io.netty.resolver.dns.DnsQueryContext.finishFailure(DnsQueryContext.java:346)
	at io.netty.resolver.dns.DnsQueryContext$4.run(DnsQueryContext.java:281)
	at io.netty.util.concurrent.PromiseTask.runTask(PromiseTask.java:98)
	at io.netty.util.concurrent.ScheduledFutureTask.run(ScheduledFutureTask.java:160)
	at io.netty.util.concurrent.AbstractEventExecutor.runTask(AbstractEventExecutor.java:148)
	at io.netty.util.concurrent.AbstractEventExecutor.safeExecute$$$capture(AbstractEventExecutor.java:141)
	at io.netty.util.concurrent.AbstractEventExecutor.safeExecute(AbstractEventExecutor.java)
	at io.netty.util.concurrent.SingleThreadEventExecutor.runAllTasks(SingleThreadEventExecutor.java:535)
	at io.netty.channel.SingleThreadIoEventLoop.run(SingleThreadIoEventLoop.java:201)
	at io.netty.util.concurrent.SingleThreadEventExecutor$5.run(SingleThreadEventExecutor.java:1195)
	at io.netty.util.internal.ThreadExecutorMap$2.run(ThreadExecutorMap.java:74)
	at io.netty.util.concurrent.FastThreadLocalRunnable.run(FastThreadLocalRunnable.java:30)
	at java.base/java.lang.Thread.run(Thread.java:1583)
Caused by: io.netty.resolver.dns.DnsNameResolverTimeoutException: [12450: /10.246.32.204:53] DefaultDnsQuestion(measured-cowbird-128774.upstash.io. IN A) query '12450' via UDP timed out after 5000 milliseconds (no stack trace available)
2026-08-05 14:10:23 INFO  i.l.core.protocol.ConnectionWatchdog - Reconnecting, last destination was measured-cowbird-128774.upstash.io/<unresolved>:6379
2026-08-05 14:10:28 WARN  i.l.core.protocol.ConnectionWatchdog - Cannot reconnect to [measured-cowbird-128774.upstash.io/<unresolved>:6379]: Failed to resolve 'measured-cowbird-128774.upstash.io' [A(1)]
java.net.UnknownHostException: Failed to resolve 'measured-cowbird-128774.upstash.io' [A(1)]
	at io.netty.resolver.dns.DnsResolveContext.finishResolve(DnsResolveContext.java:1137)
	at io.netty.resolver.dns.DnsResolveContext.tryToFinishResolve(DnsResolveContext.java:1084)
	at io.netty.resolver.dns.DnsResolveContext.query(DnsResolveContext.java:443)
	at io.netty.resolver.dns.DnsResolveContext.access$700(DnsResolveContext.java:69)
	at io.netty.resolver.dns.DnsResolveContext$2.operationComplete(DnsResolveContext.java:512)
	at io.netty.util.concurrent.DefaultPromise.notifyListener0(DefaultPromise.java:604)
	at io.netty.util.concurrent.DefaultPromise.notifyListeners0(DefaultPromise.java:597)
	at io.netty.util.concurrent.DefaultPromise.notifyListenersNow(DefaultPromise.java:573)
	at io.netty.util.concurrent.DefaultPromise.notifyListeners(DefaultPromise.java:506)
	at io.netty.util.concurrent.DefaultPromise.setValue0(DefaultPromise.java:650)
	at io.netty.util.concurrent.DefaultPromise.setFailure0(DefaultPromise.java:643)
	at io.netty.util.concurrent.DefaultPromise.tryFailure(DefaultPromise.java:132)
	at io.netty.resolver.dns.DnsQueryContext.finishFailure(DnsQueryContext.java:346)
	at io.netty.resolver.dns.DnsQueryContext$4.run(DnsQueryContext.java:281)
	at io.netty.util.concurrent.PromiseTask.runTask(PromiseTask.java:98)
	at io.netty.util.concurrent.ScheduledFutureTask.run(ScheduledFutureTask.java:160)
	at io.netty.util.concurrent.AbstractEventExecutor.runTask(AbstractEventExecutor.java:148)
	at io.netty.util.concurrent.AbstractEventExecutor.safeExecute$$$capture(AbstractEventExecutor.java:141)
	at io.netty.util.concurrent.AbstractEventExecutor.safeExecute(AbstractEventExecutor.java)
	at io.netty.util.concurrent.SingleThreadEventExecutor.runAllTasks(SingleThreadEventExecutor.java:535)
	at io.netty.channel.SingleThreadIoEventLoop.run(SingleThreadIoEventLoop.java:201)
	at io.netty.util.concurrent.SingleThreadEventExecutor$5.run(SingleThreadEventExecutor.java:1195)
	at io.netty.util.internal.ThreadExecutorMap$2.run(ThreadExecutorMap.java:74)
	at io.netty.util.concurrent.FastThreadLocalRunnable.run(FastThreadLocalRunnable.java:30)
	at java.base/java.lang.Thread.run(Thread.java:1583)
Caused by: io.netty.resolver.dns.DnsNameResolverTimeoutException: [13843: /10.246.32.204:53] DefaultDnsQuestion(measured-cowbird-128774.upstash.io. IN A) query '13843' via UDP timed out after 5000 milliseconds (no stack trace available)
2026-08-05 14:10:58 INFO  i.l.core.protocol.ConnectionWatchdog - Reconnecting, last destination was measured-cowbird-128774.upstash.io/<unresolved>:6379
2026-08-05 14:11:03 WARN  i.l.core.protocol.ConnectionWatchdog - Cannot reconnect to [measured-cowbird-128774.upstash.io/<unresolved>:6379]: Failed to resolve 'measured-cowbird-128774.upstash.io' [A(1)]
java.net.UnknownHostException: Failed to resolve 'measured-cowbird-128774.upstash.io' [A(1)]
	at io.netty.resolver.dns.DnsResolveContext.finishResolve(DnsResolveContext.java:1137)
	at io.netty.resolver.dns.DnsResolveContext.tryToFinishResolve(DnsResolveContext.java:1084)
	at io.netty.resolver.dns.DnsResolveContext.query(DnsResolveContext.java:443)
	at io.netty.resolver.dns.DnsResolveContext.access$700(DnsResolveContext.java:69)
	at io.netty.resolver.dns.DnsResolveContext$2.operationComplete(DnsResolveContext.java:512)
	at io.netty.util.concurrent.DefaultPromise.notifyListener0(DefaultPromise.java:604)
	at io.netty.util.concurrent.DefaultPromise.notifyListeners0(DefaultPromise.java:597)
	at io.netty.util.concurrent.DefaultPromise.notifyListenersNow(DefaultPromise.java:573)
	at io.netty.util.concurrent.DefaultPromise.notifyListeners(DefaultPromise.java:506)
	at io.netty.util.concurrent.DefaultPromise.setValue0(DefaultPromise.java:650)
	at io.netty.util.concurrent.DefaultPromise.setFailure0(DefaultPromise.java:643)
	at io.netty.util.concurrent.DefaultPromise.tryFailure(DefaultPromise.java:132)
	at io.netty.resolver.dns.DnsQueryContext.finishFailure(DnsQueryContext.java:346)
	at io.netty.resolver.dns.DnsQueryContext$4.run(DnsQueryContext.java:281)
	at io.netty.util.concurrent.PromiseTask.runTask(PromiseTask.java:98)
	at io.netty.util.concurrent.ScheduledFutureTask.run(ScheduledFutureTask.java:160)
	at io.netty.util.concurrent.AbstractEventExecutor.runTask(AbstractEventExecutor.java:148)
	at io.netty.util.concurrent.AbstractEventExecutor.safeExecute$$$capture(AbstractEventExecutor.java:141)
	at io.netty.util.concurrent.AbstractEventExecutor.safeExecute(AbstractEventExecutor.java)
	at io.netty.util.concurrent.SingleThreadEventExecutor.runAllTasks(SingleThreadEventExecutor.java:535)
	at io.netty.channel.SingleThreadIoEventLoop.run(SingleThreadIoEventLoop.java:201)
	at io.netty.util.concurrent.SingleThreadEventExecutor$5.run(SingleThreadEventExecutor.java:1195)
	at io.netty.util.internal.ThreadExecutorMap$2.run(ThreadExecutorMap.java:74)
	at io.netty.util.concurrent.FastThreadLocalRunnable.run(FastThreadLocalRunnable.java:30)
	at java.base/java.lang.Thread.run(Thread.java:1583)
Caused by: io.netty.resolver.dns.DnsNameResolverTimeoutException: [11757: /10.246.32.204:53] DefaultDnsQuestion(measured-cowbird-128774.upstash.io. IN A) query '11757' via UDP timed out after 5000 milliseconds (no stack trace available)
2026-08-05 14:11:33 INFO  i.l.core.protocol.ConnectionWatchdog - Reconnecting, last destination was measured-cowbird-128774.upstash.io/<unresolved>:6379
2026-08-05 14:11:38 WARN  i.l.core.protocol.ConnectionWatchdog - Cannot reconnect to [measured-cowbird-128774.upstash.io/<unresolved>:6379]: Failed to resolve 'measured-cowbird-128774.upstash.io' [A(1)]
java.net.UnknownHostException: Failed to resolve 'measured-cowbird-128774.upstash.io' [A(1)]
	at io.netty.resolver.dns.DnsResolveContext.finishResolve(DnsResolveContext.java:1137)
	at io.netty.resolver.dns.DnsResolveContext.tryToFinishResolve(DnsResolveContext.java:1084)
	at io.netty.resolver.dns.DnsResolveContext.query(DnsResolveContext.java:443)
	at io.netty.resolver.dns.DnsResolveContext.access$700(DnsResolveContext.java:69)
	at io.netty.resolver.dns.DnsResolveContext$2.operationComplete(DnsResolveContext.java:512)
	at io.netty.util.concurrent.DefaultPromise.notifyListener0(DefaultPromise.java:604)
	at io.netty.util.concurrent.DefaultPromise.notifyListeners0(DefaultPromise.java:597)
	at io.netty.util.concurrent.DefaultPromise.notifyListenersNow(DefaultPromise.java:573)
	at io.netty.util.concurrent.DefaultPromise.notifyListeners(DefaultPromise.java:506)
	at io.netty.util.concurrent.DefaultPromise.setValue0(DefaultPromise.java:650)
	at io.netty.util.concurrent.DefaultPromise.setFailure0(DefaultPromise.java:643)
	at io.netty.util.concurrent.DefaultPromise.tryFailure(DefaultPromise.java:132)
	at io.netty.resolver.dns.DnsQueryContext.finishFailure(DnsQueryContext.java:346)
	at io.netty.resolver.dns.DnsQueryContext$4.run(DnsQueryContext.java:281)
	at io.netty.util.concurrent.PromiseTask.runTask(PromiseTask.java:98)
	at io.netty.util.concurrent.ScheduledFutureTask.run(ScheduledFutureTask.java:160)
	at io.netty.util.concurrent.AbstractEventExecutor.runTask(AbstractEventExecutor.java:148)
	at io.netty.util.concurrent.AbstractEventExecutor.safeExecute$$$capture(AbstractEventExecutor.java:141)
	at io.netty.util.concurrent.AbstractEventExecutor.safeExecute(AbstractEventExecutor.java)
	at io.netty.util.concurrent.SingleThreadEventExecutor.runAllTasks(SingleThreadEventExecutor.java:535)
	at io.netty.channel.SingleThreadIoEventLoop.run(SingleThreadIoEventLoop.java:201)
	at io.netty.util.concurrent.SingleThreadEventExecutor$5.run(SingleThreadEventExecutor.java:1195)
	at io.netty.util.internal.ThreadExecutorMap$2.run(ThreadExecutorMap.java:74)
	at io.netty.util.concurrent.FastThreadLocalRunnable.run(FastThreadLocalRunnable.java:30)
	at java.base/java.lang.Thread.run(Thread.java:1583)
Caused by: io.netty.resolver.dns.DnsNameResolverTimeoutException: [5323: /10.246.32.204:53] DefaultDnsQuestion(measured-cowbird-128774.upstash.io. IN A) query '5323' via UDP timed out after 5000 milliseconds (no stack trace available)
2026-08-05 14:12:08 INFO  i.l.core.protocol.ConnectionWatchdog - Reconnecting, last destination was measured-cowbird-128774.upstash.io/<unresolved>:6379
2026-08-05 14:12:13 WARN  i.l.core.protocol.ConnectionWatchdog - Cannot reconnect to [measured-cowbird-128774.upstash.io/<unresolved>:6379]: Failed to resolve 'measured-cowbird-128774.upstash.io' [A(1)]
java.net.UnknownHostException: Failed to resolve 'measured-cowbird-128774.upstash.io' [A(1)]
	at io.netty.resolver.dns.DnsResolveContext.finishResolve(DnsResolveContext.java:1137)
	at io.netty.resolver.dns.DnsResolveContext.tryToFinishResolve(DnsResolveContext.java:1084)
	at io.netty.resolver.dns.DnsResolveContext.query(DnsResolveContext.java:443)
	at io.netty.resolver.dns.DnsResolveContext.access$700(DnsResolveContext.java:69)
	at io.netty.resolver.dns.DnsResolveContext$2.operationComplete(DnsResolveContext.java:512)
	at io.netty.util.concurrent.DefaultPromise.notifyListener0(DefaultPromise.java:604)
	at io.netty.util.concurrent.DefaultPromise.notifyListeners0(DefaultPromise.java:597)
	at io.netty.util.concurrent.DefaultPromise.notifyListenersNow(DefaultPromise.java:573)
	at io.netty.util.concurrent.DefaultPromise.notifyListeners(DefaultPromise.java:506)
	at io.netty.util.concurrent.DefaultPromise.setValue0(DefaultPromise.java:650)
	at io.netty.util.concurrent.DefaultPromise.setFailure0(DefaultPromise.java:643)
	at io.netty.util.concurrent.DefaultPromise.tryFailure(DefaultPromise.java:132)
	at io.netty.resolver.dns.DnsQueryContext.finishFailure(DnsQueryContext.java:346)
	at io.netty.resolver.dns.DnsQueryContext$4.run(DnsQueryContext.java:281)
	at io.netty.util.concurrent.PromiseTask.runTask(PromiseTask.java:98)
	at io.netty.util.concurrent.ScheduledFutureTask.run(ScheduledFutureTask.java:160)
	at io.netty.util.concurrent.AbstractEventExecutor.runTask(AbstractEventExecutor.java:148)
	at io.netty.util.concurrent.AbstractEventExecutor.safeExecute$$$capture(AbstractEventExecutor.java:141)
	at io.netty.util.concurrent.AbstractEventExecutor.safeExecute(AbstractEventExecutor.java)
	at io.netty.util.concurrent.SingleThreadEventExecutor.runAllTasks(SingleThreadEventExecutor.java:535)
	at io.netty.channel.SingleThreadIoEventLoop.run(SingleThreadIoEventLoop.java:201)
	at io.netty.util.concurrent.SingleThreadEventExecutor$5.run(SingleThreadEventExecutor.java:1195)
	at io.netty.util.internal.ThreadExecutorMap$2.run(ThreadExecutorMap.java:74)
	at io.netty.util.concurrent.FastThreadLocalRunnable.run(FastThreadLocalRunnable.java:30)
	at java.base/java.lang.Thread.run(Thread.java:1583)
Caused by: io.netty.resolver.dns.DnsNameResolverTimeoutException: [2084: /10.246.32.204:53] DefaultDnsQuestion(measured-cowbird-128774.upstash.io. IN A) query '2084' via UDP timed out after 5000 milliseconds (no stack trace available)
2026-08-05 14:12:43 INFO  i.l.core.protocol.ConnectionWatchdog - Reconnecting, last destination was measured-cowbird-128774.upstash.io/<unresolved>:6379
2026-08-05 14:12:48 WARN  i.l.core.protocol.ConnectionWatchdog - Cannot reconnect to [measured-cowbird-128774.upstash.io/<unresolved>:6379]: Failed to resolve 'measured-cowbird-128774.upstash.io' [A(1)]
java.net.UnknownHostException: Failed to resolve 'measured-cowbird-128774.upstash.io' [A(1)]
	at io.netty.resolver.dns.DnsResolveContext.finishResolve(DnsResolveContext.java:1137)
	at io.netty.resolver.dns.DnsResolveContext.tryToFinishResolve(DnsResolveContext.java:1084)
	at io.netty.resolver.dns.DnsResolveContext.query(DnsResolveContext.java:443)
	at io.netty.resolver.dns.DnsResolveContext.access$700(DnsResolveContext.java:69)
	at io.netty.resolver.dns.DnsResolveContext$2.operationComplete(DnsResolveContext.java:512)
	at io.netty.util.concurrent.DefaultPromise.notifyListener0(DefaultPromise.java:604)
	at io.netty.util.concurrent.DefaultPromise.notifyListeners0(DefaultPromise.java:597)
	at io.netty.util.concurrent.DefaultPromise.notifyListenersNow(DefaultPromise.java:573)
	at io.netty.util.concurrent.DefaultPromise.notifyListeners(DefaultPromise.java:506)
	at io.netty.util.concurrent.DefaultPromise.setValue0(DefaultPromise.java:650)
	at io.netty.util.concurrent.DefaultPromise.setFailure0(DefaultPromise.java:643)
	at io.netty.util.concurrent.DefaultPromise.tryFailure(DefaultPromise.java:132)
	at io.netty.resolver.dns.DnsQueryContext.finishFailure(DnsQueryContext.java:346)
	at io.netty.resolver.dns.DnsQueryContext$4.run(DnsQueryContext.java:281)
	at io.netty.util.concurrent.PromiseTask.runTask(PromiseTask.java:98)
	at io.netty.util.concurrent.ScheduledFutureTask.run(ScheduledFutureTask.java:160)
	at io.netty.util.concurrent.AbstractEventExecutor.runTask(AbstractEventExecutor.java:148)
	at io.netty.util.concurrent.AbstractEventExecutor.safeExecute$$$capture(AbstractEventExecutor.java:141)
	at io.netty.util.concurrent.AbstractEventExecutor.safeExecute(AbstractEventExecutor.java)
	at io.netty.util.concurrent.SingleThreadEventExecutor.runAllTasks(SingleThreadEventExecutor.java:535)
	at io.netty.channel.SingleThreadIoEventLoop.run(SingleThreadIoEventLoop.java:201)
	at io.netty.util.concurrent.SingleThreadEventExecutor$5.run(SingleThreadEventExecutor.java:1195)
	at io.netty.util.internal.ThreadExecutorMap$2.run(ThreadExecutorMap.java:74)
	at io.netty.util.concurrent.FastThreadLocalRunnable.run(FastThreadLocalRunnable.java:30)
	at java.base/java.lang.Thread.run(Thread.java:1583)
Caused by: io.netty.resolver.dns.DnsNameResolverTimeoutException: [5176: /10.246.32.204:53] DefaultDnsQuestion(measured-cowbird-128774.upstash.io. IN A) query '5176' via UDP timed out after 5000 milliseconds (no stack trace available)
2026-08-05 14:13:18 INFO  i.l.core.protocol.ConnectionWatchdog - Reconnecting, last destination was measured-cowbird-128774.upstash.io/<unresolved>:6379
2026-08-05 14:13:23 WARN  i.l.core.protocol.ConnectionWatchdog - Cannot reconnect to [measured-cowbird-128774.upstash.io/<unresolved>:6379]: Failed to resolve 'measured-cowbird-128774.upstash.io' [A(1)]
java.net.UnknownHostException: Failed to resolve 'measured-cowbird-128774.upstash.io' [A(1)]
	at io.netty.resolver.dns.DnsResolveContext.finishResolve(DnsResolveContext.java:1137)
	at io.netty.resolver.dns.DnsResolveContext.tryToFinishResolve(DnsResolveContext.java:1084)
	at io.netty.resolver.dns.DnsResolveContext.query(DnsResolveContext.java:443)
	at io.netty.resolver.dns.DnsResolveContext.access$700(DnsResolveContext.java:69)
	at io.netty.resolver.dns.DnsResolveContext$2.operationComplete(DnsResolveContext.java:512)
	at io.netty.util.concurrent.DefaultPromise.notifyListener0(DefaultPromise.java:604)
	at io.netty.util.concurrent.DefaultPromise.notifyListeners0(DefaultPromise.java:597)
	at io.netty.util.concurrent.DefaultPromise.notifyListenersNow(DefaultPromise.java:573)
	at io.netty.util.concurrent.DefaultPromise.notifyListeners(DefaultPromise.java:506)
	at io.netty.util.concurrent.DefaultPromise.setValue0(DefaultPromise.java:650)
	at io.netty.util.concurrent.DefaultPromise.setFailure0(DefaultPromise.java:643)
	at io.netty.util.concurrent.DefaultPromise.tryFailure(DefaultPromise.java:132)
	at io.netty.resolver.dns.DnsQueryContext.finishFailure(DnsQueryContext.java:346)
	at io.netty.resolver.dns.DnsQueryContext$4.run(DnsQueryContext.java:281)
	at io.netty.util.concurrent.PromiseTask.runTask(PromiseTask.java:98)
	at io.netty.util.concurrent.ScheduledFutureTask.run(ScheduledFutureTask.java:160)
	at io.netty.util.concurrent.AbstractEventExecutor.runTask(AbstractEventExecutor.java:148)
	at io.netty.util.concurrent.AbstractEventExecutor.safeExecute$$$capture(AbstractEventExecutor.java:141)
	at io.netty.util.concurrent.AbstractEventExecutor.safeExecute(AbstractEventExecutor.java)
	at io.netty.util.concurrent.SingleThreadEventExecutor.runAllTasks(SingleThreadEventExecutor.java:535)
	at io.netty.channel.SingleThreadIoEventLoop.run(SingleThreadIoEventLoop.java:201)
	at io.netty.util.concurrent.SingleThreadEventExecutor$5.run(SingleThreadEventExecutor.java:1195)
	at io.netty.util.internal.ThreadExecutorMap$2.run(ThreadExecutorMap.java:74)
	at io.netty.util.concurrent.FastThreadLocalRunnable.run(FastThreadLocalRunnable.java:30)
	at java.base/java.lang.Thread.run(Thread.java:1583)
Caused by: io.netty.resolver.dns.DnsNameResolverTimeoutException: [873: /10.246.32.204:53] DefaultDnsQuestion(measured-cowbird-128774.upstash.io. IN A) query '873' via UDP timed out after 5000 milliseconds (no stack trace available)
2026-08-05 14:13:53 INFO  i.l.core.protocol.ConnectionWatchdog - Reconnecting, last destination was measured-cowbird-128774.upstash.io/<unresolved>:6379
2026-08-05 14:13:58 WARN  i.l.core.protocol.ConnectionWatchdog - Cannot reconnect to [measured-cowbird-128774.upstash.io/<unresolved>:6379]: Failed to resolve 'measured-cowbird-128774.upstash.io' [A(1)]
java.net.UnknownHostException: Failed to resolve 'measured-cowbird-128774.upstash.io' [A(1)]
	at io.netty.resolver.dns.DnsResolveContext.finishResolve(DnsResolveContext.java:1137)
	at io.netty.resolver.dns.DnsResolveContext.tryToFinishResolve(DnsResolveContext.java:1084)
	at io.netty.resolver.dns.DnsResolveContext.query(DnsResolveContext.java:443)
	at io.netty.resolver.dns.DnsResolveContext.access$700(DnsResolveContext.java:69)
	at io.netty.resolver.dns.DnsResolveContext$2.operationComplete(DnsResolveContext.java:512)
	at io.netty.util.concurrent.DefaultPromise.notifyListener0(DefaultPromise.java:604)
	at io.netty.util.concurrent.DefaultPromise.notifyListeners0(DefaultPromise.java:597)
	at io.netty.util.concurrent.DefaultPromise.notifyListenersNow(DefaultPromise.java:573)
	at io.netty.util.concurrent.DefaultPromise.notifyListeners(DefaultPromise.java:506)
	at io.netty.util.concurrent.DefaultPromise.setValue0(DefaultPromise.java:650)
	at io.netty.util.concurrent.DefaultPromise.setFailure0(DefaultPromise.java:643)
	at io.netty.util.concurrent.DefaultPromise.tryFailure(DefaultPromise.java:132)
	at io.netty.resolver.dns.DnsQueryContext.finishFailure(DnsQueryContext.java:346)
	at io.netty.resolver.dns.DnsQueryContext$4.run(DnsQueryContext.java:281)
	at io.netty.util.concurrent.PromiseTask.runTask(PromiseTask.java:98)
	at io.netty.util.concurrent.ScheduledFutureTask.run(ScheduledFutureTask.java:160)
	at io.netty.util.concurrent.AbstractEventExecutor.runTask(AbstractEventExecutor.java:148)
	at io.netty.util.concurrent.AbstractEventExecutor.safeExecute$$$capture(AbstractEventExecutor.java:141)
	at io.netty.util.concurrent.AbstractEventExecutor.safeExecute(AbstractEventExecutor.java)
	at io.netty.util.concurrent.SingleThreadEventExecutor.runAllTasks(SingleThreadEventExecutor.java:535)
	at io.netty.channel.SingleThreadIoEventLoop.run(SingleThreadIoEventLoop.java:201)
	at io.netty.util.concurrent.SingleThreadEventExecutor$5.run(SingleThreadEventExecutor.java:1195)
	at io.netty.util.internal.ThreadExecutorMap$2.run(ThreadExecutorMap.java:74)
	at io.netty.util.concurrent.FastThreadLocalRunnable.run(FastThreadLocalRunnable.java:30)
	at java.base/java.lang.Thread.run(Thread.java:1583)
Caused by: io.netty.resolver.dns.DnsNameResolverTimeoutException: [7081: /10.246.32.204:53] DefaultDnsQuestion(measured-cowbird-128774.upstash.io. IN A) query '7081' via UDP timed out after 5000 milliseconds (no stack trace available)
2026-08-05 14:14:28 INFO  i.l.core.protocol.ConnectionWatchdog - Reconnecting, last destination was measured-cowbird-128774.upstash.io/<unresolved>:6379
2026-08-05 14:14:33 WARN  i.l.core.protocol.ConnectionWatchdog - Cannot reconnect to [measured-cowbird-128774.upstash.io/<unresolved>:6379]: Failed to resolve 'measured-cowbird-128774.upstash.io' [A(1)]
java.net.UnknownHostException: Failed to resolve 'measured-cowbird-128774.upstash.io' [A(1)]
	at io.netty.resolver.dns.DnsResolveContext.finishResolve(DnsResolveContext.java:1137)
	at io.netty.resolver.dns.DnsResolveContext.tryToFinishResolve(DnsResolveContext.java:1084)
	at io.netty.resolver.dns.DnsResolveContext.query(DnsResolveContext.java:443)
	at io.netty.resolver.dns.DnsResolveContext.access$700(DnsResolveContext.java:69)
	at io.netty.resolver.dns.DnsResolveContext$2.operationComplete(DnsResolveContext.java:512)
	at io.netty.util.concurrent.DefaultPromise.notifyListener0(DefaultPromise.java:604)
	at io.netty.util.concurrent.DefaultPromise.notifyListeners0(DefaultPromise.java:597)
	at io.netty.util.concurrent.DefaultPromise.notifyListenersNow(DefaultPromise.java:573)
	at io.netty.util.concurrent.DefaultPromise.notifyListeners(DefaultPromise.java:506)
	at io.netty.util.concurrent.DefaultPromise.setValue0(DefaultPromise.java:650)
	at io.netty.util.concurrent.DefaultPromise.setFailure0(DefaultPromise.java:643)
	at io.netty.util.concurrent.DefaultPromise.tryFailure(DefaultPromise.java:132)
	at io.netty.resolver.dns.DnsQueryContext.finishFailure(DnsQueryContext.java:346)
	at io.netty.resolver.dns.DnsQueryContext$4.run(DnsQueryContext.java:281)
	at io.netty.util.concurrent.PromiseTask.runTask(PromiseTask.java:98)
	at io.netty.util.concurrent.ScheduledFutureTask.run(ScheduledFutureTask.java:160)
	at io.netty.util.concurrent.AbstractEventExecutor.runTask(AbstractEventExecutor.java:148)
	at io.netty.util.concurrent.AbstractEventExecutor.safeExecute$$$capture(AbstractEventExecutor.java:141)
	at io.netty.util.concurrent.AbstractEventExecutor.safeExecute(AbstractEventExecutor.java)
	at io.netty.util.concurrent.SingleThreadEventExecutor.runAllTasks(SingleThreadEventExecutor.java:535)
	at io.netty.channel.SingleThreadIoEventLoop.run(SingleThreadIoEventLoop.java:201)
	at io.netty.util.concurrent.SingleThreadEventExecutor$5.run(SingleThreadEventExecutor.java:1195)
	at io.netty.util.internal.ThreadExecutorMap$2.run(ThreadExecutorMap.java:74)
	at io.netty.util.concurrent.FastThreadLocalRunnable.run(FastThreadLocalRunnable.java:30)
	at java.base/java.lang.Thread.run(Thread.java:1583)
Caused by: io.netty.resolver.dns.DnsNameResolverTimeoutException: [13426: /10.246.32.204:53] DefaultDnsQuestion(measured-cowbird-128774.upstash.io. IN A) query '13426' via UDP timed out after 5000 milliseconds (no stack trace available)
2026-08-05 14:15:03 INFO  i.l.core.protocol.ConnectionWatchdog - Reconnecting, last destination was measured-cowbird-128774.upstash.io/<unresolved>:6379
2026-08-05 14:15:08 WARN  i.l.core.protocol.ConnectionWatchdog - Cannot reconnect to [measured-cowbird-128774.upstash.io/<unresolved>:6379]: Failed to resolve 'measured-cowbird-128774.upstash.io' [A(1)]
java.net.UnknownHostException: Failed to resolve 'measured-cowbird-128774.upstash.io' [A(1)]
	at io.netty.resolver.dns.DnsResolveContext.finishResolve(DnsResolveContext.java:1137)
	at io.netty.resolver.dns.DnsResolveContext.tryToFinishResolve(DnsResolveContext.java:1084)
	at io.netty.resolver.dns.DnsResolveContext.query(DnsResolveContext.java:443)
	at io.netty.resolver.dns.DnsResolveContext.access$700(DnsResolveContext.java:69)
	at io.netty.resolver.dns.DnsResolveContext$2.operationComplete(DnsResolveContext.java:512)
	at io.netty.util.concurrent.DefaultPromise.notifyListener0(DefaultPromise.java:604)
	at io.netty.util.concurrent.DefaultPromise.notifyListeners0(DefaultPromise.java:597)
	at io.netty.util.concurrent.DefaultPromise.notifyListenersNow(DefaultPromise.java:573)
	at io.netty.util.concurrent.DefaultPromise.notifyListeners(DefaultPromise.java:506)
	at io.netty.util.concurrent.DefaultPromise.setValue0(DefaultPromise.java:650)
	at io.netty.util.concurrent.DefaultPromise.setFailure0(DefaultPromise.java:643)
	at io.netty.util.concurrent.DefaultPromise.tryFailure(DefaultPromise.java:132)
	at io.netty.resolver.dns.DnsQueryContext.finishFailure(DnsQueryContext.java:346)
	at io.netty.resolver.dns.DnsQueryContext$4.run(DnsQueryContext.java:281)
	at io.netty.util.concurrent.PromiseTask.runTask(PromiseTask.java:98)
	at io.netty.util.concurrent.ScheduledFutureTask.run(ScheduledFutureTask.java:160)
	at io.netty.util.concurrent.AbstractEventExecutor.runTask(AbstractEventExecutor.java:148)
	at io.netty.util.concurrent.AbstractEventExecutor.safeExecute$$$capture(AbstractEventExecutor.java:141)
	at io.netty.util.concurrent.AbstractEventExecutor.safeExecute(AbstractEventExecutor.java)
	at io.netty.util.concurrent.SingleThreadEventExecutor.runAllTasks(SingleThreadEventExecutor.java:535)
	at io.netty.channel.SingleThreadIoEventLoop.run(SingleThreadIoEventLoop.java:201)
	at io.netty.util.concurrent.SingleThreadEventExecutor$5.run(SingleThreadEventExecutor.java:1195)
	at io.netty.util.internal.ThreadExecutorMap$2.run(ThreadExecutorMap.java:74)
	at io.netty.util.concurrent.FastThreadLocalRunnable.run(FastThreadLocalRunnable.java:30)
	at java.base/java.lang.Thread.run(Thread.java:1583)
Caused by: io.netty.resolver.dns.DnsNameResolverTimeoutException: [12147: /10.246.32.204:53] DefaultDnsQuestion(measured-cowbird-128774.upstash.io. IN A) query '12147' via UDP timed out after 5000 milliseconds (no stack trace available)
2026-08-05 14:15:39 INFO  i.l.core.protocol.ConnectionWatchdog - Reconnecting, last destination was measured-cowbird-128774.upstash.io/<unresolved>:6379
2026-08-05 14:15:44 WARN  i.l.core.protocol.ConnectionWatchdog - Cannot reconnect to [measured-cowbird-128774.upstash.io/<unresolved>:6379]: Failed to resolve 'measured-cowbird-128774.upstash.io' [A(1)]
java.net.UnknownHostException: Failed to resolve 'measured-cowbird-128774.upstash.io' [A(1)]
	at io.netty.resolver.dns.DnsResolveContext.finishResolve(DnsResolveContext.java:1137)
	at io.netty.resolver.dns.DnsResolveContext.tryToFinishResolve(DnsResolveContext.java:1084)
	at io.netty.resolver.dns.DnsResolveContext.query(DnsResolveContext.java:443)
	at io.netty.resolver.dns.DnsResolveContext.access$700(DnsResolveContext.java:69)
	at io.netty.resolver.dns.DnsResolveContext$2.operationComplete(DnsResolveContext.java:512)
	at io.netty.util.concurrent.DefaultPromise.notifyListener0(DefaultPromise.java:604)
	at io.netty.util.concurrent.DefaultPromise.notifyListeners0(DefaultPromise.java:597)
	at io.netty.util.concurrent.DefaultPromise.notifyListenersNow(DefaultPromise.java:573)
	at io.netty.util.concurrent.DefaultPromise.notifyListeners(DefaultPromise.java:506)
	at io.netty.util.concurrent.DefaultPromise.setValue0(DefaultPromise.java:650)
	at io.netty.util.concurrent.DefaultPromise.setFailure0(DefaultPromise.java:643)
	at io.netty.util.concurrent.DefaultPromise.tryFailure(DefaultPromise.java:132)
	at io.netty.resolver.dns.DnsQueryContext.finishFailure(DnsQueryContext.java:346)
	at io.netty.resolver.dns.DnsQueryContext$4.run(DnsQueryContext.java:281)
	at io.netty.util.concurrent.PromiseTask.runTask(PromiseTask.java:98)
	at io.netty.util.concurrent.ScheduledFutureTask.run(ScheduledFutureTask.java:160)
	at io.netty.util.concurrent.AbstractEventExecutor.runTask(AbstractEventExecutor.java:148)
	at io.netty.util.concurrent.AbstractEventExecutor.safeExecute$$$capture(AbstractEventExecutor.java:141)
	at io.netty.util.concurrent.AbstractEventExecutor.safeExecute(AbstractEventExecutor.java)
	at io.netty.util.concurrent.SingleThreadEventExecutor.runAllTasks(SingleThreadEventExecutor.java:535)
	at io.netty.channel.SingleThreadIoEventLoop.run(SingleThreadIoEventLoop.java:201)
	at io.netty.util.concurrent.SingleThreadEventExecutor$5.run(SingleThreadEventExecutor.java:1195)
	at io.netty.util.internal.ThreadExecutorMap$2.run(ThreadExecutorMap.java:74)
	at io.netty.util.concurrent.FastThreadLocalRunnable.run(FastThreadLocalRunnable.java:30)
	at java.base/java.lang.Thread.run(Thread.java:1583)
Caused by: io.netty.resolver.dns.DnsNameResolverTimeoutException: [2964: /10.246.32.204:53] DefaultDnsQuestion(measured-cowbird-128774.upstash.io. IN A) query '2964' via UDP timed out after 5000 milliseconds (no stack trace available)
2026-08-05 14:16:14 INFO  i.l.core.protocol.ConnectionWatchdog - Reconnecting, last destination was measured-cowbird-128774.upstash.io/<unresolved>:6379
2026-08-05 14:16:19 WARN  i.l.core.protocol.ConnectionWatchdog - Cannot reconnect to [measured-cowbird-128774.upstash.io/<unresolved>:6379]: Failed to resolve 'measured-cowbird-128774.upstash.io' [A(1)]
java.net.UnknownHostException: Failed to resolve 'measured-cowbird-128774.upstash.io' [A(1)]
	at io.netty.resolver.dns.DnsResolveContext.finishResolve(DnsResolveContext.java:1137)
	at io.netty.resolver.dns.DnsResolveContext.tryToFinishResolve(DnsResolveContext.java:1084)
	at io.netty.resolver.dns.DnsResolveContext.query(DnsResolveContext.java:443)
	at io.netty.resolver.dns.DnsResolveContext.access$700(DnsResolveContext.java:69)
	at io.netty.resolver.dns.DnsResolveContext$2.operationComplete(DnsResolveContext.java:512)
	at io.netty.util.concurrent.DefaultPromise.notifyListener0(DefaultPromise.java:604)
	at io.netty.util.concurrent.DefaultPromise.notifyListeners0(DefaultPromise.java:597)
	at io.netty.util.concurrent.DefaultPromise.notifyListenersNow(DefaultPromise.java:573)
	at io.netty.util.concurrent.DefaultPromise.notifyListeners(DefaultPromise.java:506)
	at io.netty.util.concurrent.DefaultPromise.setValue0(DefaultPromise.java:650)
	at io.netty.util.concurrent.DefaultPromise.setFailure0(DefaultPromise.java:643)
	at io.netty.util.concurrent.DefaultPromise.tryFailure(DefaultPromise.java:132)
	at io.netty.resolver.dns.DnsQueryContext.finishFailure(DnsQueryContext.java:346)
	at io.netty.resolver.dns.DnsQueryContext$4.run(DnsQueryContext.java:281)
	at io.netty.util.concurrent.PromiseTask.runTask(PromiseTask.java:98)
	at io.netty.util.concurrent.ScheduledFutureTask.run(ScheduledFutureTask.java:160)
	at io.netty.util.concurrent.AbstractEventExecutor.runTask(AbstractEventExecutor.java:148)
	at io.netty.util.concurrent.AbstractEventExecutor.safeExecute$$$capture(AbstractEventExecutor.java:141)
	at io.netty.util.concurrent.AbstractEventExecutor.safeExecute(AbstractEventExecutor.java)
	at io.netty.util.concurrent.SingleThreadEventExecutor.runAllTasks(SingleThreadEventExecutor.java:535)
	at io.netty.channel.SingleThreadIoEventLoop.run(SingleThreadIoEventLoop.java:201)
	at io.netty.util.concurrent.SingleThreadEventExecutor$5.run(SingleThreadEventExecutor.java:1195)
	at io.netty.util.internal.ThreadExecutorMap$2.run(ThreadExecutorMap.java:74)
	at io.netty.util.concurrent.FastThreadLocalRunnable.run(FastThreadLocalRunnable.java:30)
	at java.base/java.lang.Thread.run(Thread.java:1583)
Caused by: io.netty.resolver.dns.DnsNameResolverTimeoutException: [6431: /10.246.32.204:53] DefaultDnsQuestion(measured-cowbird-128774.upstash.io. IN A) query '6431' via UDP timed out after 5000 milliseconds (no stack trace available)
2026-08-05 14:16:49 INFO  i.l.core.protocol.ConnectionWatchdog - Reconnecting, last destination was measured-cowbird-128774.upstash.io/<unresolved>:6379
2026-08-05 14:16:54 WARN  i.l.core.protocol.ConnectionWatchdog - Cannot reconnect to [measured-cowbird-128774.upstash.io/<unresolved>:6379]: Failed to resolve 'measured-cowbird-128774.upstash.io' [A(1)]
java.net.UnknownHostException: Failed to resolve 'measured-cowbird-128774.upstash.io' [A(1)]
	at io.netty.resolver.dns.DnsResolveContext.finishResolve(DnsResolveContext.java:1137)
	at io.netty.resolver.dns.DnsResolveContext.tryToFinishResolve(DnsResolveContext.java:1084)
	at io.netty.resolver.dns.DnsResolveContext.query(DnsResolveContext.java:443)
	at io.netty.resolver.dns.DnsResolveContext.access$700(DnsResolveContext.java:69)
	at io.netty.resolver.dns.DnsResolveContext$2.operationComplete(DnsResolveContext.java:512)
	at io.netty.util.concurrent.DefaultPromise.notifyListener0(DefaultPromise.java:604)
	at io.netty.util.concurrent.DefaultPromise.notifyListeners0(DefaultPromise.java:597)
	at io.netty.util.concurrent.DefaultPromise.notifyListenersNow(DefaultPromise.java:573)
	at io.netty.util.concurrent.DefaultPromise.notifyListeners(DefaultPromise.java:506)
	at io.netty.util.concurrent.DefaultPromise.setValue0(DefaultPromise.java:650)
	at io.netty.util.concurrent.DefaultPromise.setFailure0(DefaultPromise.java:643)
	at io.netty.util.concurrent.DefaultPromise.tryFailure(DefaultPromise.java:132)
	at io.netty.resolver.dns.DnsQueryContext.finishFailure(DnsQueryContext.java:346)
	at io.netty.resolver.dns.DnsQueryContext$4.run(DnsQueryContext.java:281)
	at io.netty.util.concurrent.PromiseTask.runTask(PromiseTask.java:98)
	at io.netty.util.concurrent.ScheduledFutureTask.run(ScheduledFutureTask.java:160)
	at io.netty.util.concurrent.AbstractEventExecutor.runTask(AbstractEventExecutor.java:148)
	at io.netty.util.concurrent.AbstractEventExecutor.safeExecute$$$capture(AbstractEventExecutor.java:141)
	at io.netty.util.concurrent.AbstractEventExecutor.safeExecute(AbstractEventExecutor.java)
	at io.netty.util.concurrent.SingleThreadEventExecutor.runAllTasks(SingleThreadEventExecutor.java:535)
	at io.netty.channel.SingleThreadIoEventLoop.run(SingleThreadIoEventLoop.java:201)
	at io.netty.util.concurrent.SingleThreadEventExecutor$5.run(SingleThreadEventExecutor.java:1195)
	at io.netty.util.internal.ThreadExecutorMap$2.run(ThreadExecutorMap.java:74)
	at io.netty.util.concurrent.FastThreadLocalRunnable.run(FastThreadLocalRunnable.java:30)
	at java.base/java.lang.Thread.run(Thread.java:1583)
Caused by: io.netty.resolver.dns.DnsNameResolverTimeoutException: [12455: /10.246.32.204:53] DefaultDnsQuestion(measured-cowbird-128774.upstash.io. IN A) query '12455' via UDP timed out after 5000 milliseconds (no stack trace available)
2026-08-05 14:17:24 INFO  i.l.core.protocol.ConnectionWatchdog - Reconnecting, last destination was measured-cowbird-128774.upstash.io/<unresolved>:6379
2026-08-05 14:17:29 WARN  i.l.core.protocol.ConnectionWatchdog - Cannot reconnect to [measured-cowbird-128774.upstash.io/<unresolved>:6379]: Failed to resolve 'measured-cowbird-128774.upstash.io' [A(1)]
java.net.UnknownHostException: Failed to resolve 'measured-cowbird-128774.upstash.io' [A(1)]
	at io.netty.resolver.dns.DnsResolveContext.finishResolve(DnsResolveContext.java:1137)
	at io.netty.resolver.dns.DnsResolveContext.tryToFinishResolve(DnsResolveContext.java:1084)
	at io.netty.resolver.dns.DnsResolveContext.query(DnsResolveContext.java:443)
	at io.netty.resolver.dns.DnsResolveContext.access$700(DnsResolveContext.java:69)
	at io.netty.resolver.dns.DnsResolveContext$2.operationComplete(DnsResolveContext.java:512)
	at io.netty.util.concurrent.DefaultPromise.notifyListener0(DefaultPromise.java:604)
	at io.netty.util.concurrent.DefaultPromise.notifyListeners0(DefaultPromise.java:597)
	at io.netty.util.concurrent.DefaultPromise.notifyListenersNow(DefaultPromise.java:573)
	at io.netty.util.concurrent.DefaultPromise.notifyListeners(DefaultPromise.java:506)
	at io.netty.util.concurrent.DefaultPromise.setValue0(DefaultPromise.java:650)
	at io.netty.util.concurrent.DefaultPromise.setFailure0(DefaultPromise.java:643)
	at io.netty.util.concurrent.DefaultPromise.tryFailure(DefaultPromise.java:132)
	at io.netty.resolver.dns.DnsQueryContext.finishFailure(DnsQueryContext.java:346)
	at io.netty.resolver.dns.DnsQueryContext$4.run(DnsQueryContext.java:281)
	at io.netty.util.concurrent.PromiseTask.runTask(PromiseTask.java:98)
	at io.netty.util.concurrent.ScheduledFutureTask.run(ScheduledFutureTask.java:160)
	at io.netty.util.concurrent.AbstractEventExecutor.runTask(AbstractEventExecutor.java:148)
	at io.netty.util.concurrent.AbstractEventExecutor.safeExecute$$$capture(AbstractEventExecutor.java:141)
	at io.netty.util.concurrent.AbstractEventExecutor.safeExecute(AbstractEventExecutor.java)
	at io.netty.util.concurrent.SingleThreadEventExecutor.runAllTasks(SingleThreadEventExecutor.java:535)
	at io.netty.channel.SingleThreadIoEventLoop.run(SingleThreadIoEventLoop.java:201)
	at io.netty.util.concurrent.SingleThreadEventExecutor$5.run(SingleThreadEventExecutor.java:1195)
	at io.netty.util.internal.ThreadExecutorMap$2.run(ThreadExecutorMap.java:74)
	at io.netty.util.concurrent.FastThreadLocalRunnable.run(FastThreadLocalRunnable.java:30)
	at java.base/java.lang.Thread.run(Thread.java:1583)
Caused by: io.netty.resolver.dns.DnsNameResolverTimeoutException: [5156: /10.246.32.204:53] DefaultDnsQuestion(measured-cowbird-128774.upstash.io. IN A) query '5156' via UDP timed out after 5000 milliseconds (no stack trace available)
2026-08-05 14:17:59 INFO  i.l.core.protocol.ConnectionWatchdog - Reconnecting, last destination was measured-cowbird-128774.upstash.io/<unresolved>:6379
2026-08-05 14:18:04 WARN  i.l.core.protocol.ConnectionWatchdog - Cannot reconnect to [measured-cowbird-128774.upstash.io/<unresolved>:6379]: Failed to resolve 'measured-cowbird-128774.upstash.io' [A(1)]
java.net.UnknownHostException: Failed to resolve 'measured-cowbird-128774.upstash.io' [A(1)]
	at io.netty.resolver.dns.DnsResolveContext.finishResolve(DnsResolveContext.java:1137)
	at io.netty.resolver.dns.DnsResolveContext.tryToFinishResolve(DnsResolveContext.java:1084)
	at io.netty.resolver.dns.DnsResolveContext.query(DnsResolveContext.java:443)
	at io.netty.resolver.dns.DnsResolveContext.access$700(DnsResolveContext.java:69)
	at io.netty.resolver.dns.DnsResolveContext$2.operationComplete(DnsResolveContext.java:512)
	at io.netty.util.concurrent.DefaultPromise.notifyListener0(DefaultPromise.java:604)
	at io.netty.util.concurrent.DefaultPromise.notifyListeners0(DefaultPromise.java:597)
	at io.netty.util.concurrent.DefaultPromise.notifyListenersNow(DefaultPromise.java:573)
	at io.netty.util.concurrent.DefaultPromise.notifyListeners(DefaultPromise.java:506)
	at io.netty.util.concurrent.DefaultPromise.setValue0(DefaultPromise.java:650)
	at io.netty.util.concurrent.DefaultPromise.setFailure0(DefaultPromise.java:643)
	at io.netty.util.concurrent.DefaultPromise.tryFailure(DefaultPromise.java:132)
	at io.netty.resolver.dns.DnsQueryContext.finishFailure(DnsQueryContext.java:346)
	at io.netty.resolver.dns.DnsQueryContext$4.run(DnsQueryContext.java:281)
	at io.netty.util.concurrent.PromiseTask.runTask(PromiseTask.java:98)
	at io.netty.util.concurrent.ScheduledFutureTask.run(ScheduledFutureTask.java:160)
	at io.netty.util.concurrent.AbstractEventExecutor.runTask(AbstractEventExecutor.java:148)
	at io.netty.util.concurrent.AbstractEventExecutor.safeExecute$$$capture(AbstractEventExecutor.java:141)
	at io.netty.util.concurrent.AbstractEventExecutor.safeExecute(AbstractEventExecutor.java)
	at io.netty.util.concurrent.SingleThreadEventExecutor.runAllTasks(SingleThreadEventExecutor.java:535)
	at io.netty.channel.SingleThreadIoEventLoop.run(SingleThreadIoEventLoop.java:201)
	at io.netty.util.concurrent.SingleThreadEventExecutor$5.run(SingleThreadEventExecutor.java:1195)
	at io.netty.util.internal.ThreadExecutorMap$2.run(ThreadExecutorMap.java:74)
	at io.netty.util.concurrent.FastThreadLocalRunnable.run(FastThreadLocalRunnable.java:30)
	at java.base/java.lang.Thread.run(Thread.java:1583)
Caused by: io.netty.resolver.dns.DnsNameResolverTimeoutException: [14218: /10.246.32.204:53] DefaultDnsQuestion(measured-cowbird-128774.upstash.io. IN A) query '14218' via UDP timed out after 5000 milliseconds (no stack trace available)
2026-08-05 14:18:34 INFO  i.l.core.protocol.ConnectionWatchdog - Reconnecting, last destination was measured-cowbird-128774.upstash.io/<unresolved>:6379
2026-08-05 14:18:39 WARN  i.l.core.protocol.ConnectionWatchdog - Cannot reconnect to [measured-cowbird-128774.upstash.io/<unresolved>:6379]: Failed to resolve 'measured-cowbird-128774.upstash.io' [A(1)]
java.net.UnknownHostException: Failed to resolve 'measured-cowbird-128774.upstash.io' [A(1)]
	at io.netty.resolver.dns.DnsResolveContext.finishResolve(DnsResolveContext.java:1137)
	at io.netty.resolver.dns.DnsResolveContext.tryToFinishResolve(DnsResolveContext.java:1084)
	at io.netty.resolver.dns.DnsResolveContext.query(DnsResolveContext.java:443)
	at io.netty.resolver.dns.DnsResolveContext.access$700(DnsResolveContext.java:69)
	at io.netty.resolver.dns.DnsResolveContext$2.operationComplete(DnsResolveContext.java:512)
	at io.netty.util.concurrent.DefaultPromise.notifyListener0(DefaultPromise.java:604)
	at io.netty.util.concurrent.DefaultPromise.notifyListeners0(DefaultPromise.java:597)
	at io.netty.util.concurrent.DefaultPromise.notifyListenersNow(DefaultPromise.java:573)
	at io.netty.util.concurrent.DefaultPromise.notifyListeners(DefaultPromise.java:506)
	at io.netty.util.concurrent.DefaultPromise.setValue0(DefaultPromise.java:650)
	at io.netty.util.concurrent.DefaultPromise.setFailure0(DefaultPromise.java:643)
	at io.netty.util.concurrent.DefaultPromise.tryFailure(DefaultPromise.java:132)
	at io.netty.resolver.dns.DnsQueryContext.finishFailure(DnsQueryContext.java:346)
	at io.netty.resolver.dns.DnsQueryContext$4.run(DnsQueryContext.java:281)
	at io.netty.util.concurrent.PromiseTask.runTask(PromiseTask.java:98)
	at io.netty.util.concurrent.ScheduledFutureTask.run(ScheduledFutureTask.java:160)
	at io.netty.util.concurrent.AbstractEventExecutor.runTask(AbstractEventExecutor.java:148)
	at io.netty.util.concurrent.AbstractEventExecutor.safeExecute$$$capture(AbstractEventExecutor.java:141)
	at io.netty.util.concurrent.AbstractEventExecutor.safeExecute(AbstractEventExecutor.java)
	at io.netty.util.concurrent.SingleThreadEventExecutor.runAllTasks(SingleThreadEventExecutor.java:535)
	at io.netty.channel.SingleThreadIoEventLoop.run(SingleThreadIoEventLoop.java:201)
	at io.netty.util.concurrent.SingleThreadEventExecutor$5.run(SingleThreadEventExecutor.java:1195)
	at io.netty.util.internal.ThreadExecutorMap$2.run(ThreadExecutorMap.java:74)
	at io.netty.util.concurrent.FastThreadLocalRunnable.run(FastThreadLocalRunnable.java:30)
	at java.base/java.lang.Thread.run(Thread.java:1583)
Caused by: io.netty.resolver.dns.DnsNameResolverTimeoutException: [2041: /10.246.32.204:53] DefaultDnsQuestion(measured-cowbird-128774.upstash.io. IN A) query '2041' via UDP timed out after 5000 milliseconds (no stack trace available)
2026-08-05 14:19:09 INFO  i.l.core.protocol.ConnectionWatchdog - Reconnecting, last destination was measured-cowbird-128774.upstash.io/<unresolved>:6379
2026-08-05 14:19:14 WARN  i.l.core.protocol.ConnectionWatchdog - Cannot reconnect to [measured-cowbird-128774.upstash.io/<unresolved>:6379]: Failed to resolve 'measured-cowbird-128774.upstash.io' [A(1)]
java.net.UnknownHostException: Failed to resolve 'measured-cowbird-128774.upstash.io' [A(1)]
	at io.netty.resolver.dns.DnsResolveContext.finishResolve(DnsResolveContext.java:1137)
	at io.netty.resolver.dns.DnsResolveContext.tryToFinishResolve(DnsResolveContext.java:1084)
	at io.netty.resolver.dns.DnsResolveContext.query(DnsResolveContext.java:443)
	at io.netty.resolver.dns.DnsResolveContext.access$700(DnsResolveContext.java:69)
	at io.netty.resolver.dns.DnsResolveContext$2.operationComplete(DnsResolveContext.java:512)
	at io.netty.util.concurrent.DefaultPromise.notifyListener0(DefaultPromise.java:604)
	at io.netty.util.concurrent.DefaultPromise.notifyListeners0(DefaultPromise.java:597)
	at io.netty.util.concurrent.DefaultPromise.notifyListenersNow(DefaultPromise.java:573)
	at io.netty.util.concurrent.DefaultPromise.notifyListeners(DefaultPromise.java:506)
	at io.netty.util.concurrent.DefaultPromise.setValue0(DefaultPromise.java:650)
	at io.netty.util.concurrent.DefaultPromise.setFailure0(DefaultPromise.java:643)
	at io.netty.util.concurrent.DefaultPromise.tryFailure(DefaultPromise.java:132)
	at io.netty.resolver.dns.DnsQueryContext.finishFailure(DnsQueryContext.java:346)
	at io.netty.resolver.dns.DnsQueryContext$4.run(DnsQueryContext.java:281)
	at io.netty.util.concurrent.PromiseTask.runTask(PromiseTask.java:98)
	at io.netty.util.concurrent.ScheduledFutureTask.run(ScheduledFutureTask.java:160)
	at io.netty.util.concurrent.AbstractEventExecutor.runTask(AbstractEventExecutor.java:148)
	at io.netty.util.concurrent.AbstractEventExecutor.safeExecute$$$capture(AbstractEventExecutor.java:141)
	at io.netty.util.concurrent.AbstractEventExecutor.safeExecute(AbstractEventExecutor.java)
	at io.netty.util.concurrent.SingleThreadEventExecutor.runAllTasks(SingleThreadEventExecutor.java:535)
	at io.netty.channel.SingleThreadIoEventLoop.run(SingleThreadIoEventLoop.java:201)
	at io.netty.util.concurrent.SingleThreadEventExecutor$5.run(SingleThreadEventExecutor.java:1195)
	at io.netty.util.internal.ThreadExecutorMap$2.run(ThreadExecutorMap.java:74)
	at io.netty.util.concurrent.FastThreadLocalRunnable.run(FastThreadLocalRunnable.java:30)
	at java.base/java.lang.Thread.run(Thread.java:1583)
Caused by: io.netty.resolver.dns.DnsNameResolverTimeoutException: [8142: /10.246.32.204:53] DefaultDnsQuestion(measured-cowbird-128774.upstash.io. IN A) query '8142' via UDP timed out after 5000 milliseconds (no stack trace available)
2026-08-05 14:19:44 INFO  i.l.core.protocol.ConnectionWatchdog - Reconnecting, last destination was measured-cowbird-128774.upstash.io/<unresolved>:6379
2026-08-05 14:19:49 WARN  i.l.core.protocol.ConnectionWatchdog - Cannot reconnect to [measured-cowbird-128774.upstash.io/<unresolved>:6379]: Failed to resolve 'measured-cowbird-128774.upstash.io' [A(1)]
java.net.UnknownHostException: Failed to resolve 'measured-cowbird-128774.upstash.io' [A(1)]
	at io.netty.resolver.dns.DnsResolveContext.finishResolve(DnsResolveContext.java:1137)
	at io.netty.resolver.dns.DnsResolveContext.tryToFinishResolve(DnsResolveContext.java:1084)
	at io.netty.resolver.dns.DnsResolveContext.query(DnsResolveContext.java:443)
	at io.netty.resolver.dns.DnsResolveContext.access$700(DnsResolveContext.java:69)
	at io.netty.resolver.dns.DnsResolveContext$2.operationComplete(DnsResolveContext.java:512)
	at io.netty.util.concurrent.DefaultPromise.notifyListener0(DefaultPromise.java:604)
	at io.netty.util.concurrent.DefaultPromise.notifyListeners0(DefaultPromise.java:597)
	at io.netty.util.concurrent.DefaultPromise.notifyListenersNow(DefaultPromise.java:573)
	at io.netty.util.concurrent.DefaultPromise.notifyListeners(DefaultPromise.java:506)
	at io.netty.util.concurrent.DefaultPromise.setValue0(DefaultPromise.java:650)
	at io.netty.util.concurrent.DefaultPromise.setFailure0(DefaultPromise.java:643)
	at io.netty.util.concurrent.DefaultPromise.tryFailure(DefaultPromise.java:132)
	at io.netty.resolver.dns.DnsQueryContext.finishFailure(DnsQueryContext.java:346)
	at io.netty.resolver.dns.DnsQueryContext$4.run(DnsQueryContext.java:281)
	at io.netty.util.concurrent.PromiseTask.runTask(PromiseTask.java:98)
	at io.netty.util.concurrent.ScheduledFutureTask.run(ScheduledFutureTask.java:160)
	at io.netty.util.concurrent.AbstractEventExecutor.runTask(AbstractEventExecutor.java:148)
	at io.netty.util.concurrent.AbstractEventExecutor.safeExecute$$$capture(AbstractEventExecutor.java:141)
	at io.netty.util.concurrent.AbstractEventExecutor.safeExecute(AbstractEventExecutor.java)
	at io.netty.util.concurrent.SingleThreadEventExecutor.runAllTasks(SingleThreadEventExecutor.java:535)
	at io.netty.channel.SingleThreadIoEventLoop.run(SingleThreadIoEventLoop.java:201)
	at io.netty.util.concurrent.SingleThreadEventExecutor$5.run(SingleThreadEventExecutor.java:1195)
	at io.netty.util.internal.ThreadExecutorMap$2.run(ThreadExecutorMap.java:74)
	at io.netty.util.concurrent.FastThreadLocalRunnable.run(FastThreadLocalRunnable.java:30)
	at java.base/java.lang.Thread.run(Thread.java:1583)
Caused by: io.netty.resolver.dns.DnsNameResolverTimeoutException: [2452: /10.246.32.204:53] DefaultDnsQuestion(measured-cowbird-128774.upstash.io. IN A) query '2452' via UDP timed out after 5000 milliseconds (no stack trace available)
2026-08-05 14:20:19 INFO  i.l.core.protocol.ConnectionWatchdog - Reconnecting, last destination was measured-cowbird-128774.upstash.io/<unresolved>:6379
2026-08-05 14:20:24 WARN  i.l.core.protocol.ConnectionWatchdog - Cannot reconnect to [measured-cowbird-128774.upstash.io/<unresolved>:6379]: Failed to resolve 'measured-cowbird-128774.upstash.io' [A(1)]
java.net.UnknownHostException: Failed to resolve 'measured-cowbird-128774.upstash.io' [A(1)]
	at io.netty.resolver.dns.DnsResolveContext.finishResolve(DnsResolveContext.java:1137)
	at io.netty.resolver.dns.DnsResolveContext.tryToFinishResolve(DnsResolveContext.java:1084)
	at io.netty.resolver.dns.DnsResolveContext.query(DnsResolveContext.java:443)
	at io.netty.resolver.dns.DnsResolveContext.access$700(DnsResolveContext.java:69)
	at io.netty.resolver.dns.DnsResolveContext$2.operationComplete(DnsResolveContext.java:512)
	at io.netty.util.concurrent.DefaultPromise.notifyListener0(DefaultPromise.java:604)
	at io.netty.util.concurrent.DefaultPromise.notifyListeners0(DefaultPromise.java:597)
	at io.netty.util.concurrent.DefaultPromise.notifyListenersNow(DefaultPromise.java:573)
	at io.netty.util.concurrent.DefaultPromise.notifyListeners(DefaultPromise.java:506)
	at io.netty.util.concurrent.DefaultPromise.setValue0(DefaultPromise.java:650)
	at io.netty.util.concurrent.DefaultPromise.setFailure0(DefaultPromise.java:643)
	at io.netty.util.concurrent.DefaultPromise.tryFailure(DefaultPromise.java:132)
	at io.netty.resolver.dns.DnsQueryContext.finishFailure(DnsQueryContext.java:346)
	at io.netty.resolver.dns.DnsQueryContext$4.run(DnsQueryContext.java:281)
	at io.netty.util.concurrent.PromiseTask.runTask(PromiseTask.java:98)
	at io.netty.util.concurrent.ScheduledFutureTask.run(ScheduledFutureTask.java:160)
	at io.netty.util.concurrent.AbstractEventExecutor.runTask(AbstractEventExecutor.java:148)
	at io.netty.util.concurrent.AbstractEventExecutor.safeExecute$$$capture(AbstractEventExecutor.java:141)
	at io.netty.util.concurrent.AbstractEventExecutor.safeExecute(AbstractEventExecutor.java)
	at io.netty.util.concurrent.SingleThreadEventExecutor.runAllTasks(SingleThreadEventExecutor.java:535)
	at io.netty.channel.SingleThreadIoEventLoop.run(SingleThreadIoEventLoop.java:201)
	at io.netty.util.concurrent.SingleThreadEventExecutor$5.run(SingleThreadEventExecutor.java:1195)
	at io.netty.util.internal.ThreadExecutorMap$2.run(ThreadExecutorMap.java:74)
	at io.netty.util.concurrent.FastThreadLocalRunnable.run(FastThreadLocalRunnable.java:30)
	at java.base/java.lang.Thread.run(Thread.java:1583)
Caused by: io.netty.resolver.dns.DnsNameResolverTimeoutException: [2789: /10.246.32.204:53] DefaultDnsQuestion(measured-cowbird-128774.upstash.io. IN A) query '2789' via UDP timed out after 5000 milliseconds (no stack trace available)
2026-08-05 14:20:54 INFO  i.l.core.protocol.ConnectionWatchdog - Reconnecting, last destination was measured-cowbird-128774.upstash.io/<unresolved>:6379
2026-08-05 14:20:59 WARN  i.l.core.protocol.ConnectionWatchdog - Cannot reconnect to [measured-cowbird-128774.upstash.io/<unresolved>:6379]: Failed to resolve 'measured-cowbird-128774.upstash.io' [A(1)]
java.net.UnknownHostException: Failed to resolve 'measured-cowbird-128774.upstash.io' [A(1)]
	at io.netty.resolver.dns.DnsResolveContext.finishResolve(DnsResolveContext.java:1137)
	at io.netty.resolver.dns.DnsResolveContext.tryToFinishResolve(DnsResolveContext.java:1084)
	at io.netty.resolver.dns.DnsResolveContext.query(DnsResolveContext.java:443)
	at io.netty.resolver.dns.DnsResolveContext.access$700(DnsResolveContext.java:69)
	at io.netty.resolver.dns.DnsResolveContext$2.operationComplete(DnsResolveContext.java:512)
	at io.netty.util.concurrent.DefaultPromise.notifyListener0(DefaultPromise.java:604)
	at io.netty.util.concurrent.DefaultPromise.notifyListeners0(DefaultPromise.java:597)
	at io.netty.util.concurrent.DefaultPromise.notifyListenersNow(DefaultPromise.java:573)
	at io.netty.util.concurrent.DefaultPromise.notifyListeners(DefaultPromise.java:506)
	at io.netty.util.concurrent.DefaultPromise.setValue0(DefaultPromise.java:650)
	at io.netty.util.concurrent.DefaultPromise.setFailure0(DefaultPromise.java:643)
	at io.netty.util.concurrent.DefaultPromise.tryFailure(DefaultPromise.java:132)
	at io.netty.resolver.dns.DnsQueryContext.finishFailure(DnsQueryContext.java:346)
	at io.netty.resolver.dns.DnsQueryContext$4.run(DnsQueryContext.java:281)
	at io.netty.util.concurrent.PromiseTask.runTask(PromiseTask.java:98)
	at io.netty.util.concurrent.ScheduledFutureTask.run(ScheduledFutureTask.java:160)
	at io.netty.util.concurrent.AbstractEventExecutor.runTask(AbstractEventExecutor.java:148)
	at io.netty.util.concurrent.AbstractEventExecutor.safeExecute$$$capture(AbstractEventExecutor.java:141)
	at io.netty.util.concurrent.AbstractEventExecutor.safeExecute(AbstractEventExecutor.java)
	at io.netty.util.concurrent.SingleThreadEventExecutor.runAllTasks(SingleThreadEventExecutor.java:535)
	at io.netty.channel.SingleThreadIoEventLoop.run(SingleThreadIoEventLoop.java:201)
	at io.netty.util.concurrent.SingleThreadEventExecutor$5.run(SingleThreadEventExecutor.java:1195)
	at io.netty.util.internal.ThreadExecutorMap$2.run(ThreadExecutorMap.java:74)
	at io.netty.util.concurrent.FastThreadLocalRunnable.run(FastThreadLocalRunnable.java:30)
	at java.base/java.lang.Thread.run(Thread.java:1583)
Caused by: io.netty.resolver.dns.DnsNameResolverTimeoutException: [9113: /10.246.32.204:53] DefaultDnsQuestion(measured-cowbird-128774.upstash.io. IN A) query '9113' via UDP timed out after 5000 milliseconds (no stack trace available)
2026-08-05 14:21:30 INFO  i.l.core.protocol.ConnectionWatchdog - Reconnecting, last destination was measured-cowbird-128774.upstash.io/<unresolved>:6379
2026-08-05 14:21:35 WARN  i.l.core.protocol.ConnectionWatchdog - Cannot reconnect to [measured-cowbird-128774.upstash.io/<unresolved>:6379]: Failed to resolve 'measured-cowbird-128774.upstash.io' [A(1)]
java.net.UnknownHostException: Failed to resolve 'measured-cowbird-128774.upstash.io' [A(1)]
	at io.netty.resolver.dns.DnsResolveContext.finishResolve(DnsResolveContext.java:1137)
	at io.netty.resolver.dns.DnsResolveContext.tryToFinishResolve(DnsResolveContext.java:1084)
	at io.netty.resolver.dns.DnsResolveContext.query(DnsResolveContext.java:443)
	at io.netty.resolver.dns.DnsResolveContext.access$700(DnsResolveContext.java:69)
	at io.netty.resolver.dns.DnsResolveContext$2.operationComplete(DnsResolveContext.java:512)
	at io.netty.util.concurrent.DefaultPromise.notifyListener0(DefaultPromise.java:604)
	at io.netty.util.concurrent.DefaultPromise.notifyListeners0(DefaultPromise.java:597)
	at io.netty.util.concurrent.DefaultPromise.notifyListenersNow(DefaultPromise.java:573)
	at io.netty.util.concurrent.DefaultPromise.notifyListeners(DefaultPromise.java:506)
	at io.netty.util.concurrent.DefaultPromise.setValue0(DefaultPromise.java:650)
	at io.netty.util.concurrent.DefaultPromise.setFailure0(DefaultPromise.java:643)
	at io.netty.util.concurrent.DefaultPromise.tryFailure(DefaultPromise.java:132)
	at io.netty.resolver.dns.DnsQueryContext.finishFailure(DnsQueryContext.java:346)
	at io.netty.resolver.dns.DnsQueryContext$4.run(DnsQueryContext.java:281)
	at io.netty.util.concurrent.PromiseTask.runTask(PromiseTask.java:98)
	at io.netty.util.concurrent.ScheduledFutureTask.run(ScheduledFutureTask.java:160)
	at io.netty.util.concurrent.AbstractEventExecutor.runTask(AbstractEventExecutor.java:148)
	at io.netty.util.concurrent.AbstractEventExecutor.safeExecute$$$capture(AbstractEventExecutor.java:141)
	at io.netty.util.concurrent.AbstractEventExecutor.safeExecute(AbstractEventExecutor.java)
	at io.netty.util.concurrent.SingleThreadEventExecutor.runAllTasks(SingleThreadEventExecutor.java:535)
	at io.netty.channel.SingleThreadIoEventLoop.run(SingleThreadIoEventLoop.java:201)
	at io.netty.util.concurrent.SingleThreadEventExecutor$5.run(SingleThreadEventExecutor.java:1195)
	at io.netty.util.internal.ThreadExecutorMap$2.run(ThreadExecutorMap.java:74)
	at io.netty.util.concurrent.FastThreadLocalRunnable.run(FastThreadLocalRunnable.java:30)
	at java.base/java.lang.Thread.run(Thread.java:1583)
Caused by: io.netty.resolver.dns.DnsNameResolverTimeoutException: [6967: /10.246.32.204:53] DefaultDnsQuestion(measured-cowbird-128774.upstash.io. IN A) query '6967' via UDP timed out after 5000 milliseconds (no stack trace available)
2026-08-05 14:22:05 INFO  i.l.core.protocol.ConnectionWatchdog - Reconnecting, last destination was measured-cowbird-128774.upstash.io/<unresolved>:6379
2026-08-05 14:22:10 WARN  i.l.core.protocol.ConnectionWatchdog - Cannot reconnect to [measured-cowbird-128774.upstash.io/<unresolved>:6379]: Failed to resolve 'measured-cowbird-128774.upstash.io' [A(1)]
java.net.UnknownHostException: Failed to resolve 'measured-cowbird-128774.upstash.io' [A(1)]
	at io.netty.resolver.dns.DnsResolveContext.finishResolve(DnsResolveContext.java:1137)
	at io.netty.resolver.dns.DnsResolveContext.tryToFinishResolve(DnsResolveContext.java:1084)
	at io.netty.resolver.dns.DnsResolveContext.query(DnsResolveContext.java:443)
	at io.netty.resolver.dns.DnsResolveContext.access$700(DnsResolveContext.java:69)
	at io.netty.resolver.dns.DnsResolveContext$2.operationComplete(DnsResolveContext.java:512)
	at io.netty.util.concurrent.DefaultPromise.notifyListener0(DefaultPromise.java:604)
	at io.netty.util.concurrent.DefaultPromise.notifyListeners0(DefaultPromise.java:597)
	at io.netty.util.concurrent.DefaultPromise.notifyListenersNow(DefaultPromise.java:573)
	at io.netty.util.concurrent.DefaultPromise.notifyListeners(DefaultPromise.java:506)
	at io.netty.util.concurrent.DefaultPromise.setValue0(DefaultPromise.java:650)
	at io.netty.util.concurrent.DefaultPromise.setFailure0(DefaultPromise.java:643)
	at io.netty.util.concurrent.DefaultPromise.tryFailure(DefaultPromise.java:132)
	at io.netty.resolver.dns.DnsQueryContext.finishFailure(DnsQueryContext.java:346)
	at io.netty.resolver.dns.DnsQueryContext$4.run(DnsQueryContext.java:281)
	at io.netty.util.concurrent.PromiseTask.runTask(PromiseTask.java:98)
	at io.netty.util.concurrent.ScheduledFutureTask.run(ScheduledFutureTask.java:160)
	at io.netty.util.concurrent.AbstractEventExecutor.runTask(AbstractEventExecutor.java:148)
	at io.netty.util.concurrent.AbstractEventExecutor.safeExecute$$$capture(AbstractEventExecutor.java:141)
	at io.netty.util.concurrent.AbstractEventExecutor.safeExecute(AbstractEventExecutor.java)
	at io.netty.util.concurrent.SingleThreadEventExecutor.runAllTasks(SingleThreadEventExecutor.java:535)
	at io.netty.channel.SingleThreadIoEventLoop.run(SingleThreadIoEventLoop.java:201)
	at io.netty.util.concurrent.SingleThreadEventExecutor$5.run(SingleThreadEventExecutor.java:1195)
	at io.netty.util.internal.ThreadExecutorMap$2.run(ThreadExecutorMap.java:74)
	at io.netty.util.concurrent.FastThreadLocalRunnable.run(FastThreadLocalRunnable.java:30)
	at java.base/java.lang.Thread.run(Thread.java:1583)
Caused by: io.netty.resolver.dns.DnsNameResolverTimeoutException: [14728: /10.246.32.204:53] DefaultDnsQuestion(measured-cowbird-128774.upstash.io. IN A) query '14728' via UDP timed out after 5000 milliseconds (no stack trace available)
2026-08-05 14:22:40 INFO  i.l.core.protocol.ConnectionWatchdog - Reconnecting, last destination was measured-cowbird-128774.upstash.io/<unresolved>:6379
2026-08-05 14:22:45 WARN  i.l.core.protocol.ConnectionWatchdog - Cannot reconnect to [measured-cowbird-128774.upstash.io/<unresolved>:6379]: Failed to resolve 'measured-cowbird-128774.upstash.io' [A(1)]
java.net.UnknownHostException: Failed to resolve 'measured-cowbird-128774.upstash.io' [A(1)]
	at io.netty.resolver.dns.DnsResolveContext.finishResolve(DnsResolveContext.java:1137)
	at io.netty.resolver.dns.DnsResolveContext.tryToFinishResolve(DnsResolveContext.java:1084)
	at io.netty.resolver.dns.DnsResolveContext.query(DnsResolveContext.java:443)
	at io.netty.resolver.dns.DnsResolveContext.access$700(DnsResolveContext.java:69)
	at io.netty.resolver.dns.DnsResolveContext$2.operationComplete(DnsResolveContext.java:512)
	at io.netty.util.concurrent.DefaultPromise.notifyListener0(DefaultPromise.java:604)
	at io.netty.util.concurrent.DefaultPromise.notifyListeners0(DefaultPromise.java:597)
	at io.netty.util.concurrent.DefaultPromise.notifyListenersNow(DefaultPromise.java:573)
	at io.netty.util.concurrent.DefaultPromise.notifyListeners(DefaultPromise.java:506)
	at io.netty.util.concurrent.DefaultPromise.setValue0(DefaultPromise.java:650)
	at io.netty.util.concurrent.DefaultPromise.setFailure0(DefaultPromise.java:643)
	at io.netty.util.concurrent.DefaultPromise.tryFailure(DefaultPromise.java:132)
	at io.netty.resolver.dns.DnsQueryContext.finishFailure(DnsQueryContext.java:346)
	at io.netty.resolver.dns.DnsQueryContext$4.run(DnsQueryContext.java:281)
	at io.netty.util.concurrent.PromiseTask.runTask(PromiseTask.java:98)
	at io.netty.util.concurrent.ScheduledFutureTask.run(ScheduledFutureTask.java:160)
	at io.netty.util.concurrent.AbstractEventExecutor.runTask(AbstractEventExecutor.java:148)
	at io.netty.util.concurrent.AbstractEventExecutor.safeExecute$$$capture(AbstractEventExecutor.java:141)
	at io.netty.util.concurrent.AbstractEventExecutor.safeExecute(AbstractEventExecutor.java)
	at io.netty.util.concurrent.SingleThreadEventExecutor.runAllTasks(SingleThreadEventExecutor.java:535)
	at io.netty.channel.SingleThreadIoEventLoop.run(SingleThreadIoEventLoop.java:201)
	at io.netty.util.concurrent.SingleThreadEventExecutor$5.run(SingleThreadEventExecutor.java:1195)
	at io.netty.util.internal.ThreadExecutorMap$2.run(ThreadExecutorMap.java:74)
	at io.netty.util.concurrent.FastThreadLocalRunnable.run(FastThreadLocalRunnable.java:30)
	at java.base/java.lang.Thread.run(Thread.java:1583)
Caused by: io.netty.resolver.dns.DnsNameResolverTimeoutException: [12147: /10.246.32.204:53] DefaultDnsQuestion(measured-cowbird-128774.upstash.io. IN A) query '12147' via UDP timed out after 5000 milliseconds (no stack trace available)
2026-08-05 14:23:15 INFO  i.l.core.protocol.ConnectionWatchdog - Reconnecting, last destination was measured-cowbird-128774.upstash.io/<unresolved>:6379
2026-08-05 14:23:20 WARN  i.l.core.protocol.ConnectionWatchdog - Cannot reconnect to [measured-cowbird-128774.upstash.io/<unresolved>:6379]: Failed to resolve 'measured-cowbird-128774.upstash.io' [A(1)]
java.net.UnknownHostException: Failed to resolve 'measured-cowbird-128774.upstash.io' [A(1)]
	at io.netty.resolver.dns.DnsResolveContext.finishResolve(DnsResolveContext.java:1137)
	at io.netty.resolver.dns.DnsResolveContext.tryToFinishResolve(DnsResolveContext.java:1084)
	at io.netty.resolver.dns.DnsResolveContext.query(DnsResolveContext.java:443)
	at io.netty.resolver.dns.DnsResolveContext.access$700(DnsResolveContext.java:69)
	at io.netty.resolver.dns.DnsResolveContext$2.operationComplete(DnsResolveContext.java:512)
	at io.netty.util.concurrent.DefaultPromise.notifyListener0(DefaultPromise.java:604)
	at io.netty.util.concurrent.DefaultPromise.notifyListeners0(DefaultPromise.java:597)
	at io.netty.util.concurrent.DefaultPromise.notifyListenersNow(DefaultPromise.java:573)
	at io.netty.util.concurrent.DefaultPromise.notifyListeners(DefaultPromise.java:506)
	at io.netty.util.concurrent.DefaultPromise.setValue0(DefaultPromise.java:650)
	at io.netty.util.concurrent.DefaultPromise.setFailure0(DefaultPromise.java:643)
	at io.netty.util.concurrent.DefaultPromise.tryFailure(DefaultPromise.java:132)
	at io.netty.resolver.dns.DnsQueryContext.finishFailure(DnsQueryContext.java:346)
	at io.netty.resolver.dns.DnsQueryContext$4.run(DnsQueryContext.java:281)
	at io.netty.util.concurrent.PromiseTask.runTask(PromiseTask.java:98)
	at io.netty.util.concurrent.ScheduledFutureTask.run(ScheduledFutureTask.java:160)
	at io.netty.util.concurrent.AbstractEventExecutor.runTask(AbstractEventExecutor.java:148)
	at io.netty.util.concurrent.AbstractEventExecutor.safeExecute$$$capture(AbstractEventExecutor.java:141)
	at io.netty.util.concurrent.AbstractEventExecutor.safeExecute(AbstractEventExecutor.java)
	at io.netty.util.concurrent.SingleThreadEventExecutor.runAllTasks(SingleThreadEventExecutor.java:535)
	at io.netty.channel.SingleThreadIoEventLoop.run(SingleThreadIoEventLoop.java:201)
	at io.netty.util.concurrent.SingleThreadEventExecutor$5.run(SingleThreadEventExecutor.java:1195)
	at io.netty.util.internal.ThreadExecutorMap$2.run(ThreadExecutorMap.java:74)
	at io.netty.util.concurrent.FastThreadLocalRunnable.run(FastThreadLocalRunnable.java:30)
	at java.base/java.lang.Thread.run(Thread.java:1583)
Caused by: io.netty.resolver.dns.DnsNameResolverTimeoutException: [9430: /10.246.32.204:53] DefaultDnsQuestion(measured-cowbird-128774.upstash.io. IN A) query '9430' via UDP timed out after 5000 milliseconds (no stack trace available)
2026-08-05 14:23:33 INFO  o.s.w.s.c.WebSocketMessageBrokerStats - WebSocketSession[0 current WS(0)-HttpStream(0)-HttpPoll(0), 0 total, 0 closed abnormally (0 connect failure, 0 send limit, 0 transport error)], stompSubProtocol[processed CONNECT(0)-CONNECTED(0)-DISCONNECT(0)], stompBrokerRelay[null], inboundChannel[pool size = 0, active threads = 0, queued tasks = 0, completed tasks = 0], outboundChannel[pool size = 0, active threads = 0, queued tasks = 0, completed tasks = 0], sockJsScheduler[pool size = 4, active threads = 1, queued tasks = 1, completed tasks = 369]
2026-08-05 14:23:50 INFO  i.l.core.protocol.ConnectionWatchdog - Reconnecting, last destination was measured-cowbird-128774.upstash.io/<unresolved>:6379
2026-08-05 14:23:55 WARN  i.l.core.protocol.ConnectionWatchdog - Cannot reconnect to [measured-cowbird-128774.upstash.io/<unresolved>:6379]: Failed to resolve 'measured-cowbird-128774.upstash.io' [A(1)]
java.net.UnknownHostException: Failed to resolve 'measured-cowbird-128774.upstash.io' [A(1)]
	at io.netty.resolver.dns.DnsResolveContext.finishResolve(DnsResolveContext.java:1137)
	at io.netty.resolver.dns.DnsResolveContext.tryToFinishResolve(DnsResolveContext.java:1084)
	at io.netty.resolver.dns.DnsResolveContext.query(DnsResolveContext.java:443)
	at io.netty.resolver.dns.DnsResolveContext.access$700(DnsResolveContext.java:69)
	at io.netty.resolver.dns.DnsResolveContext$2.operationComplete(DnsResolveContext.java:512)
	at io.netty.util.concurrent.DefaultPromise.notifyListener0(DefaultPromise.java:604)
	at io.netty.util.concurrent.DefaultPromise.notifyListeners0(DefaultPromise.java:597)
	at io.netty.util.concurrent.DefaultPromise.notifyListenersNow(DefaultPromise.java:573)
	at io.netty.util.concurrent.DefaultPromise.notifyListeners(DefaultPromise.java:506)
	at io.netty.util.concurrent.DefaultPromise.setValue0(DefaultPromise.java:650)
	at io.netty.util.concurrent.DefaultPromise.setFailure0(DefaultPromise.java:643)
	at io.netty.util.concurrent.DefaultPromise.tryFailure(DefaultPromise.java:132)
	at io.netty.resolver.dns.DnsQueryContext.finishFailure(DnsQueryContext.java:346)
	at io.netty.resolver.dns.DnsQueryContext$4.run(DnsQueryContext.java:281)
	at io.netty.util.concurrent.PromiseTask.runTask(PromiseTask.java:98)
	at io.netty.util.concurrent.ScheduledFutureTask.run(ScheduledFutureTask.java:160)
	at io.netty.util.concurrent.AbstractEventExecutor.runTask(AbstractEventExecutor.java:148)
	at io.netty.util.concurrent.AbstractEventExecutor.safeExecute$$$capture(AbstractEventExecutor.java:141)
	at io.netty.util.concurrent.AbstractEventExecutor.safeExecute(AbstractEventExecutor.java)
	at io.netty.util.concurrent.SingleThreadEventExecutor.runAllTasks(SingleThreadEventExecutor.java:535)
	at io.netty.channel.SingleThreadIoEventLoop.run(SingleThreadIoEventLoop.java:201)
	at io.netty.util.concurrent.SingleThreadEventExecutor$5.run(SingleThreadEventExecutor.java:1195)
	at io.netty.util.internal.ThreadExecutorMap$2.run(ThreadExecutorMap.java:74)
	at io.netty.util.concurrent.FastThreadLocalRunnable.run(FastThreadLocalRunnable.java:30)
	at java.base/java.lang.Thread.run(Thread.java:1583)
Caused by: io.netty.resolver.dns.DnsNameResolverTimeoutException: [11035: /10.246.32.204:53] DefaultDnsQuestion(measured-cowbird-128774.upstash.io. IN A) query '11035' via UDP timed out after 5000 milliseconds (no stack trace available)
2026-08-05 14:24:25 INFO  i.l.core.protocol.ConnectionWatchdog - Reconnecting, last destination was measured-cowbird-128774.upstash.io/<unresolved>:6379
2026-08-05 14:24:30 WARN  i.l.core.protocol.ConnectionWatchdog - Cannot reconnect to [measured-cowbird-128774.upstash.io/<unresolved>:6379]: Failed to resolve 'measured-cowbird-128774.upstash.io' [A(1)]
java.net.UnknownHostException: Failed to resolve 'measured-cowbird-128774.upstash.io' [A(1)]
	at io.netty.resolver.dns.DnsResolveContext.finishResolve(DnsResolveContext.java:1137)
	at io.netty.resolver.dns.DnsResolveContext.tryToFinishResolve(DnsResolveContext.java:1084)
	at io.netty.resolver.dns.DnsResolveContext.query(DnsResolveContext.java:443)
	at io.netty.resolver.dns.DnsResolveContext.access$700(DnsResolveContext.java:69)
	at io.netty.resolver.dns.DnsResolveContext$2.operationComplete(DnsResolveContext.java:512)
	at io.netty.util.concurrent.DefaultPromise.notifyListener0(DefaultPromise.java:604)
	at io.netty.util.concurrent.DefaultPromise.notifyListeners0(DefaultPromise.java:597)
	at io.netty.util.concurrent.DefaultPromise.notifyListenersNow(DefaultPromise.java:573)
	at io.netty.util.concurrent.DefaultPromise.notifyListeners(DefaultPromise.java:506)
	at io.netty.util.concurrent.DefaultPromise.setValue0(DefaultPromise.java:650)
	at io.netty.util.concurrent.DefaultPromise.setFailure0(DefaultPromise.java:643)
	at io.netty.util.concurrent.DefaultPromise.tryFailure(DefaultPromise.java:132)
	at io.netty.resolver.dns.DnsQueryContext.finishFailure(DnsQueryContext.java:346)
	at io.netty.resolver.dns.DnsQueryContext$4.run(DnsQueryContext.java:281)
	at io.netty.util.concurrent.PromiseTask.runTask(PromiseTask.java:98)
	at io.netty.util.concurrent.ScheduledFutureTask.run(ScheduledFutureTask.java:160)
	at io.netty.util.concurrent.AbstractEventExecutor.runTask(AbstractEventExecutor.java:148)
	at io.netty.util.concurrent.AbstractEventExecutor.safeExecute$$$capture(AbstractEventExecutor.java:141)
	at io.netty.util.concurrent.AbstractEventExecutor.safeExecute(AbstractEventExecutor.java)
	at io.netty.util.concurrent.SingleThreadEventExecutor.runAllTasks(SingleThreadEventExecutor.java:535)
	at io.netty.channel.SingleThreadIoEventLoop.run(SingleThreadIoEventLoop.java:201)
	at io.netty.util.concurrent.SingleThreadEventExecutor$5.run(SingleThreadEventExecutor.java:1195)
	at io.netty.util.internal.ThreadExecutorMap$2.run(ThreadExecutorMap.java:74)
	at io.netty.util.concurrent.FastThreadLocalRunnable.run(FastThreadLocalRunnable.java:30)
	at java.base/java.lang.Thread.run(Thread.java:1583)
Caused by: io.netty.resolver.dns.DnsNameResolverTimeoutException: [10223: /10.246.32.204:53] DefaultDnsQuestion(measured-cowbird-128774.upstash.io. IN A) query '10223' via UDP timed out after 5000 milliseconds (no stack trace available)
2026-08-05 14:25:00 INFO  i.l.core.protocol.ConnectionWatchdog - Reconnecting, last destination was measured-cowbird-128774.upstash.io/<unresolved>:6379
2026-08-05 14:25:05 WARN  i.l.core.protocol.ConnectionWatchdog - Cannot reconnect to [measured-cowbird-128774.upstash.io/<unresolved>:6379]: Failed to resolve 'measured-cowbird-128774.upstash.io' [A(1)]
java.net.UnknownHostException: Failed to resolve 'measured-cowbird-128774.upstash.io' [A(1)]
	at io.netty.resolver.dns.DnsResolveContext.finishResolve(DnsResolveContext.java:1137)
	at io.netty.resolver.dns.DnsResolveContext.tryToFinishResolve(DnsResolveContext.java:1084)
	at io.netty.resolver.dns.DnsResolveContext.query(DnsResolveContext.java:443)
	at io.netty.resolver.dns.DnsResolveContext.access$700(DnsResolveContext.java:69)
	at io.netty.resolver.dns.DnsResolveContext$2.operationComplete(DnsResolveContext.java:512)
	at io.netty.util.concurrent.DefaultPromise.notifyListener0(DefaultPromise.java:604)
	at io.netty.util.concurrent.DefaultPromise.notifyListeners0(DefaultPromise.java:597)
	at io.netty.util.concurrent.DefaultPromise.notifyListenersNow(DefaultPromise.java:573)
	at io.netty.util.concurrent.DefaultPromise.notifyListeners(DefaultPromise.java:506)
	at io.netty.util.concurrent.DefaultPromise.setValue0(DefaultPromise.java:650)
	at io.netty.util.concurrent.DefaultPromise.setFailure0(DefaultPromise.java:643)
	at io.netty.util.concurrent.DefaultPromise.tryFailure(DefaultPromise.java:132)
	at io.netty.resolver.dns.DnsQueryContext.finishFailure(DnsQueryContext.java:346)
	at io.netty.resolver.dns.DnsQueryContext$4.run(DnsQueryContext.java:281)
	at io.netty.util.concurrent.PromiseTask.runTask(PromiseTask.java:98)
	at io.netty.util.concurrent.ScheduledFutureTask.run(ScheduledFutureTask.java:160)
	at io.netty.util.concurrent.AbstractEventExecutor.runTask(AbstractEventExecutor.java:148)
	at io.netty.util.concurrent.AbstractEventExecutor.safeExecute$$$capture(AbstractEventExecutor.java:141)
	at io.netty.util.concurrent.AbstractEventExecutor.safeExecute(AbstractEventExecutor.java)
	at io.netty.util.concurrent.SingleThreadEventExecutor.runAllTasks(SingleThreadEventExecutor.java:535)
	at io.netty.channel.SingleThreadIoEventLoop.run(SingleThreadIoEventLoop.java:201)
	at io.netty.util.concurrent.SingleThreadEventExecutor$5.run(SingleThreadEventExecutor.java:1195)
	at io.netty.util.internal.ThreadExecutorMap$2.run(ThreadExecutorMap.java:74)
	at io.netty.util.concurrent.FastThreadLocalRunnable.run(FastThreadLocalRunnable.java:30)
	at java.base/java.lang.Thread.run(Thread.java:1583)
Caused by: io.netty.resolver.dns.DnsNameResolverTimeoutException: [14077: /10.246.32.204:53] DefaultDnsQuestion(measured-cowbird-128774.upstash.io. IN A) query '14077' via UDP timed out after 5000 milliseconds (no stack trace available)
2026-08-05 14:25:35 INFO  i.l.core.protocol.ConnectionWatchdog - Reconnecting, last destination was measured-cowbird-128774.upstash.io/<unresolved>:6379
2026-08-05 14:25:40 WARN  i.l.core.protocol.ConnectionWatchdog - Cannot reconnect to [measured-cowbird-128774.upstash.io/<unresolved>:6379]: Failed to resolve 'measured-cowbird-128774.upstash.io' [A(1)]
java.net.UnknownHostException: Failed to resolve 'measured-cowbird-128774.upstash.io' [A(1)]
	at io.netty.resolver.dns.DnsResolveContext.finishResolve(DnsResolveContext.java:1137)
	at io.netty.resolver.dns.DnsResolveContext.tryToFinishResolve(DnsResolveContext.java:1084)
	at io.netty.resolver.dns.DnsResolveContext.query(DnsResolveContext.java:443)
	at io.netty.resolver.dns.DnsResolveContext.access$700(DnsResolveContext.java:69)
	at io.netty.resolver.dns.DnsResolveContext$2.operationComplete(DnsResolveContext.java:512)
	at io.netty.util.concurrent.DefaultPromise.notifyListener0(DefaultPromise.java:604)
	at io.netty.util.concurrent.DefaultPromise.notifyListeners0(DefaultPromise.java:597)
	at io.netty.util.concurrent.DefaultPromise.notifyListenersNow(DefaultPromise.java:573)
	at io.netty.util.concurrent.DefaultPromise.notifyListeners(DefaultPromise.java:506)
	at io.netty.util.concurrent.DefaultPromise.setValue0(DefaultPromise.java:650)
	at io.netty.util.concurrent.DefaultPromise.setFailure0(DefaultPromise.java:643)
	at io.netty.util.concurrent.DefaultPromise.tryFailure(DefaultPromise.java:132)
	at io.netty.resolver.dns.DnsQueryContext.finishFailure(DnsQueryContext.java:346)
	at io.netty.resolver.dns.DnsQueryContext$4.run(DnsQueryContext.java:281)
	at io.netty.util.concurrent.PromiseTask.runTask(PromiseTask.java:98)
	at io.netty.util.concurrent.ScheduledFutureTask.run(ScheduledFutureTask.java:160)
	at io.netty.util.concurrent.AbstractEventExecutor.runTask(AbstractEventExecutor.java:148)
	at io.netty.util.concurrent.AbstractEventExecutor.safeExecute$$$capture(AbstractEventExecutor.java:141)
	at io.netty.util.concurrent.AbstractEventExecutor.safeExecute(AbstractEventExecutor.java)
	at io.netty.util.concurrent.SingleThreadEventExecutor.runAllTasks(SingleThreadEventExecutor.java:535)
	at io.netty.channel.SingleThreadIoEventLoop.run(SingleThreadIoEventLoop.java:201)
	at io.netty.util.concurrent.SingleThreadEventExecutor$5.run(SingleThreadEventExecutor.java:1195)
	at io.netty.util.internal.ThreadExecutorMap$2.run(ThreadExecutorMap.java:74)
	at io.netty.util.concurrent.FastThreadLocalRunnable.run(FastThreadLocalRunnable.java:30)
	at java.base/java.lang.Thread.run(Thread.java:1583)
Caused by: io.netty.resolver.dns.DnsNameResolverTimeoutException: [9505: /10.246.32.204:53] DefaultDnsQuestion(measured-cowbird-128774.upstash.io. IN A) query '9505' via UDP timed out after 5000 milliseconds (no stack trace available)
2026-08-05 14:26:10 INFO  i.l.core.protocol.ConnectionWatchdog - Reconnecting, last destination was measured-cowbird-128774.upstash.io/<unresolved>:6379
2026-08-05 14:26:15 WARN  i.l.core.protocol.ConnectionWatchdog - Cannot reconnect to [measured-cowbird-128774.upstash.io/<unresolved>:6379]: Failed to resolve 'measured-cowbird-128774.upstash.io' [A(1)]
java.net.UnknownHostException: Failed to resolve 'measured-cowbird-128774.upstash.io' [A(1)]
	at io.netty.resolver.dns.DnsResolveContext.finishResolve(DnsResolveContext.java:1137)
	at io.netty.resolver.dns.DnsResolveContext.tryToFinishResolve(DnsResolveContext.java:1084)
	at io.netty.resolver.dns.DnsResolveContext.query(DnsResolveContext.java:443)
	at io.netty.resolver.dns.DnsResolveContext.access$700(DnsResolveContext.java:69)
	at io.netty.resolver.dns.DnsResolveContext$2.operationComplete(DnsResolveContext.java:512)
	at io.netty.util.concurrent.DefaultPromise.notifyListener0(DefaultPromise.java:604)
	at io.netty.util.concurrent.DefaultPromise.notifyListeners0(DefaultPromise.java:597)
	at io.netty.util.concurrent.DefaultPromise.notifyListenersNow(DefaultPromise.java:573)
	at io.netty.util.concurrent.DefaultPromise.notifyListeners(DefaultPromise.java:506)
	at io.netty.util.concurrent.DefaultPromise.setValue0(DefaultPromise.java:650)
	at io.netty.util.concurrent.DefaultPromise.setFailure0(DefaultPromise.java:643)
	at io.netty.util.concurrent.DefaultPromise.tryFailure(DefaultPromise.java:132)
	at io.netty.resolver.dns.DnsQueryContext.finishFailure(DnsQueryContext.java:346)
	at io.netty.resolver.dns.DnsQueryContext$4.run(DnsQueryContext.java:281)
	at io.netty.util.concurrent.PromiseTask.runTask(PromiseTask.java:98)
	at io.netty.util.concurrent.ScheduledFutureTask.run(ScheduledFutureTask.java:160)
	at io.netty.util.concurrent.AbstractEventExecutor.runTask(AbstractEventExecutor.java:148)
	at io.netty.util.concurrent.AbstractEventExecutor.safeExecute$$$capture(AbstractEventExecutor.java:141)
	at io.netty.util.concurrent.AbstractEventExecutor.safeExecute(AbstractEventExecutor.java)
	at io.netty.util.concurrent.SingleThreadEventExecutor.runAllTasks(SingleThreadEventExecutor.java:535)
	at io.netty.channel.SingleThreadIoEventLoop.run(SingleThreadIoEventLoop.java:201)
	at io.netty.util.concurrent.SingleThreadEventExecutor$5.run(SingleThreadEventExecutor.java:1195)
	at io.netty.util.internal.ThreadExecutorMap$2.run(ThreadExecutorMap.java:74)
	at io.netty.util.concurrent.FastThreadLocalRunnable.run(FastThreadLocalRunnable.java:30)
	at java.base/java.lang.Thread.run(Thread.java:1583)
Caused by: io.netty.resolver.dns.DnsNameResolverTimeoutException: [3717: /10.246.32.204:53] DefaultDnsQuestion(measured-cowbird-128774.upstash.io. IN A) query '3717' via UDP timed out after 5000 milliseconds (no stack trace available)
2026-08-05 14:26:45 INFO  i.l.core.protocol.ConnectionWatchdog - Reconnecting, last destination was measured-cowbird-128774.upstash.io/<unresolved>:6379
2026-08-05 14:26:50 WARN  i.l.core.protocol.ConnectionWatchdog - Cannot reconnect to [measured-cowbird-128774.upstash.io/<unresolved>:6379]: Failed to resolve 'measured-cowbird-128774.upstash.io' [A(1)]
java.net.UnknownHostException: Failed to resolve 'measured-cowbird-128774.upstash.io' [A(1)]
	at io.netty.resolver.dns.DnsResolveContext.finishResolve(DnsResolveContext.java:1137)
	at io.netty.resolver.dns.DnsResolveContext.tryToFinishResolve(DnsResolveContext.java:1084)
	at io.netty.resolver.dns.DnsResolveContext.query(DnsResolveContext.java:443)
	at io.netty.resolver.dns.DnsResolveContext.access$700(DnsResolveContext.java:69)
	at io.netty.resolver.dns.DnsResolveContext$2.operationComplete(DnsResolveContext.java:512)
	at io.netty.util.concurrent.DefaultPromise.notifyListener0(DefaultPromise.java:604)
	at io.netty.util.concurrent.DefaultPromise.notifyListeners0(DefaultPromise.java:597)
	at io.netty.util.concurrent.DefaultPromise.notifyListenersNow(DefaultPromise.java:573)
	at io.netty.util.concurrent.DefaultPromise.notifyListeners(DefaultPromise.java:506)
	at io.netty.util.concurrent.DefaultPromise.setValue0(DefaultPromise.java:650)
	at io.netty.util.concurrent.DefaultPromise.setFailure0(DefaultPromise.java:643)
	at io.netty.util.concurrent.DefaultPromise.tryFailure(DefaultPromise.java:132)
	at io.netty.resolver.dns.DnsQueryContext.finishFailure(DnsQueryContext.java:346)
	at io.netty.resolver.dns.DnsQueryContext$4.run(DnsQueryContext.java:281)
	at io.netty.util.concurrent.PromiseTask.runTask(PromiseTask.java:98)
	at io.netty.util.concurrent.ScheduledFutureTask.run(ScheduledFutureTask.java:160)
	at io.netty.util.concurrent.AbstractEventExecutor.runTask(AbstractEventExecutor.java:148)
	at io.netty.util.concurrent.AbstractEventExecutor.safeExecute$$$capture(AbstractEventExecutor.java:141)
	at io.netty.util.concurrent.AbstractEventExecutor.safeExecute(AbstractEventExecutor.java)
	at io.netty.util.concurrent.SingleThreadEventExecutor.runAllTasks(SingleThreadEventExecutor.java:535)
	at io.netty.channel.SingleThreadIoEventLoop.run(SingleThreadIoEventLoop.java:201)
	at io.netty.util.concurrent.SingleThreadEventExecutor$5.run(SingleThreadEventExecutor.java:1195)
	at io.netty.util.internal.ThreadExecutorMap$2.run(ThreadExecutorMap.java:74)
	at io.netty.util.concurrent.FastThreadLocalRunnable.run(FastThreadLocalRunnable.java:30)
	at java.base/java.lang.Thread.run(Thread.java:1583)
Caused by: io.netty.resolver.dns.DnsNameResolverTimeoutException: [13526: /10.246.32.204:53] DefaultDnsQuestion(measured-cowbird-128774.upstash.io. IN A) query '13526' via UDP timed out after 5000 milliseconds (no stack trace available)
2026-08-05 14:27:21 INFO  i.l.core.protocol.ConnectionWatchdog - Reconnecting, last destination was measured-cowbird-128774.upstash.io/<unresolved>:6379
2026-08-05 14:27:26 WARN  i.l.core.protocol.ConnectionWatchdog - Cannot reconnect to [measured-cowbird-128774.upstash.io/<unresolved>:6379]: Failed to resolve 'measured-cowbird-128774.upstash.io' [A(1)]
java.net.UnknownHostException: Failed to resolve 'measured-cowbird-128774.upstash.io' [A(1)]
	at io.netty.resolver.dns.DnsResolveContext.finishResolve(DnsResolveContext.java:1137)
	at io.netty.resolver.dns.DnsResolveContext.tryToFinishResolve(DnsResolveContext.java:1084)
	at io.netty.resolver.dns.DnsResolveContext.query(DnsResolveContext.java:443)
	at io.netty.resolver.dns.DnsResolveContext.access$700(DnsResolveContext.java:69)
	at io.netty.resolver.dns.DnsResolveContext$2.operationComplete(DnsResolveContext.java:512)
	at io.netty.util.concurrent.DefaultPromise.notifyListener0(DefaultPromise.java:604)
	at io.netty.util.concurrent.DefaultPromise.notifyListeners0(DefaultPromise.java:597)
	at io.netty.util.concurrent.DefaultPromise.notifyListenersNow(DefaultPromise.java:573)
	at io.netty.util.concurrent.DefaultPromise.notifyListeners(DefaultPromise.java:506)
	at io.netty.util.concurrent.DefaultPromise.setValue0(DefaultPromise.java:650)
	at io.netty.util.concurrent.DefaultPromise.setFailure0(DefaultPromise.java:643)
	at io.netty.util.concurrent.DefaultPromise.tryFailure(DefaultPromise.java:132)
	at io.netty.resolver.dns.DnsQueryContext.finishFailure(DnsQueryContext.java:346)
	at io.netty.resolver.dns.DnsQueryContext$4.run(DnsQueryContext.java:281)
	at io.netty.util.concurrent.PromiseTask.runTask(PromiseTask.java:98)
	at io.netty.util.concurrent.ScheduledFutureTask.run(ScheduledFutureTask.java:160)
	at io.netty.util.concurrent.AbstractEventExecutor.runTask(AbstractEventExecutor.java:148)
	at io.netty.util.concurrent.AbstractEventExecutor.safeExecute$$$capture(AbstractEventExecutor.java:141)
	at io.netty.util.concurrent.AbstractEventExecutor.safeExecute(AbstractEventExecutor.java)
	at io.netty.util.concurrent.SingleThreadEventExecutor.runAllTasks(SingleThreadEventExecutor.java:535)
	at io.netty.channel.SingleThreadIoEventLoop.run(SingleThreadIoEventLoop.java:201)
	at io.netty.util.concurrent.SingleThreadEventExecutor$5.run(SingleThreadEventExecutor.java:1195)
	at io.netty.util.internal.ThreadExecutorMap$2.run(ThreadExecutorMap.java:74)
	at io.netty.util.concurrent.FastThreadLocalRunnable.run(FastThreadLocalRunnable.java:30)
	at java.base/java.lang.Thread.run(Thread.java:1583)
Caused by: io.netty.resolver.dns.DnsNameResolverTimeoutException: [15783: /10.246.32.204:53] DefaultDnsQuestion(measured-cowbird-128774.upstash.io. IN A) query '15783' via UDP timed out after 5000 milliseconds (no stack trace available)
2026-08-05 14:27:56 INFO  i.l.core.protocol.ConnectionWatchdog - Reconnecting, last destination was measured-cowbird-128774.upstash.io/<unresolved>:6379
2026-08-05 14:28:01 WARN  i.l.core.protocol.ConnectionWatchdog - Cannot reconnect to [measured-cowbird-128774.upstash.io/<unresolved>:6379]: Failed to resolve 'measured-cowbird-128774.upstash.io' [A(1)]
java.net.UnknownHostException: Failed to resolve 'measured-cowbird-128774.upstash.io' [A(1)]
	at io.netty.resolver.dns.DnsResolveContext.finishResolve(DnsResolveContext.java:1137)
	at io.netty.resolver.dns.DnsResolveContext.tryToFinishResolve(DnsResolveContext.java:1084)
	at io.netty.resolver.dns.DnsResolveContext.query(DnsResolveContext.java:443)
	at io.netty.resolver.dns.DnsResolveContext.access$700(DnsResolveContext.java:69)
	at io.netty.resolver.dns.DnsResolveContext$2.operationComplete(DnsResolveContext.java:512)
	at io.netty.util.concurrent.DefaultPromise.notifyListener0(DefaultPromise.java:604)
	at io.netty.util.concurrent.DefaultPromise.notifyListeners0(DefaultPromise.java:597)
	at io.netty.util.concurrent.DefaultPromise.notifyListenersNow(DefaultPromise.java:573)
	at io.netty.util.concurrent.DefaultPromise.notifyListeners(DefaultPromise.java:506)
	at io.netty.util.concurrent.DefaultPromise.setValue0(DefaultPromise.java:650)
	at io.netty.util.concurrent.DefaultPromise.setFailure0(DefaultPromise.java:643)
	at io.netty.util.concurrent.DefaultPromise.tryFailure(DefaultPromise.java:132)
	at io.netty.resolver.dns.DnsQueryContext.finishFailure(DnsQueryContext.java:346)
	at io.netty.resolver.dns.DnsQueryContext$4.run(DnsQueryContext.java:281)
	at io.netty.util.concurrent.PromiseTask.runTask(PromiseTask.java:98)
	at io.netty.util.concurrent.ScheduledFutureTask.run(ScheduledFutureTask.java:160)
	at io.netty.util.concurrent.AbstractEventExecutor.runTask(AbstractEventExecutor.java:148)
	at io.netty.util.concurrent.AbstractEventExecutor.safeExecute$$$capture(AbstractEventExecutor.java:141)
	at io.netty.util.concurrent.AbstractEventExecutor.safeExecute(AbstractEventExecutor.java)
	at io.netty.util.concurrent.SingleThreadEventExecutor.runAllTasks(SingleThreadEventExecutor.java:535)
	at io.netty.channel.SingleThreadIoEventLoop.run(SingleThreadIoEventLoop.java:201)
	at io.netty.util.concurrent.SingleThreadEventExecutor$5.run(SingleThreadEventExecutor.java:1195)
	at io.netty.util.internal.ThreadExecutorMap$2.run(ThreadExecutorMap.java:74)
	at io.netty.util.concurrent.FastThreadLocalRunnable.run(FastThreadLocalRunnable.java:30)
	at java.base/java.lang.Thread.run(Thread.java:1583)
Caused by: io.netty.resolver.dns.DnsNameResolverTimeoutException: [11519: /10.246.32.204:53] DefaultDnsQuestion(measured-cowbird-128774.upstash.io. IN A) query '11519' via UDP timed out after 5000 milliseconds (no stack trace available)
2026-08-05 14:28:31 INFO  i.l.core.protocol.ConnectionWatchdog - Reconnecting, last destination was measured-cowbird-128774.upstash.io/<unresolved>:6379
2026-08-05 14:28:36 WARN  i.l.core.protocol.ConnectionWatchdog - Cannot reconnect to [measured-cowbird-128774.upstash.io/<unresolved>:6379]: Failed to resolve 'measured-cowbird-128774.upstash.io' [A(1)]
java.net.UnknownHostException: Failed to resolve 'measured-cowbird-128774.upstash.io' [A(1)]
	at io.netty.resolver.dns.DnsResolveContext.finishResolve(DnsResolveContext.java:1137)
	at io.netty.resolver.dns.DnsResolveContext.tryToFinishResolve(DnsResolveContext.java:1084)
	at io.netty.resolver.dns.DnsResolveContext.query(DnsResolveContext.java:443)
	at io.netty.resolver.dns.DnsResolveContext.access$700(DnsResolveContext.java:69)
	at io.netty.resolver.dns.DnsResolveContext$2.operationComplete(DnsResolveContext.java:512)
	at io.netty.util.concurrent.DefaultPromise.notifyListener0(DefaultPromise.java:604)
	at io.netty.util.concurrent.DefaultPromise.notifyListeners0(DefaultPromise.java:597)
	at io.netty.util.concurrent.DefaultPromise.notifyListenersNow(DefaultPromise.java:573)
	at io.netty.util.concurrent.DefaultPromise.notifyListeners(DefaultPromise.java:506)
	at io.netty.util.concurrent.DefaultPromise.setValue0(DefaultPromise.java:650)
	at io.netty.util.concurrent.DefaultPromise.setFailure0(DefaultPromise.java:643)
	at io.netty.util.concurrent.DefaultPromise.tryFailure(DefaultPromise.java:132)
	at io.netty.resolver.dns.DnsQueryContext.finishFailure(DnsQueryContext.java:346)
	at io.netty.resolver.dns.DnsQueryContext$4.run(DnsQueryContext.java:281)
	at io.netty.util.concurrent.PromiseTask.runTask(PromiseTask.java:98)
	at io.netty.util.concurrent.ScheduledFutureTask.run(ScheduledFutureTask.java:160)
	at io.netty.util.concurrent.AbstractEventExecutor.runTask(AbstractEventExecutor.java:148)
	at io.netty.util.concurrent.AbstractEventExecutor.safeExecute$$$capture(AbstractEventExecutor.java:141)
	at io.netty.util.concurrent.AbstractEventExecutor.safeExecute(AbstractEventExecutor.java)
	at io.netty.util.concurrent.SingleThreadEventExecutor.runAllTasks(SingleThreadEventExecutor.java:535)
	at io.netty.channel.SingleThreadIoEventLoop.run(SingleThreadIoEventLoop.java:201)
	at io.netty.util.concurrent.SingleThreadEventExecutor$5.run(SingleThreadEventExecutor.java:1195)
	at io.netty.util.internal.ThreadExecutorMap$2.run(ThreadExecutorMap.java:74)
	at io.netty.util.concurrent.FastThreadLocalRunnable.run(FastThreadLocalRunnable.java:30)
	at java.base/java.lang.Thread.run(Thread.java:1583)
Caused by: io.netty.resolver.dns.DnsNameResolverTimeoutException: [15440: /10.246.32.204:53] DefaultDnsQuestion(measured-cowbird-128774.upstash.io. IN A) query '15440' via UDP timed out after 5000 milliseconds (no stack trace available)
2026-08-05 14:29:06 INFO  i.l.core.protocol.ConnectionWatchdog - Reconnecting, last destination was measured-cowbird-128774.upstash.io/<unresolved>:6379
2026-08-05 14:29:11 WARN  i.l.core.protocol.ConnectionWatchdog - Cannot reconnect to [measured-cowbird-128774.upstash.io/<unresolved>:6379]: Failed to resolve 'measured-cowbird-128774.upstash.io' [A(1)]
java.net.UnknownHostException: Failed to resolve 'measured-cowbird-128774.upstash.io' [A(1)]
	at io.netty.resolver.dns.DnsResolveContext.finishResolve(DnsResolveContext.java:1137)
	at io.netty.resolver.dns.DnsResolveContext.tryToFinishResolve(DnsResolveContext.java:1084)
	at io.netty.resolver.dns.DnsResolveContext.query(DnsResolveContext.java:443)
	at io.netty.resolver.dns.DnsResolveContext.access$700(DnsResolveContext.java:69)
	at io.netty.resolver.dns.DnsResolveContext$2.operationComplete(DnsResolveContext.java:512)
	at io.netty.util.concurrent.DefaultPromise.notifyListener0(DefaultPromise.java:604)
	at io.netty.util.concurrent.DefaultPromise.notifyListeners0(DefaultPromise.java:597)
	at io.netty.util.concurrent.DefaultPromise.notifyListenersNow(DefaultPromise.java:573)
	at io.netty.util.concurrent.DefaultPromise.notifyListeners(DefaultPromise.java:506)
	at io.netty.util.concurrent.DefaultPromise.setValue0(DefaultPromise.java:650)
	at io.netty.util.concurrent.DefaultPromise.setFailure0(DefaultPromise.java:643)
	at io.netty.util.concurrent.DefaultPromise.tryFailure(DefaultPromise.java:132)
	at io.netty.resolver.dns.DnsQueryContext.finishFailure(DnsQueryContext.java:346)
	at io.netty.resolver.dns.DnsQueryContext$4.run(DnsQueryContext.java:281)
	at io.netty.util.concurrent.PromiseTask.runTask(PromiseTask.java:98)
	at io.netty.util.concurrent.ScheduledFutureTask.run(ScheduledFutureTask.java:160)
	at io.netty.util.concurrent.AbstractEventExecutor.runTask(AbstractEventExecutor.java:148)
	at io.netty.util.concurrent.AbstractEventExecutor.safeExecute$$$capture(AbstractEventExecutor.java:141)
	at io.netty.util.concurrent.AbstractEventExecutor.safeExecute(AbstractEventExecutor.java)
	at io.netty.util.concurrent.SingleThreadEventExecutor.runAllTasks(SingleThreadEventExecutor.java:535)
	at io.netty.channel.SingleThreadIoEventLoop.run(SingleThreadIoEventLoop.java:201)
	at io.netty.util.concurrent.SingleThreadEventExecutor$5.run(SingleThreadEventExecutor.java:1195)
	at io.netty.util.internal.ThreadExecutorMap$2.run(ThreadExecutorMap.java:74)
	at io.netty.util.concurrent.FastThreadLocalRunnable.run(FastThreadLocalRunnable.java:30)
	at java.base/java.lang.Thread.run(Thread.java:1583)
Caused by: io.netty.resolver.dns.DnsNameResolverTimeoutException: [14307: /10.246.32.204:53] DefaultDnsQuestion(measured-cowbird-128774.upstash.io. IN A) query '14307' via UDP timed out after 5000 milliseconds (no stack trace available)
2026-08-05 14:29:41 INFO  i.l.core.protocol.ConnectionWatchdog - Reconnecting, last destination was measured-cowbird-128774.upstash.io/<unresolved>:6379
2026-08-05 14:29:46 WARN  i.l.core.protocol.ConnectionWatchdog - Cannot reconnect to [measured-cowbird-128774.upstash.io/<unresolved>:6379]: Failed to resolve 'measured-cowbird-128774.upstash.io' [A(1)]
java.net.UnknownHostException: Failed to resolve 'measured-cowbird-128774.upstash.io' [A(1)]
	at io.netty.resolver.dns.DnsResolveContext.finishResolve(DnsResolveContext.java:1137)
	at io.netty.resolver.dns.DnsResolveContext.tryToFinishResolve(DnsResolveContext.java:1084)
	at io.netty.resolver.dns.DnsResolveContext.query(DnsResolveContext.java:443)
	at io.netty.resolver.dns.DnsResolveContext.access$700(DnsResolveContext.java:69)
	at io.netty.resolver.dns.DnsResolveContext$2.operationComplete(DnsResolveContext.java:512)
	at io.netty.util.concurrent.DefaultPromise.notifyListener0(DefaultPromise.java:604)
	at io.netty.util.concurrent.DefaultPromise.notifyListeners0(DefaultPromise.java:597)
	at io.netty.util.concurrent.DefaultPromise.notifyListenersNow(DefaultPromise.java:573)
	at io.netty.util.concurrent.DefaultPromise.notifyListeners(DefaultPromise.java:506)
	at io.netty.util.concurrent.DefaultPromise.setValue0(DefaultPromise.java:650)
	at io.netty.util.concurrent.DefaultPromise.setFailure0(DefaultPromise.java:643)
	at io.netty.util.concurrent.DefaultPromise.tryFailure(DefaultPromise.java:132)
	at io.netty.resolver.dns.DnsQueryContext.finishFailure(DnsQueryContext.java:346)
	at io.netty.resolver.dns.DnsQueryContext$4.run(DnsQueryContext.java:281)
	at io.netty.util.concurrent.PromiseTask.runTask(PromiseTask.java:98)
	at io.netty.util.concurrent.ScheduledFutureTask.run(ScheduledFutureTask.java:160)
	at io.netty.util.concurrent.AbstractEventExecutor.runTask(AbstractEventExecutor.java:148)
	at io.netty.util.concurrent.AbstractEventExecutor.safeExecute$$$capture(AbstractEventExecutor.java:141)
	at io.netty.util.concurrent.AbstractEventExecutor.safeExecute(AbstractEventExecutor.java)
	at io.netty.util.concurrent.SingleThreadEventExecutor.runAllTasks(SingleThreadEventExecutor.java:535)
	at io.netty.channel.SingleThreadIoEventLoop.run(SingleThreadIoEventLoop.java:201)
	at io.netty.util.concurrent.SingleThreadEventExecutor$5.run(SingleThreadEventExecutor.java:1195)
	at io.netty.util.internal.ThreadExecutorMap$2.run(ThreadExecutorMap.java:74)
	at io.netty.util.concurrent.FastThreadLocalRunnable.run(FastThreadLocalRunnable.java:30)
	at java.base/java.lang.Thread.run(Thread.java:1583)
Caused by: io.netty.resolver.dns.DnsNameResolverTimeoutException: [6135: /10.246.32.204:53] DefaultDnsQuestion(measured-cowbird-128774.upstash.io. IN A) query '6135' via UDP timed out after 5000 milliseconds (no stack trace available)
2026-08-05 14:30:16 INFO  i.l.core.protocol.ConnectionWatchdog - Reconnecting, last destination was measured-cowbird-128774.upstash.io/<unresolved>:6379
2026-08-05 14:30:21 WARN  i.l.core.protocol.ConnectionWatchdog - Cannot reconnect to [measured-cowbird-128774.upstash.io/<unresolved>:6379]: Failed to resolve 'measured-cowbird-128774.upstash.io' [A(1)]
java.net.UnknownHostException: Failed to resolve 'measured-cowbird-128774.upstash.io' [A(1)]
	at io.netty.resolver.dns.DnsResolveContext.finishResolve(DnsResolveContext.java:1137)
	at io.netty.resolver.dns.DnsResolveContext.tryToFinishResolve(DnsResolveContext.java:1084)
	at io.netty.resolver.dns.DnsResolveContext.query(DnsResolveContext.java:443)
	at io.netty.resolver.dns.DnsResolveContext.access$700(DnsResolveContext.java:69)
	at io.netty.resolver.dns.DnsResolveContext$2.operationComplete(DnsResolveContext.java:512)
	at io.netty.util.concurrent.DefaultPromise.notifyListener0(DefaultPromise.java:604)
	at io.netty.util.concurrent.DefaultPromise.notifyListeners0(DefaultPromise.java:597)
	at io.netty.util.concurrent.DefaultPromise.notifyListenersNow(DefaultPromise.java:573)
	at io.netty.util.concurrent.DefaultPromise.notifyListeners(DefaultPromise.java:506)
	at io.netty.util.concurrent.DefaultPromise.setValue0(DefaultPromise.java:650)
	at io.netty.util.concurrent.DefaultPromise.setFailure0(DefaultPromise.java:643)
	at io.netty.util.concurrent.DefaultPromise.tryFailure(DefaultPromise.java:132)
	at io.netty.resolver.dns.DnsQueryContext.finishFailure(DnsQueryContext.java:346)
	at io.netty.resolver.dns.DnsQueryContext$4.run(DnsQueryContext.java:281)
	at io.netty.util.concurrent.PromiseTask.runTask(PromiseTask.java:98)
	at io.netty.util.concurrent.ScheduledFutureTask.run(ScheduledFutureTask.java:160)
	at io.netty.util.concurrent.AbstractEventExecutor.runTask(AbstractEventExecutor.java:148)
	at io.netty.util.concurrent.AbstractEventExecutor.safeExecute$$$capture(AbstractEventExecutor.java:141)
	at io.netty.util.concurrent.AbstractEventExecutor.safeExecute(AbstractEventExecutor.java)
	at io.netty.util.concurrent.SingleThreadEventExecutor.runAllTasks(SingleThreadEventExecutor.java:535)
	at io.netty.channel.SingleThreadIoEventLoop.run(SingleThreadIoEventLoop.java:201)
	at io.netty.util.concurrent.SingleThreadEventExecutor$5.run(SingleThreadEventExecutor.java:1195)
	at io.netty.util.internal.ThreadExecutorMap$2.run(ThreadExecutorMap.java:74)
	at io.netty.util.concurrent.FastThreadLocalRunnable.run(FastThreadLocalRunnable.java:30)
	at java.base/java.lang.Thread.run(Thread.java:1583)
Caused by: io.netty.resolver.dns.DnsNameResolverTimeoutException: [4354: /10.246.32.204:53] DefaultDnsQuestion(measured-cowbird-128774.upstash.io. IN A) query '4354' via UDP timed out after 5000 milliseconds (no stack trace available)
2026-08-05 14:30:51 INFO  i.l.core.protocol.ConnectionWatchdog - Reconnecting, last destination was measured-cowbird-128774.upstash.io/<unresolved>:6379
2026-08-05 14:30:56 WARN  i.l.core.protocol.ConnectionWatchdog - Cannot reconnect to [measured-cowbird-128774.upstash.io/<unresolved>:6379]: Failed to resolve 'measured-cowbird-128774.upstash.io' [A(1)]
java.net.UnknownHostException: Failed to resolve 'measured-cowbird-128774.upstash.io' [A(1)]
	at io.netty.resolver.dns.DnsResolveContext.finishResolve(DnsResolveContext.java:1137)
	at io.netty.resolver.dns.DnsResolveContext.tryToFinishResolve(DnsResolveContext.java:1084)
	at io.netty.resolver.dns.DnsResolveContext.query(DnsResolveContext.java:443)
	at io.netty.resolver.dns.DnsResolveContext.access$700(DnsResolveContext.java:69)
	at io.netty.resolver.dns.DnsResolveContext$2.operationComplete(DnsResolveContext.java:512)
	at io.netty.util.concurrent.DefaultPromise.notifyListener0(DefaultPromise.java:604)
	at io.netty.util.concurrent.DefaultPromise.notifyListeners0(DefaultPromise.java:597)
	at io.netty.util.concurrent.DefaultPromise.notifyListenersNow(DefaultPromise.java:573)
	at io.netty.util.concurrent.DefaultPromise.notifyListeners(DefaultPromise.java:506)
	at io.netty.util.concurrent.DefaultPromise.setValue0(DefaultPromise.java:650)
	at io.netty.util.concurrent.DefaultPromise.setFailure0(DefaultPromise.java:643)
	at io.netty.util.concurrent.DefaultPromise.tryFailure(DefaultPromise.java:132)
	at io.netty.resolver.dns.DnsQueryContext.finishFailure(DnsQueryContext.java:346)
	at io.netty.resolver.dns.DnsQueryContext$4.run(DnsQueryContext.java:281)
	at io.netty.util.concurrent.PromiseTask.runTask(PromiseTask.java:98)
	at io.netty.util.concurrent.ScheduledFutureTask.run(ScheduledFutureTask.java:160)
	at io.netty.util.concurrent.AbstractEventExecutor.runTask(AbstractEventExecutor.java:148)
	at io.netty.util.concurrent.AbstractEventExecutor.safeExecute$$$capture(AbstractEventExecutor.java:141)
	at io.netty.util.concurrent.AbstractEventExecutor.safeExecute(AbstractEventExecutor.java)
	at io.netty.util.concurrent.SingleThreadEventExecutor.runAllTasks(SingleThreadEventExecutor.java:535)
	at io.netty.channel.SingleThreadIoEventLoop.run(SingleThreadIoEventLoop.java:201)
	at io.netty.util.concurrent.SingleThreadEventExecutor$5.run(SingleThreadEventExecutor.java:1195)
	at io.netty.util.internal.ThreadExecutorMap$2.run(ThreadExecutorMap.java:74)
	at io.netty.util.concurrent.FastThreadLocalRunnable.run(FastThreadLocalRunnable.java:30)
	at java.base/java.lang.Thread.run(Thread.java:1583)
Caused by: io.netty.resolver.dns.DnsNameResolverTimeoutException: [3301: /10.246.32.204:53] DefaultDnsQuestion(measured-cowbird-128774.upstash.io. IN A) query '3301' via UDP timed out after 5000 milliseconds (no stack trace available)
2026-08-05 14:31:26 INFO  i.l.core.protocol.ConnectionWatchdog - Reconnecting, last destination was measured-cowbird-128774.upstash.io/<unresolved>:6379
2026-08-05 14:31:31 WARN  i.l.core.protocol.ConnectionWatchdog - Cannot reconnect to [measured-cowbird-128774.upstash.io/<unresolved>:6379]: Failed to resolve 'measured-cowbird-128774.upstash.io' [A(1)]
java.net.UnknownHostException: Failed to resolve 'measured-cowbird-128774.upstash.io' [A(1)]
	at io.netty.resolver.dns.DnsResolveContext.finishResolve(DnsResolveContext.java:1137)
	at io.netty.resolver.dns.DnsResolveContext.tryToFinishResolve(DnsResolveContext.java:1084)
	at io.netty.resolver.dns.DnsResolveContext.query(DnsResolveContext.java:443)
	at io.netty.resolver.dns.DnsResolveContext.access$700(DnsResolveContext.java:69)
	at io.netty.resolver.dns.DnsResolveContext$2.operationComplete(DnsResolveContext.java:512)
	at io.netty.util.concurrent.DefaultPromise.notifyListener0(DefaultPromise.java:604)
	at io.netty.util.concurrent.DefaultPromise.notifyListeners0(DefaultPromise.java:597)
	at io.netty.util.concurrent.DefaultPromise.notifyListenersNow(DefaultPromise.java:573)
	at io.netty.util.concurrent.DefaultPromise.notifyListeners(DefaultPromise.java:506)
	at io.netty.util.concurrent.DefaultPromise.setValue0(DefaultPromise.java:650)
	at io.netty.util.concurrent.DefaultPromise.setFailure0(DefaultPromise.java:643)
	at io.netty.util.concurrent.DefaultPromise.tryFailure(DefaultPromise.java:132)
	at io.netty.resolver.dns.DnsQueryContext.finishFailure(DnsQueryContext.java:346)
	at io.netty.resolver.dns.DnsQueryContext$4.run(DnsQueryContext.java:281)
	at io.netty.util.concurrent.PromiseTask.runTask(PromiseTask.java:98)
	at io.netty.util.concurrent.ScheduledFutureTask.run(ScheduledFutureTask.java:160)
	at io.netty.util.concurrent.AbstractEventExecutor.runTask(AbstractEventExecutor.java:148)
	at io.netty.util.concurrent.AbstractEventExecutor.safeExecute$$$capture(AbstractEventExecutor.java:141)
	at io.netty.util.concurrent.AbstractEventExecutor.safeExecute(AbstractEventExecutor.java)
	at io.netty.util.concurrent.SingleThreadEventExecutor.runAllTasks(SingleThreadEventExecutor.java:535)
	at io.netty.channel.SingleThreadIoEventLoop.run(SingleThreadIoEventLoop.java:201)
	at io.netty.util.concurrent.SingleThreadEventExecutor$5.run(SingleThreadEventExecutor.java:1195)
	at io.netty.util.internal.ThreadExecutorMap$2.run(ThreadExecutorMap.java:74)
	at io.netty.util.concurrent.FastThreadLocalRunnable.run(FastThreadLocalRunnable.java:30)
	at java.base/java.lang.Thread.run(Thread.java:1583)
Caused by: io.netty.resolver.dns.DnsNameResolverTimeoutException: [3435: /10.246.32.204:53] DefaultDnsQuestion(measured-cowbird-128774.upstash.io. IN A) query '3435' via UDP timed out after 5000 milliseconds (no stack trace available)
2026-08-05 14:32:01 INFO  i.l.core.protocol.ConnectionWatchdog - Reconnecting, last destination was measured-cowbird-128774.upstash.io/<unresolved>:6379
2026-08-05 14:32:06 WARN  i.l.core.protocol.ConnectionWatchdog - Cannot reconnect to [measured-cowbird-128774.upstash.io/<unresolved>:6379]: Failed to resolve 'measured-cowbird-128774.upstash.io' [A(1)]
java.net.UnknownHostException: Failed to resolve 'measured-cowbird-128774.upstash.io' [A(1)]
	at io.netty.resolver.dns.DnsResolveContext.finishResolve(DnsResolveContext.java:1137)
	at io.netty.resolver.dns.DnsResolveContext.tryToFinishResolve(DnsResolveContext.java:1084)
	at io.netty.resolver.dns.DnsResolveContext.query(DnsResolveContext.java:443)
	at io.netty.resolver.dns.DnsResolveContext.access$700(DnsResolveContext.java:69)
	at io.netty.resolver.dns.DnsResolveContext$2.operationComplete(DnsResolveContext.java:512)
	at io.netty.util.concurrent.DefaultPromise.notifyListener0(DefaultPromise.java:604)
	at io.netty.util.concurrent.DefaultPromise.notifyListeners0(DefaultPromise.java:597)
	at io.netty.util.concurrent.DefaultPromise.notifyListenersNow(DefaultPromise.java:573)
	at io.netty.util.concurrent.DefaultPromise.notifyListeners(DefaultPromise.java:506)
	at io.netty.util.concurrent.DefaultPromise.setValue0(DefaultPromise.java:650)
	at io.netty.util.concurrent.DefaultPromise.setFailure0(DefaultPromise.java:643)
	at io.netty.util.concurrent.DefaultPromise.tryFailure(DefaultPromise.java:132)
	at io.netty.resolver.dns.DnsQueryContext.finishFailure(DnsQueryContext.java:346)
	at io.netty.resolver.dns.DnsQueryContext$4.run(DnsQueryContext.java:281)
	at io.netty.util.concurrent.PromiseTask.runTask(PromiseTask.java:98)
	at io.netty.util.concurrent.ScheduledFutureTask.run(ScheduledFutureTask.java:160)
	at io.netty.util.concurrent.AbstractEventExecutor.runTask(AbstractEventExecutor.java:148)
	at io.netty.util.concurrent.AbstractEventExecutor.safeExecute$$$capture(AbstractEventExecutor.java:141)
	at io.netty.util.concurrent.AbstractEventExecutor.safeExecute(AbstractEventExecutor.java)
	at io.netty.util.concurrent.SingleThreadEventExecutor.runAllTasks(SingleThreadEventExecutor.java:535)
	at io.netty.channel.SingleThreadIoEventLoop.run(SingleThreadIoEventLoop.java:201)
	at io.netty.util.concurrent.SingleThreadEventExecutor$5.run(SingleThreadEventExecutor.java:1195)
	at io.netty.util.internal.ThreadExecutorMap$2.run(ThreadExecutorMap.java:74)
	at io.netty.util.concurrent.FastThreadLocalRunnable.run(FastThreadLocalRunnable.java:30)
	at java.base/java.lang.Thread.run(Thread.java:1583)
Caused by: io.netty.resolver.dns.DnsNameResolverTimeoutException: [12869: /10.246.32.204:53] DefaultDnsQuestion(measured-cowbird-128774.upstash.io. IN A) query '12869' via UDP timed out after 5000 milliseconds (no stack trace available)
2026-08-05 14:32:37 INFO  i.l.core.protocol.ConnectionWatchdog - Reconnecting, last destination was measured-cowbird-128774.upstash.io/<unresolved>:6379
2026-08-05 14:32:42 WARN  i.l.core.protocol.ConnectionWatchdog - Cannot reconnect to [measured-cowbird-128774.upstash.io/<unresolved>:6379]: Failed to resolve 'measured-cowbird-128774.upstash.io' [A(1)]
java.net.UnknownHostException: Failed to resolve 'measured-cowbird-128774.upstash.io' [A(1)]
	at io.netty.resolver.dns.DnsResolveContext.finishResolve(DnsResolveContext.java:1137)
	at io.netty.resolver.dns.DnsResolveContext.tryToFinishResolve(DnsResolveContext.java:1084)
	at io.netty.resolver.dns.DnsResolveContext.query(DnsResolveContext.java:443)
	at io.netty.resolver.dns.DnsResolveContext.access$700(DnsResolveContext.java:69)
	at io.netty.resolver.dns.DnsResolveContext$2.operationComplete(DnsResolveContext.java:512)
	at io.netty.util.concurrent.DefaultPromise.notifyListener0(DefaultPromise.java:604)
	at io.netty.util.concurrent.DefaultPromise.notifyListeners0(DefaultPromise.java:597)
	at io.netty.util.concurrent.DefaultPromise.notifyListenersNow(DefaultPromise.java:573)
	at io.netty.util.concurrent.DefaultPromise.notifyListeners(DefaultPromise.java:506)
	at io.netty.util.concurrent.DefaultPromise.setValue0(DefaultPromise.java:650)
	at io.netty.util.concurrent.DefaultPromise.setFailure0(DefaultPromise.java:643)
	at io.netty.util.concurrent.DefaultPromise.tryFailure(DefaultPromise.java:132)
	at io.netty.resolver.dns.DnsQueryContext.finishFailure(DnsQueryContext.java:346)
	at io.netty.resolver.dns.DnsQueryContext$4.run(DnsQueryContext.java:281)
	at io.netty.util.concurrent.PromiseTask.runTask(PromiseTask.java:98)
	at io.netty.util.concurrent.ScheduledFutureTask.run(ScheduledFutureTask.java:160)
	at io.netty.util.concurrent.AbstractEventExecutor.runTask(AbstractEventExecutor.java:148)
	at io.netty.util.concurrent.AbstractEventExecutor.safeExecute$$$capture(AbstractEventExecutor.java:141)
	at io.netty.util.concurrent.AbstractEventExecutor.safeExecute(AbstractEventExecutor.java)
	at io.netty.util.concurrent.SingleThreadEventExecutor.runAllTasks(SingleThreadEventExecutor.java:535)
	at io.netty.channel.SingleThreadIoEventLoop.run(SingleThreadIoEventLoop.java:201)
	at io.netty.util.concurrent.SingleThreadEventExecutor$5.run(SingleThreadEventExecutor.java:1195)
	at io.netty.util.internal.ThreadExecutorMap$2.run(ThreadExecutorMap.java:74)
	at io.netty.util.concurrent.FastThreadLocalRunnable.run(FastThreadLocalRunnable.java:30)
	at java.base/java.lang.Thread.run(Thread.java:1583)
Caused by: io.netty.resolver.dns.DnsNameResolverTimeoutException: [6088: /10.246.32.204:53] DefaultDnsQuestion(measured-cowbird-128774.upstash.io. IN A) query '6088' via UDP timed out after 5000 milliseconds (no stack trace available)
2026-08-05 14:33:12 INFO  i.l.core.protocol.ConnectionWatchdog - Reconnecting, last destination was measured-cowbird-128774.upstash.io/<unresolved>:6379
2026-08-05 14:33:17 WARN  i.l.core.protocol.ConnectionWatchdog - Cannot reconnect to [measured-cowbird-128774.upstash.io/<unresolved>:6379]: Failed to resolve 'measured-cowbird-128774.upstash.io' [A(1)]
java.net.UnknownHostException: Failed to resolve 'measured-cowbird-128774.upstash.io' [A(1)]
	at io.netty.resolver.dns.DnsResolveContext.finishResolve(DnsResolveContext.java:1137)
	at io.netty.resolver.dns.DnsResolveContext.tryToFinishResolve(DnsResolveContext.java:1084)
	at io.netty.resolver.dns.DnsResolveContext.query(DnsResolveContext.java:443)
	at io.netty.resolver.dns.DnsResolveContext.access$700(DnsResolveContext.java:69)
	at io.netty.resolver.dns.DnsResolveContext$2.operationComplete(DnsResolveContext.java:512)
	at io.netty.util.concurrent.DefaultPromise.notifyListener0(DefaultPromise.java:604)
	at io.netty.util.concurrent.DefaultPromise.notifyListeners0(DefaultPromise.java:597)
	at io.netty.util.concurrent.DefaultPromise.notifyListenersNow(DefaultPromise.java:573)
	at io.netty.util.concurrent.DefaultPromise.notifyListeners(DefaultPromise.java:506)
	at io.netty.util.concurrent.DefaultPromise.setValue0(DefaultPromise.java:650)
	at io.netty.util.concurrent.DefaultPromise.setFailure0(DefaultPromise.java:643)
	at io.netty.util.concurrent.DefaultPromise.tryFailure(DefaultPromise.java:132)
	at io.netty.resolver.dns.DnsQueryContext.finishFailure(DnsQueryContext.java:346)
	at io.netty.resolver.dns.DnsQueryContext$4.run(DnsQueryContext.java:281)
	at io.netty.util.concurrent.PromiseTask.runTask(PromiseTask.java:98)
	at io.netty.util.concurrent.ScheduledFutureTask.run(ScheduledFutureTask.java:160)
	at io.netty.util.concurrent.AbstractEventExecutor.runTask(AbstractEventExecutor.java:148)
	at io.netty.util.concurrent.AbstractEventExecutor.safeExecute$$$capture(AbstractEventExecutor.java:141)
	at io.netty.util.concurrent.AbstractEventExecutor.safeExecute(AbstractEventExecutor.java)
	at io.netty.util.concurrent.SingleThreadEventExecutor.runAllTasks(SingleThreadEventExecutor.java:535)
	at io.netty.channel.SingleThreadIoEventLoop.run(SingleThreadIoEventLoop.java:201)
	at io.netty.util.concurrent.SingleThreadEventExecutor$5.run(SingleThreadEventExecutor.java:1195)
	at io.netty.util.internal.ThreadExecutorMap$2.run(ThreadExecutorMap.java:74)
	at io.netty.util.concurrent.FastThreadLocalRunnable.run(FastThreadLocalRunnable.java:30)
	at java.base/java.lang.Thread.run(Thread.java:1583)
Caused by: io.netty.resolver.dns.DnsNameResolverTimeoutException: [5759: /10.246.32.204:53] DefaultDnsQuestion(measured-cowbird-128774.upstash.io. IN A) query '5759' via UDP timed out after 5000 milliseconds (no stack trace available)
2026-08-05 14:33:47 INFO  i.l.core.protocol.ConnectionWatchdog - Reconnecting, last destination was measured-cowbird-128774.upstash.io/<unresolved>:6379
2026-08-05 14:33:52 WARN  i.l.core.protocol.ConnectionWatchdog - Cannot reconnect to [measured-cowbird-128774.upstash.io/<unresolved>:6379]: Failed to resolve 'measured-cowbird-128774.upstash.io' [A(1)]
java.net.UnknownHostException: Failed to resolve 'measured-cowbird-128774.upstash.io' [A(1)]
	at io.netty.resolver.dns.DnsResolveContext.finishResolve(DnsResolveContext.java:1137)
	at io.netty.resolver.dns.DnsResolveContext.tryToFinishResolve(DnsResolveContext.java:1084)
	at io.netty.resolver.dns.DnsResolveContext.query(DnsResolveContext.java:443)
	at io.netty.resolver.dns.DnsResolveContext.access$700(DnsResolveContext.java:69)
	at io.netty.resolver.dns.DnsResolveContext$2.operationComplete(DnsResolveContext.java:512)
	at io.netty.util.concurrent.DefaultPromise.notifyListener0(DefaultPromise.java:604)
	at io.netty.util.concurrent.DefaultPromise.notifyListeners0(DefaultPromise.java:597)
	at io.netty.util.concurrent.DefaultPromise.notifyListenersNow(DefaultPromise.java:573)
	at io.netty.util.concurrent.DefaultPromise.notifyListeners(DefaultPromise.java:506)
	at io.netty.util.concurrent.DefaultPromise.setValue0(DefaultPromise.java:650)
	at io.netty.util.concurrent.DefaultPromise.setFailure0(DefaultPromise.java:643)
	at io.netty.util.concurrent.DefaultPromise.tryFailure(DefaultPromise.java:132)
	at io.netty.resolver.dns.DnsQueryContext.finishFailure(DnsQueryContext.java:346)
	at io.netty.resolver.dns.DnsQueryContext$4.run(DnsQueryContext.java:281)
	at io.netty.util.concurrent.PromiseTask.runTask(PromiseTask.java:98)
	at io.netty.util.concurrent.ScheduledFutureTask.run(ScheduledFutureTask.java:160)
	at io.netty.util.concurrent.AbstractEventExecutor.runTask(AbstractEventExecutor.java:148)
	at io.netty.util.concurrent.AbstractEventExecutor.safeExecute$$$capture(AbstractEventExecutor.java:141)
	at io.netty.util.concurrent.AbstractEventExecutor.safeExecute(AbstractEventExecutor.java)
	at io.netty.util.concurrent.SingleThreadEventExecutor.runAllTasks(SingleThreadEventExecutor.java:535)
	at io.netty.channel.SingleThreadIoEventLoop.run(SingleThreadIoEventLoop.java:201)
	at io.netty.util.concurrent.SingleThreadEventExecutor$5.run(SingleThreadEventExecutor.java:1195)
	at io.netty.util.internal.ThreadExecutorMap$2.run(ThreadExecutorMap.java:74)
	at io.netty.util.concurrent.FastThreadLocalRunnable.run(FastThreadLocalRunnable.java:30)
	at java.base/java.lang.Thread.run(Thread.java:1583)
Caused by: io.netty.resolver.dns.DnsNameResolverTimeoutException: [5315: /10.246.32.204:53] DefaultDnsQuestion(measured-cowbird-128774.upstash.io. IN A) query '5315' via UDP timed out after 5000 milliseconds (no stack trace available)
2026-08-05 14:34:22 INFO  i.l.core.protocol.ConnectionWatchdog - Reconnecting, last destination was measured-cowbird-128774.upstash.io/<unresolved>:6379
2026-08-05 14:34:27 WARN  i.l.core.protocol.ConnectionWatchdog - Cannot reconnect to [measured-cowbird-128774.upstash.io/<unresolved>:6379]: Failed to resolve 'measured-cowbird-128774.upstash.io' [A(1)]
java.net.UnknownHostException: Failed to resolve 'measured-cowbird-128774.upstash.io' [A(1)]
	at io.netty.resolver.dns.DnsResolveContext.finishResolve(DnsResolveContext.java:1137)
	at io.netty.resolver.dns.DnsResolveContext.tryToFinishResolve(DnsResolveContext.java:1084)
	at io.netty.resolver.dns.DnsResolveContext.query(DnsResolveContext.java:443)
	at io.netty.resolver.dns.DnsResolveContext.access$700(DnsResolveContext.java:69)
	at io.netty.resolver.dns.DnsResolveContext$2.operationComplete(DnsResolveContext.java:512)
	at io.netty.util.concurrent.DefaultPromise.notifyListener0(DefaultPromise.java:604)
	at io.netty.util.concurrent.DefaultPromise.notifyListeners0(DefaultPromise.java:597)
	at io.netty.util.concurrent.DefaultPromise.notifyListenersNow(DefaultPromise.java:573)
	at io.netty.util.concurrent.DefaultPromise.notifyListeners(DefaultPromise.java:506)
	at io.netty.util.concurrent.DefaultPromise.setValue0(DefaultPromise.java:650)
	at io.netty.util.concurrent.DefaultPromise.setFailure0(DefaultPromise.java:643)
	at io.netty.util.concurrent.DefaultPromise.tryFailure(DefaultPromise.java:132)
	at io.netty.resolver.dns.DnsQueryContext.finishFailure(DnsQueryContext.java:346)
	at io.netty.resolver.dns.DnsQueryContext$4.run(DnsQueryContext.java:281)
	at io.netty.util.concurrent.PromiseTask.runTask(PromiseTask.java:98)
	at io.netty.util.concurrent.ScheduledFutureTask.run(ScheduledFutureTask.java:160)
	at io.netty.util.concurrent.AbstractEventExecutor.runTask(AbstractEventExecutor.java:148)
	at io.netty.util.concurrent.AbstractEventExecutor.safeExecute$$$capture(AbstractEventExecutor.java:141)
	at io.netty.util.concurrent.AbstractEventExecutor.safeExecute(AbstractEventExecutor.java)
	at io.netty.util.concurrent.SingleThreadEventExecutor.runAllTasks(SingleThreadEventExecutor.java:535)
	at io.netty.channel.SingleThreadIoEventLoop.run(SingleThreadIoEventLoop.java:201)
	at io.netty.util.concurrent.SingleThreadEventExecutor$5.run(SingleThreadEventExecutor.java:1195)
	at io.netty.util.internal.ThreadExecutorMap$2.run(ThreadExecutorMap.java:74)
	at io.netty.util.concurrent.FastThreadLocalRunnable.run(FastThreadLocalRunnable.java:30)
	at java.base/java.lang.Thread.run(Thread.java:1583)
Caused by: io.netty.resolver.dns.DnsNameResolverTimeoutException: [14516: /10.246.32.204:53] DefaultDnsQuestion(measured-cowbird-128774.upstash.io. IN A) query '14516' via UDP timed out after 5000 milliseconds (no stack trace available)
2026-08-05 14:34:57 INFO  i.l.core.protocol.ConnectionWatchdog - Reconnecting, last destination was measured-cowbird-128774.upstash.io/<unresolved>:6379
2026-08-05 14:35:02 WARN  i.l.core.protocol.ConnectionWatchdog - Cannot reconnect to [measured-cowbird-128774.upstash.io/<unresolved>:6379]: Failed to resolve 'measured-cowbird-128774.upstash.io' [A(1)]
java.net.UnknownHostException: Failed to resolve 'measured-cowbird-128774.upstash.io' [A(1)]
	at io.netty.resolver.dns.DnsResolveContext.finishResolve(DnsResolveContext.java:1137)
	at io.netty.resolver.dns.DnsResolveContext.tryToFinishResolve(DnsResolveContext.java:1084)
	at io.netty.resolver.dns.DnsResolveContext.query(DnsResolveContext.java:443)
	at io.netty.resolver.dns.DnsResolveContext.access$700(DnsResolveContext.java:69)
	at io.netty.resolver.dns.DnsResolveContext$2.operationComplete(DnsResolveContext.java:512)
	at io.netty.util.concurrent.DefaultPromise.notifyListener0(DefaultPromise.java:604)
	at io.netty.util.concurrent.DefaultPromise.notifyListeners0(DefaultPromise.java:597)
	at io.netty.util.concurrent.DefaultPromise.notifyListenersNow(DefaultPromise.java:573)
	at io.netty.util.concurrent.DefaultPromise.notifyListeners(DefaultPromise.java:506)
	at io.netty.util.concurrent.DefaultPromise.setValue0(DefaultPromise.java:650)
	at io.netty.util.concurrent.DefaultPromise.setFailure0(DefaultPromise.java:643)
	at io.netty.util.concurrent.DefaultPromise.tryFailure(DefaultPromise.java:132)
	at io.netty.resolver.dns.DnsQueryContext.finishFailure(DnsQueryContext.java:346)
	at io.netty.resolver.dns.DnsQueryContext$4.run(DnsQueryContext.java:281)
	at io.netty.util.concurrent.PromiseTask.runTask(PromiseTask.java:98)
	at io.netty.util.concurrent.ScheduledFutureTask.run(ScheduledFutureTask.java:160)
	at io.netty.util.concurrent.AbstractEventExecutor.runTask(AbstractEventExecutor.java:148)
	at io.netty.util.concurrent.AbstractEventExecutor.safeExecute$$$capture(AbstractEventExecutor.java:141)
	at io.netty.util.concurrent.AbstractEventExecutor.safeExecute(AbstractEventExecutor.java)
	at io.netty.util.concurrent.SingleThreadEventExecutor.runAllTasks(SingleThreadEventExecutor.java:535)
	at io.netty.channel.SingleThreadIoEventLoop.run(SingleThreadIoEventLoop.java:201)
	at io.netty.util.concurrent.SingleThreadEventExecutor$5.run(SingleThreadEventExecutor.java:1195)
	at io.netty.util.internal.ThreadExecutorMap$2.run(ThreadExecutorMap.java:74)
	at io.netty.util.concurrent.FastThreadLocalRunnable.run(FastThreadLocalRunnable.java:30)
	at java.base/java.lang.Thread.run(Thread.java:1583)
Caused by: io.netty.resolver.dns.DnsNameResolverTimeoutException: [10721: /10.246.32.204:53] DefaultDnsQuestion(measured-cowbird-128774.upstash.io. IN A) query '10721' via UDP timed out after 5000 milliseconds (no stack trace available)
2026-08-05 14:35:32 INFO  i.l.core.protocol.ConnectionWatchdog - Reconnecting, last destination was measured-cowbird-128774.upstash.io/<unresolved>:6379
2026-08-05 14:35:37 WARN  i.l.core.protocol.ConnectionWatchdog - Cannot reconnect to [measured-cowbird-128774.upstash.io/<unresolved>:6379]: Failed to resolve 'measured-cowbird-128774.upstash.io' [A(1)]
java.net.UnknownHostException: Failed to resolve 'measured-cowbird-128774.upstash.io' [A(1)]
	at io.netty.resolver.dns.DnsResolveContext.finishResolve(DnsResolveContext.java:1137)
	at io.netty.resolver.dns.DnsResolveContext.tryToFinishResolve(DnsResolveContext.java:1084)
	at io.netty.resolver.dns.DnsResolveContext.query(DnsResolveContext.java:443)
	at io.netty.resolver.dns.DnsResolveContext.access$700(DnsResolveContext.java:69)
	at io.netty.resolver.dns.DnsResolveContext$2.operationComplete(DnsResolveContext.java:512)
	at io.netty.util.concurrent.DefaultPromise.notifyListener0(DefaultPromise.java:604)
	at io.netty.util.concurrent.DefaultPromise.notifyListeners0(DefaultPromise.java:597)
	at io.netty.util.concurrent.DefaultPromise.notifyListenersNow(DefaultPromise.java:573)
	at io.netty.util.concurrent.DefaultPromise.notifyListeners(DefaultPromise.java:506)
	at io.netty.util.concurrent.DefaultPromise.setValue0(DefaultPromise.java:650)
	at io.netty.util.concurrent.DefaultPromise.setFailure0(DefaultPromise.java:643)
	at io.netty.util.concurrent.DefaultPromise.tryFailure(DefaultPromise.java:132)
	at io.netty.resolver.dns.DnsQueryContext.finishFailure(DnsQueryContext.java:346)
	at io.netty.resolver.dns.DnsQueryContext$4.run(DnsQueryContext.java:281)
	at io.netty.util.concurrent.PromiseTask.runTask(PromiseTask.java:98)
	at io.netty.util.concurrent.ScheduledFutureTask.run(ScheduledFutureTask.java:160)
	at io.netty.util.concurrent.AbstractEventExecutor.runTask(AbstractEventExecutor.java:148)
	at io.netty.util.concurrent.AbstractEventExecutor.safeExecute$$$capture(AbstractEventExecutor.java:141)
	at io.netty.util.concurrent.AbstractEventExecutor.safeExecute(AbstractEventExecutor.java)
	at io.netty.util.concurrent.SingleThreadEventExecutor.runAllTasks(SingleThreadEventExecutor.java:535)
	at io.netty.channel.SingleThreadIoEventLoop.run(SingleThreadIoEventLoop.java:201)
	at io.netty.util.concurrent.SingleThreadEventExecutor$5.run(SingleThreadEventExecutor.java:1195)
	at io.netty.util.internal.ThreadExecutorMap$2.run(ThreadExecutorMap.java:74)
	at io.netty.util.concurrent.FastThreadLocalRunnable.run(FastThreadLocalRunnable.java:30)
	at java.base/java.lang.Thread.run(Thread.java:1583)
Caused by: io.netty.resolver.dns.DnsNameResolverTimeoutException: [14079: /10.246.32.204:53] DefaultDnsQuestion(measured-cowbird-128774.upstash.io. IN A) query '14079' via UDP timed out after 5000 milliseconds (no stack trace available)
2026-08-05 14:36:07 INFO  i.l.core.protocol.ConnectionWatchdog - Reconnecting, last destination was measured-cowbird-128774.upstash.io/<unresolved>:6379
2026-08-05 14:36:12 WARN  i.l.core.protocol.ConnectionWatchdog - Cannot reconnect to [measured-cowbird-128774.upstash.io/<unresolved>:6379]: Failed to resolve 'measured-cowbird-128774.upstash.io' [A(1)]
java.net.UnknownHostException: Failed to resolve 'measured-cowbird-128774.upstash.io' [A(1)]
	at io.netty.resolver.dns.DnsResolveContext.finishResolve(DnsResolveContext.java:1137)
	at io.netty.resolver.dns.DnsResolveContext.tryToFinishResolve(DnsResolveContext.java:1084)
	at io.netty.resolver.dns.DnsResolveContext.query(DnsResolveContext.java:443)
	at io.netty.resolver.dns.DnsResolveContext.access$700(DnsResolveContext.java:69)
	at io.netty.resolver.dns.DnsResolveContext$2.operationComplete(DnsResolveContext.java:512)
	at io.netty.util.concurrent.DefaultPromise.notifyListener0(DefaultPromise.java:604)
	at io.netty.util.concurrent.DefaultPromise.notifyListeners0(DefaultPromise.java:597)
	at io.netty.util.concurrent.DefaultPromise.notifyListenersNow(DefaultPromise.java:573)
	at io.netty.util.concurrent.DefaultPromise.notifyListeners(DefaultPromise.java:506)
	at io.netty.util.concurrent.DefaultPromise.setValue0(DefaultPromise.java:650)
	at io.netty.util.concurrent.DefaultPromise.setFailure0(DefaultPromise.java:643)
	at io.netty.util.concurrent.DefaultPromise.tryFailure(DefaultPromise.java:132)
	at io.netty.resolver.dns.DnsQueryContext.finishFailure(DnsQueryContext.java:346)
	at io.netty.resolver.dns.DnsQueryContext$4.run(DnsQueryContext.java:281)
	at io.netty.util.concurrent.PromiseTask.runTask(PromiseTask.java:98)
	at io.netty.util.concurrent.ScheduledFutureTask.run(ScheduledFutureTask.java:160)
	at io.netty.util.concurrent.AbstractEventExecutor.runTask(AbstractEventExecutor.java:148)
	at io.netty.util.concurrent.AbstractEventExecutor.safeExecute$$$capture(AbstractEventExecutor.java:141)
	at io.netty.util.concurrent.AbstractEventExecutor.safeExecute(AbstractEventExecutor.java)
	at io.netty.util.concurrent.SingleThreadEventExecutor.runAllTasks(SingleThreadEventExecutor.java:535)
	at io.netty.channel.SingleThreadIoEventLoop.run(SingleThreadIoEventLoop.java:201)
	at io.netty.util.concurrent.SingleThreadEventExecutor$5.run(SingleThreadEventExecutor.java:1195)
	at io.netty.util.internal.ThreadExecutorMap$2.run(ThreadExecutorMap.java:74)
	at io.netty.util.concurrent.FastThreadLocalRunnable.run(FastThreadLocalRunnable.java:30)
	at java.base/java.lang.Thread.run(Thread.java:1583)
Caused by: io.netty.resolver.dns.DnsNameResolverTimeoutException: [11248: /10.246.32.204:53] DefaultDnsQuestion(measured-cowbird-128774.upstash.io. IN A) query '11248' via UDP timed out after 5000 milliseconds (no stack trace available)
2026-08-05 14:36:42 INFO  i.l.core.protocol.ConnectionWatchdog - Reconnecting, last destination was measured-cowbird-128774.upstash.io/<unresolved>:6379
2026-08-05 14:36:47 WARN  i.l.core.protocol.ConnectionWatchdog - Cannot reconnect to [measured-cowbird-128774.upstash.io/<unresolved>:6379]: Failed to resolve 'measured-cowbird-128774.upstash.io' [A(1)]
java.net.UnknownHostException: Failed to resolve 'measured-cowbird-128774.upstash.io' [A(1)]
	at io.netty.resolver.dns.DnsResolveContext.finishResolve(DnsResolveContext.java:1137)
	at io.netty.resolver.dns.DnsResolveContext.tryToFinishResolve(DnsResolveContext.java:1084)
	at io.netty.resolver.dns.DnsResolveContext.query(DnsResolveContext.java:443)
	at io.netty.resolver.dns.DnsResolveContext.access$700(DnsResolveContext.java:69)
	at io.netty.resolver.dns.DnsResolveContext$2.operationComplete(DnsResolveContext.java:512)
	at io.netty.util.concurrent.DefaultPromise.notifyListener0(DefaultPromise.java:604)
	at io.netty.util.concurrent.DefaultPromise.notifyListeners0(DefaultPromise.java:597)
	at io.netty.util.concurrent.DefaultPromise.notifyListenersNow(DefaultPromise.java:573)
	at io.netty.util.concurrent.DefaultPromise.notifyListeners(DefaultPromise.java:506)
	at io.netty.util.concurrent.DefaultPromise.setValue0(DefaultPromise.java:650)
	at io.netty.util.concurrent.DefaultPromise.setFailure0(DefaultPromise.java:643)
	at io.netty.util.concurrent.DefaultPromise.tryFailure(DefaultPromise.java:132)
	at io.netty.resolver.dns.DnsQueryContext.finishFailure(DnsQueryContext.java:346)
	at io.netty.resolver.dns.DnsQueryContext$4.run(DnsQueryContext.java:281)
	at io.netty.util.concurrent.PromiseTask.runTask(PromiseTask.java:98)
	at io.netty.util.concurrent.ScheduledFutureTask.run(ScheduledFutureTask.java:160)
	at io.netty.util.concurrent.AbstractEventExecutor.runTask(AbstractEventExecutor.java:148)
	at io.netty.util.concurrent.AbstractEventExecutor.safeExecute$$$capture(AbstractEventExecutor.java:141)
	at io.netty.util.concurrent.AbstractEventExecutor.safeExecute(AbstractEventExecutor.java)
	at io.netty.util.concurrent.SingleThreadEventExecutor.runAllTasks(SingleThreadEventExecutor.java:535)
	at io.netty.channel.SingleThreadIoEventLoop.run(SingleThreadIoEventLoop.java:201)
	at io.netty.util.concurrent.SingleThreadEventExecutor$5.run(SingleThreadEventExecutor.java:1195)
	at io.netty.util.internal.ThreadExecutorMap$2.run(ThreadExecutorMap.java:74)
	at io.netty.util.concurrent.FastThreadLocalRunnable.run(FastThreadLocalRunnable.java:30)
	at java.base/java.lang.Thread.run(Thread.java:1583)
Caused by: io.netty.resolver.dns.DnsNameResolverTimeoutException: [899: /10.246.32.204:53] DefaultDnsQuestion(measured-cowbird-128774.upstash.io. IN A) query '899' via UDP timed out after 5000 milliseconds (no stack trace available)
2026-08-05 14:37:17 INFO  i.l.core.protocol.ConnectionWatchdog - Reconnecting, last destination was measured-cowbird-128774.upstash.io/<unresolved>:6379
2026-08-05 14:37:22 WARN  i.l.core.protocol.ConnectionWatchdog - Cannot reconnect to [measured-cowbird-128774.upstash.io/<unresolved>:6379]: Failed to resolve 'measured-cowbird-128774.upstash.io' [A(1)]
java.net.UnknownHostException: Failed to resolve 'measured-cowbird-128774.upstash.io' [A(1)]
	at io.netty.resolver.dns.DnsResolveContext.finishResolve(DnsResolveContext.java:1137)
	at io.netty.resolver.dns.DnsResolveContext.tryToFinishResolve(DnsResolveContext.java:1084)
	at io.netty.resolver.dns.DnsResolveContext.query(DnsResolveContext.java:443)
	at io.netty.resolver.dns.DnsResolveContext.access$700(DnsResolveContext.java:69)
	at io.netty.resolver.dns.DnsResolveContext$2.operationComplete(DnsResolveContext.java:512)
	at io.netty.util.concurrent.DefaultPromise.notifyListener0(DefaultPromise.java:604)
	at io.netty.util.concurrent.DefaultPromise.notifyListeners0(DefaultPromise.java:597)
	at io.netty.util.concurrent.DefaultPromise.notifyListenersNow(DefaultPromise.java:573)
	at io.netty.util.concurrent.DefaultPromise.notifyListeners(DefaultPromise.java:506)
	at io.netty.util.concurrent.DefaultPromise.setValue0(DefaultPromise.java:650)
	at io.netty.util.concurrent.DefaultPromise.setFailure0(DefaultPromise.java:643)
	at io.netty.util.concurrent.DefaultPromise.tryFailure(DefaultPromise.java:132)
	at io.netty.resolver.dns.DnsQueryContext.finishFailure(DnsQueryContext.java:346)
	at io.netty.resolver.dns.DnsQueryContext$4.run(DnsQueryContext.java:281)
	at io.netty.util.concurrent.PromiseTask.runTask(PromiseTask.java:98)
	at io.netty.util.concurrent.ScheduledFutureTask.run(ScheduledFutureTask.java:160)
	at io.netty.util.concurrent.AbstractEventExecutor.runTask(AbstractEventExecutor.java:148)
	at io.netty.util.concurrent.AbstractEventExecutor.safeExecute$$$capture(AbstractEventExecutor.java:141)
	at io.netty.util.concurrent.AbstractEventExecutor.safeExecute(AbstractEventExecutor.java)
	at io.netty.util.concurrent.SingleThreadEventExecutor.runAllTasks(SingleThreadEventExecutor.java:535)
	at io.netty.channel.SingleThreadIoEventLoop.run(SingleThreadIoEventLoop.java:201)
	at io.netty.util.concurrent.SingleThreadEventExecutor$5.run(SingleThreadEventExecutor.java:1195)
	at io.netty.util.internal.ThreadExecutorMap$2.run(ThreadExecutorMap.java:74)
	at io.netty.util.concurrent.FastThreadLocalRunnable.run(FastThreadLocalRunnable.java:30)
	at java.base/java.lang.Thread.run(Thread.java:1583)
Caused by: io.netty.resolver.dns.DnsNameResolverTimeoutException: [1947: /10.246.32.204:53] DefaultDnsQuestion(measured-cowbird-128774.upstash.io. IN A) query '1947' via UDP timed out after 5000 milliseconds (no stack trace available)
2026-08-05 14:37:52 INFO  i.l.core.protocol.ConnectionWatchdog - Reconnecting, last destination was measured-cowbird-128774.upstash.io/<unresolved>:6379
2026-08-05 14:37:58 WARN  i.l.core.protocol.ConnectionWatchdog - Cannot reconnect to [measured-cowbird-128774.upstash.io/<unresolved>:6379]: Failed to resolve 'measured-cowbird-128774.upstash.io' [A(1)]
java.net.UnknownHostException: Failed to resolve 'measured-cowbird-128774.upstash.io' [A(1)]
	at io.netty.resolver.dns.DnsResolveContext.finishResolve(DnsResolveContext.java:1137)
	at io.netty.resolver.dns.DnsResolveContext.tryToFinishResolve(DnsResolveContext.java:1084)
	at io.netty.resolver.dns.DnsResolveContext.query(DnsResolveContext.java:443)
	at io.netty.resolver.dns.DnsResolveContext.access$700(DnsResolveContext.java:69)
	at io.netty.resolver.dns.DnsResolveContext$2.operationComplete(DnsResolveContext.java:512)
	at io.netty.util.concurrent.DefaultPromise.notifyListener0(DefaultPromise.java:604)
	at io.netty.util.concurrent.DefaultPromise.notifyListeners0(DefaultPromise.java:597)
	at io.netty.util.concurrent.DefaultPromise.notifyListenersNow(DefaultPromise.java:573)
	at io.netty.util.concurrent.DefaultPromise.notifyListeners(DefaultPromise.java:506)
	at io.netty.util.concurrent.DefaultPromise.setValue0(DefaultPromise.java:650)
	at io.netty.util.concurrent.DefaultPromise.setFailure0(DefaultPromise.java:643)
	at io.netty.util.concurrent.DefaultPromise.tryFailure(DefaultPromise.java:132)
	at io.netty.resolver.dns.DnsQueryContext.finishFailure(DnsQueryContext.java:346)
	at io.netty.resolver.dns.DnsQueryContext$4.run(DnsQueryContext.java:281)
	at io.netty.util.concurrent.PromiseTask.runTask(PromiseTask.java:98)
	at io.netty.util.concurrent.ScheduledFutureTask.run(ScheduledFutureTask.java:160)
	at io.netty.util.concurrent.AbstractEventExecutor.runTask(AbstractEventExecutor.java:148)
	at io.netty.util.concurrent.AbstractEventExecutor.safeExecute$$$capture(AbstractEventExecutor.java:141)
	at io.netty.util.concurrent.AbstractEventExecutor.safeExecute(AbstractEventExecutor.java)
	at io.netty.util.concurrent.SingleThreadEventExecutor.runAllTasks(SingleThreadEventExecutor.java:535)
	at io.netty.channel.SingleThreadIoEventLoop.run(SingleThreadIoEventLoop.java:201)
	at io.netty.util.concurrent.SingleThreadEventExecutor$5.run(SingleThreadEventExecutor.java:1195)
	at io.netty.util.internal.ThreadExecutorMap$2.run(ThreadExecutorMap.java:74)
	at io.netty.util.concurrent.FastThreadLocalRunnable.run(FastThreadLocalRunnable.java:30)
	at java.base/java.lang.Thread.run(Thread.java:1583)
Caused by: io.netty.resolver.dns.DnsNameResolverTimeoutException: [1844: /10.246.32.204:53] DefaultDnsQuestion(measured-cowbird-128774.upstash.io. IN A) query '1844' via UDP timed out after 5000 milliseconds (no stack trace available)
2026-08-05 14:38:28 INFO  i.l.core.protocol.ConnectionWatchdog - Reconnecting, last destination was measured-cowbird-128774.upstash.io/<unresolved>:6379
2026-08-05 14:38:33 WARN  i.l.core.protocol.ConnectionWatchdog - Cannot reconnect to [measured-cowbird-128774.upstash.io/<unresolved>:6379]: Failed to resolve 'measured-cowbird-128774.upstash.io' [A(1)]
java.net.UnknownHostException: Failed to resolve 'measured-cowbird-128774.upstash.io' [A(1)]
	at io.netty.resolver.dns.DnsResolveContext.finishResolve(DnsResolveContext.java:1137)
	at io.netty.resolver.dns.DnsResolveContext.tryToFinishResolve(DnsResolveContext.java:1084)
	at io.netty.resolver.dns.DnsResolveContext.query(DnsResolveContext.java:443)
	at io.netty.resolver.dns.DnsResolveContext.access$700(DnsResolveContext.java:69)
	at io.netty.resolver.dns.DnsResolveContext$2.operationComplete(DnsResolveContext.java:512)
	at io.netty.util.concurrent.DefaultPromise.notifyListener0(DefaultPromise.java:604)
	at io.netty.util.concurrent.DefaultPromise.notifyListeners0(DefaultPromise.java:597)
	at io.netty.util.concurrent.DefaultPromise.notifyListenersNow(DefaultPromise.java:573)
	at io.netty.util.concurrent.DefaultPromise.notifyListeners(DefaultPromise.java:506)
	at io.netty.util.concurrent.DefaultPromise.setValue0(DefaultPromise.java:650)
	at io.netty.util.concurrent.DefaultPromise.setFailure0(DefaultPromise.java:643)
	at io.netty.util.concurrent.DefaultPromise.tryFailure(DefaultPromise.java:132)
	at io.netty.resolver.dns.DnsQueryContext.finishFailure(DnsQueryContext.java:346)
	at io.netty.resolver.dns.DnsQueryContext$4.run(DnsQueryContext.java:281)
	at io.netty.util.concurrent.PromiseTask.runTask(PromiseTask.java:98)
	at io.netty.util.concurrent.ScheduledFutureTask.run(ScheduledFutureTask.java:160)
	at io.netty.util.concurrent.AbstractEventExecutor.runTask(AbstractEventExecutor.java:148)
	at io.netty.util.concurrent.AbstractEventExecutor.safeExecute$$$capture(AbstractEventExecutor.java:141)
	at io.netty.util.concurrent.AbstractEventExecutor.safeExecute(AbstractEventExecutor.java)
	at io.netty.util.concurrent.SingleThreadEventExecutor.runAllTasks(SingleThreadEventExecutor.java:535)
	at io.netty.channel.SingleThreadIoEventLoop.run(SingleThreadIoEventLoop.java:201)
	at io.netty.util.concurrent.SingleThreadEventExecutor$5.run(SingleThreadEventExecutor.java:1195)
	at io.netty.util.internal.ThreadExecutorMap$2.run(ThreadExecutorMap.java:74)
	at io.netty.util.concurrent.FastThreadLocalRunnable.run(FastThreadLocalRunnable.java:30)
	at java.base/java.lang.Thread.run(Thread.java:1583)
Caused by: io.netty.resolver.dns.DnsNameResolverTimeoutException: [3383: /10.246.32.204:53] DefaultDnsQuestion(measured-cowbird-128774.upstash.io. IN A) query '3383' via UDP timed out after 5000 milliseconds (no stack trace available)
2026-08-05 14:39:03 INFO  i.l.core.protocol.ConnectionWatchdog - Reconnecting, last destination was measured-cowbird-128774.upstash.io/<unresolved>:6379
2026-08-05 14:39:08 WARN  i.l.core.protocol.ConnectionWatchdog - Cannot reconnect to [measured-cowbird-128774.upstash.io/<unresolved>:6379]: Failed to resolve 'measured-cowbird-128774.upstash.io' [A(1)]
java.net.UnknownHostException: Failed to resolve 'measured-cowbird-128774.upstash.io' [A(1)]
	at io.netty.resolver.dns.DnsResolveContext.finishResolve(DnsResolveContext.java:1137)
	at io.netty.resolver.dns.DnsResolveContext.tryToFinishResolve(DnsResolveContext.java:1084)
	at io.netty.resolver.dns.DnsResolveContext.query(DnsResolveContext.java:443)
	at io.netty.resolver.dns.DnsResolveContext.access$700(DnsResolveContext.java:69)
	at io.netty.resolver.dns.DnsResolveContext$2.operationComplete(DnsResolveContext.java:512)
	at io.netty.util.concurrent.DefaultPromise.notifyListener0(DefaultPromise.java:604)
	at io.netty.util.concurrent.DefaultPromise.notifyListeners0(DefaultPromise.java:597)
	at io.netty.util.concurrent.DefaultPromise.notifyListenersNow(DefaultPromise.java:573)
	at io.netty.util.concurrent.DefaultPromise.notifyListeners(DefaultPromise.java:506)
	at io.netty.util.concurrent.DefaultPromise.setValue0(DefaultPromise.java:650)
	at io.netty.util.concurrent.DefaultPromise.setFailure0(DefaultPromise.java:643)
	at io.netty.util.concurrent.DefaultPromise.tryFailure(DefaultPromise.java:132)
	at io.netty.resolver.dns.DnsQueryContext.finishFailure(DnsQueryContext.java:346)
	at io.netty.resolver.dns.DnsQueryContext$4.run(DnsQueryContext.java:281)
	at io.netty.util.concurrent.PromiseTask.runTask(PromiseTask.java:98)
	at io.netty.util.concurrent.ScheduledFutureTask.run(ScheduledFutureTask.java:160)
	at io.netty.util.concurrent.AbstractEventExecutor.runTask(AbstractEventExecutor.java:148)
	at io.netty.util.concurrent.AbstractEventExecutor.safeExecute$$$capture(AbstractEventExecutor.java:141)
	at io.netty.util.concurrent.AbstractEventExecutor.safeExecute(AbstractEventExecutor.java)
	at io.netty.util.concurrent.SingleThreadEventExecutor.runAllTasks(SingleThreadEventExecutor.java:535)
	at io.netty.channel.SingleThreadIoEventLoop.run(SingleThreadIoEventLoop.java:201)
	at io.netty.util.concurrent.SingleThreadEventExecutor$5.run(SingleThreadEventExecutor.java:1195)
	at io.netty.util.internal.ThreadExecutorMap$2.run(ThreadExecutorMap.java:74)
	at io.netty.util.concurrent.FastThreadLocalRunnable.run(FastThreadLocalRunnable.java:30)
	at java.base/java.lang.Thread.run(Thread.java:1583)
Caused by: io.netty.resolver.dns.DnsNameResolverTimeoutException: [12871: /10.246.32.204:53] DefaultDnsQuestion(measured-cowbird-128774.upstash.io. IN A) query '12871' via UDP timed out after 5000 milliseconds (no stack trace available)
2026-08-05 14:39:38 INFO  i.l.core.protocol.ConnectionWatchdog - Reconnecting, last destination was measured-cowbird-128774.upstash.io/<unresolved>:6379
2026-08-05 14:39:43 WARN  i.l.core.protocol.ConnectionWatchdog - Cannot reconnect to [measured-cowbird-128774.upstash.io/<unresolved>:6379]: Failed to resolve 'measured-cowbird-128774.upstash.io' [A(1)]
java.net.UnknownHostException: Failed to resolve 'measured-cowbird-128774.upstash.io' [A(1)]
	at io.netty.resolver.dns.DnsResolveContext.finishResolve(DnsResolveContext.java:1137)
	at io.netty.resolver.dns.DnsResolveContext.tryToFinishResolve(DnsResolveContext.java:1084)
	at io.netty.resolver.dns.DnsResolveContext.query(DnsResolveContext.java:443)
	at io.netty.resolver.dns.DnsResolveContext.access$700(DnsResolveContext.java:69)
	at io.netty.resolver.dns.DnsResolveContext$2.operationComplete(DnsResolveContext.java:512)
	at io.netty.util.concurrent.DefaultPromise.notifyListener0(DefaultPromise.java:604)
	at io.netty.util.concurrent.DefaultPromise.notifyListeners0(DefaultPromise.java:597)
	at io.netty.util.concurrent.DefaultPromise.notifyListenersNow(DefaultPromise.java:573)
	at io.netty.util.concurrent.DefaultPromise.notifyListeners(DefaultPromise.java:506)
	at io.netty.util.concurrent.DefaultPromise.setValue0(DefaultPromise.java:650)
	at io.netty.util.concurrent.DefaultPromise.setFailure0(DefaultPromise.java:643)
	at io.netty.util.concurrent.DefaultPromise.tryFailure(DefaultPromise.java:132)
	at io.netty.resolver.dns.DnsQueryContext.finishFailure(DnsQueryContext.java:346)
	at io.netty.resolver.dns.DnsQueryContext$4.run(DnsQueryContext.java:281)
	at io.netty.util.concurrent.PromiseTask.runTask(PromiseTask.java:98)
	at io.netty.util.concurrent.ScheduledFutureTask.run(ScheduledFutureTask.java:160)
	at io.netty.util.concurrent.AbstractEventExecutor.runTask(AbstractEventExecutor.java:148)
	at io.netty.util.concurrent.AbstractEventExecutor.safeExecute$$$capture(AbstractEventExecutor.java:141)
	at io.netty.util.concurrent.AbstractEventExecutor.safeExecute(AbstractEventExecutor.java)
	at io.netty.util.concurrent.SingleThreadEventExecutor.runAllTasks(SingleThreadEventExecutor.java:535)
	at io.netty.channel.SingleThreadIoEventLoop.run(SingleThreadIoEventLoop.java:201)
	at io.netty.util.concurrent.SingleThreadEventExecutor$5.run(SingleThreadEventExecutor.java:1195)
	at io.netty.util.internal.ThreadExecutorMap$2.run(ThreadExecutorMap.java:74)
	at io.netty.util.concurrent.FastThreadLocalRunnable.run(FastThreadLocalRunnable.java:30)
	at java.base/java.lang.Thread.run(Thread.java:1583)
Caused by: io.netty.resolver.dns.DnsNameResolverTimeoutException: [14522: /10.246.32.204:53] DefaultDnsQuestion(measured-cowbird-128774.upstash.io. IN A) query '14522' via UDP timed out after 5000 milliseconds (no stack trace available)
2026-08-05 14:40:13 INFO  i.l.core.protocol.ConnectionWatchdog - Reconnecting, last destination was measured-cowbird-128774.upstash.io/<unresolved>:6379
2026-08-05 14:40:18 WARN  i.l.core.protocol.ConnectionWatchdog - Cannot reconnect to [measured-cowbird-128774.upstash.io/<unresolved>:6379]: Failed to resolve 'measured-cowbird-128774.upstash.io' [A(1)]
java.net.UnknownHostException: Failed to resolve 'measured-cowbird-128774.upstash.io' [A(1)]
	at io.netty.resolver.dns.DnsResolveContext.finishResolve(DnsResolveContext.java:1137)
	at io.netty.resolver.dns.DnsResolveContext.tryToFinishResolve(DnsResolveContext.java:1084)
	at io.netty.resolver.dns.DnsResolveContext.query(DnsResolveContext.java:443)
	at io.netty.resolver.dns.DnsResolveContext.access$700(DnsResolveContext.java:69)
	at io.netty.resolver.dns.DnsResolveContext$2.operationComplete(DnsResolveContext.java:512)
	at io.netty.util.concurrent.DefaultPromise.notifyListener0(DefaultPromise.java:604)
	at io.netty.util.concurrent.DefaultPromise.notifyListeners0(DefaultPromise.java:597)
	at io.netty.util.concurrent.DefaultPromise.notifyListenersNow(DefaultPromise.java:573)
	at io.netty.util.concurrent.DefaultPromise.notifyListeners(DefaultPromise.java:506)
	at io.netty.util.concurrent.DefaultPromise.setValue0(DefaultPromise.java:650)
	at io.netty.util.concurrent.DefaultPromise.setFailure0(DefaultPromise.java:643)
	at io.netty.util.concurrent.DefaultPromise.tryFailure(DefaultPromise.java:132)
	at io.netty.resolver.dns.DnsQueryContext.finishFailure(DnsQueryContext.java:346)
	at io.netty.resolver.dns.DnsQueryContext$4.run(DnsQueryContext.java:281)
	at io.netty.util.concurrent.PromiseTask.runTask(PromiseTask.java:98)
	at io.netty.util.concurrent.ScheduledFutureTask.run(ScheduledFutureTask.java:160)
	at io.netty.util.concurrent.AbstractEventExecutor.runTask(AbstractEventExecutor.java:148)
	at io.netty.util.concurrent.AbstractEventExecutor.safeExecute$$$capture(AbstractEventExecutor.java:141)
	at io.netty.util.concurrent.AbstractEventExecutor.safeExecute(AbstractEventExecutor.java)
	at io.netty.util.concurrent.SingleThreadEventExecutor.runAllTasks(SingleThreadEventExecutor.java:535)
	at io.netty.channel.SingleThreadIoEventLoop.run(SingleThreadIoEventLoop.java:201)
	at io.netty.util.concurrent.SingleThreadEventExecutor$5.run(SingleThreadEventExecutor.java:1195)
	at io.netty.util.internal.ThreadExecutorMap$2.run(ThreadExecutorMap.java:74)
	at io.netty.util.concurrent.FastThreadLocalRunnable.run(FastThreadLocalRunnable.java:30)
	at java.base/java.lang.Thread.run(Thread.java:1583)
Caused by: io.netty.resolver.dns.DnsNameResolverTimeoutException: [12300: /10.246.32.204:53] DefaultDnsQuestion(measured-cowbird-128774.upstash.io. IN A) query '12300' via UDP timed out after 5000 milliseconds (no stack trace available)
2026-08-05 14:40:48 INFO  i.l.core.protocol.ConnectionWatchdog - Reconnecting, last destination was measured-cowbird-128774.upstash.io/<unresolved>:6379
2026-08-05 14:40:53 WARN  i.l.core.protocol.ConnectionWatchdog - Cannot reconnect to [measured-cowbird-128774.upstash.io/<unresolved>:6379]: Failed to resolve 'measured-cowbird-128774.upstash.io' [A(1)]
java.net.UnknownHostException: Failed to resolve 'measured-cowbird-128774.upstash.io' [A(1)]
	at io.netty.resolver.dns.DnsResolveContext.finishResolve(DnsResolveContext.java:1137)
	at io.netty.resolver.dns.DnsResolveContext.tryToFinishResolve(DnsResolveContext.java:1084)
	at io.netty.resolver.dns.DnsResolveContext.query(DnsResolveContext.java:443)
	at io.netty.resolver.dns.DnsResolveContext.access$700(DnsResolveContext.java:69)
	at io.netty.resolver.dns.DnsResolveContext$2.operationComplete(DnsResolveContext.java:512)
	at io.netty.util.concurrent.DefaultPromise.notifyListener0(DefaultPromise.java:604)
	at io.netty.util.concurrent.DefaultPromise.notifyListeners0(DefaultPromise.java:597)
	at io.netty.util.concurrent.DefaultPromise.notifyListenersNow(DefaultPromise.java:573)
	at io.netty.util.concurrent.DefaultPromise.notifyListeners(DefaultPromise.java:506)
	at io.netty.util.concurrent.DefaultPromise.setValue0(DefaultPromise.java:650)
	at io.netty.util.concurrent.DefaultPromise.setFailure0(DefaultPromise.java:643)
	at io.netty.util.concurrent.DefaultPromise.tryFailure(DefaultPromise.java:132)
	at io.netty.resolver.dns.DnsQueryContext.finishFailure(DnsQueryContext.java:346)
	at io.netty.resolver.dns.DnsQueryContext$4.run(DnsQueryContext.java:281)
	at io.netty.util.concurrent.PromiseTask.runTask(PromiseTask.java:98)
	at io.netty.util.concurrent.ScheduledFutureTask.run(ScheduledFutureTask.java:160)
	at io.netty.util.concurrent.AbstractEventExecutor.runTask(AbstractEventExecutor.java:148)
	at io.netty.util.concurrent.AbstractEventExecutor.safeExecute$$$capture(AbstractEventExecutor.java:141)
	at io.netty.util.concurrent.AbstractEventExecutor.safeExecute(AbstractEventExecutor.java)
	at io.netty.util.concurrent.SingleThreadEventExecutor.runAllTasks(SingleThreadEventExecutor.java:535)
	at io.netty.channel.SingleThreadIoEventLoop.run(SingleThreadIoEventLoop.java:201)
	at io.netty.util.concurrent.SingleThreadEventExecutor$5.run(SingleThreadEventExecutor.java:1195)
	at io.netty.util.internal.ThreadExecutorMap$2.run(ThreadExecutorMap.java:74)
	at io.netty.util.concurrent.FastThreadLocalRunnable.run(FastThreadLocalRunnable.java:30)
	at java.base/java.lang.Thread.run(Thread.java:1583)
Caused by: io.netty.resolver.dns.DnsNameResolverTimeoutException: [8510: /10.246.32.204:53] DefaultDnsQuestion(measured-cowbird-128774.upstash.io. IN A) query '8510' via UDP timed out after 5000 milliseconds (no stack trace available)
2026-08-05 14:41:23 INFO  i.l.core.protocol.ConnectionWatchdog - Reconnecting, last destination was measured-cowbird-128774.upstash.io/<unresolved>:6379
2026-08-05 14:41:28 WARN  i.l.core.protocol.ConnectionWatchdog - Cannot reconnect to [measured-cowbird-128774.upstash.io/<unresolved>:6379]: Failed to resolve 'measured-cowbird-128774.upstash.io' [A(1)]
java.net.UnknownHostException: Failed to resolve 'measured-cowbird-128774.upstash.io' [A(1)]
	at io.netty.resolver.dns.DnsResolveContext.finishResolve(DnsResolveContext.java:1137)
	at io.netty.resolver.dns.DnsResolveContext.tryToFinishResolve(DnsResolveContext.java:1084)
	at io.netty.resolver.dns.DnsResolveContext.query(DnsResolveContext.java:443)
	at io.netty.resolver.dns.DnsResolveContext.access$700(DnsResolveContext.java:69)
	at io.netty.resolver.dns.DnsResolveContext$2.operationComplete(DnsResolveContext.java:512)
	at io.netty.util.concurrent.DefaultPromise.notifyListener0(DefaultPromise.java:604)
	at io.netty.util.concurrent.DefaultPromise.notifyListeners0(DefaultPromise.java:597)
	at io.netty.util.concurrent.DefaultPromise.notifyListenersNow(DefaultPromise.java:573)
	at io.netty.util.concurrent.DefaultPromise.notifyListeners(DefaultPromise.java:506)
	at io.netty.util.concurrent.DefaultPromise.setValue0(DefaultPromise.java:650)
	at io.netty.util.concurrent.DefaultPromise.setFailure0(DefaultPromise.java:643)
	at io.netty.util.concurrent.DefaultPromise.tryFailure(DefaultPromise.java:132)
	at io.netty.resolver.dns.DnsQueryContext.finishFailure(DnsQueryContext.java:346)
	at io.netty.resolver.dns.DnsQueryContext$4.run(DnsQueryContext.java:281)
	at io.netty.util.concurrent.PromiseTask.runTask(PromiseTask.java:98)
	at io.netty.util.concurrent.ScheduledFutureTask.run(ScheduledFutureTask.java:160)
	at io.netty.util.concurrent.AbstractEventExecutor.runTask(AbstractEventExecutor.java:148)
	at io.netty.util.concurrent.AbstractEventExecutor.safeExecute$$$capture(AbstractEventExecutor.java:141)
	at io.netty.util.concurrent.AbstractEventExecutor.safeExecute(AbstractEventExecutor.java)
	at io.netty.util.concurrent.SingleThreadEventExecutor.runAllTasks(SingleThreadEventExecutor.java:535)
	at io.netty.channel.SingleThreadIoEventLoop.run(SingleThreadIoEventLoop.java:201)
	at io.netty.util.concurrent.SingleThreadEventExecutor$5.run(SingleThreadEventExecutor.java:1195)
	at io.netty.util.internal.ThreadExecutorMap$2.run(ThreadExecutorMap.java:74)
	at io.netty.util.concurrent.FastThreadLocalRunnable.run(FastThreadLocalRunnable.java:30)
	at java.base/java.lang.Thread.run(Thread.java:1583)
Caused by: io.netty.resolver.dns.DnsNameResolverTimeoutException: [8937: /10.246.32.204:53] DefaultDnsQuestion(measured-cowbird-128774.upstash.io. IN A) query '8937' via UDP timed out after 5000 milliseconds (no stack trace available)
2026-08-05 14:41:58 INFO  i.l.core.protocol.ConnectionWatchdog - Reconnecting, last destination was measured-cowbird-128774.upstash.io/<unresolved>:6379
2026-08-05 14:42:03 WARN  i.l.core.protocol.ConnectionWatchdog - Cannot reconnect to [measured-cowbird-128774.upstash.io/<unresolved>:6379]: Failed to resolve 'measured-cowbird-128774.upstash.io' [A(1)]
java.net.UnknownHostException: Failed to resolve 'measured-cowbird-128774.upstash.io' [A(1)]
	at io.netty.resolver.dns.DnsResolveContext.finishResolve(DnsResolveContext.java:1137)
	at io.netty.resolver.dns.DnsResolveContext.tryToFinishResolve(DnsResolveContext.java:1084)
	at io.netty.resolver.dns.DnsResolveContext.query(DnsResolveContext.java:443)
	at io.netty.resolver.dns.DnsResolveContext.access$700(DnsResolveContext.java:69)
	at io.netty.resolver.dns.DnsResolveContext$2.operationComplete(DnsResolveContext.java:512)
	at io.netty.util.concurrent.DefaultPromise.notifyListener0(DefaultPromise.java:604)
	at io.netty.util.concurrent.DefaultPromise.notifyListeners0(DefaultPromise.java:597)
	at io.netty.util.concurrent.DefaultPromise.notifyListenersNow(DefaultPromise.java:573)
	at io.netty.util.concurrent.DefaultPromise.notifyListeners(DefaultPromise.java:506)
	at io.netty.util.concurrent.DefaultPromise.setValue0(DefaultPromise.java:650)
	at io.netty.util.concurrent.DefaultPromise.setFailure0(DefaultPromise.java:643)
	at io.netty.util.concurrent.DefaultPromise.tryFailure(DefaultPromise.java:132)
	at io.netty.resolver.dns.DnsQueryContext.finishFailure(DnsQueryContext.java:346)
	at io.netty.resolver.dns.DnsQueryContext$4.run(DnsQueryContext.java:281)
	at io.netty.util.concurrent.PromiseTask.runTask(PromiseTask.java:98)
	at io.netty.util.concurrent.ScheduledFutureTask.run(ScheduledFutureTask.java:160)
	at io.netty.util.concurrent.AbstractEventExecutor.runTask(AbstractEventExecutor.java:148)
	at io.netty.util.concurrent.AbstractEventExecutor.safeExecute$$$capture(AbstractEventExecutor.java:141)
	at io.netty.util.concurrent.AbstractEventExecutor.safeExecute(AbstractEventExecutor.java)
	at io.netty.util.concurrent.SingleThreadEventExecutor.runAllTasks(SingleThreadEventExecutor.java:535)
	at io.netty.channel.SingleThreadIoEventLoop.run(SingleThreadIoEventLoop.java:201)
	at io.netty.util.concurrent.SingleThreadEventExecutor$5.run(SingleThreadEventExecutor.java:1195)
	at io.netty.util.internal.ThreadExecutorMap$2.run(ThreadExecutorMap.java:74)
	at io.netty.util.concurrent.FastThreadLocalRunnable.run(FastThreadLocalRunnable.java:30)
	at java.base/java.lang.Thread.run(Thread.java:1583)
Caused by: io.netty.resolver.dns.DnsNameResolverTimeoutException: [3930: /10.246.32.204:53] DefaultDnsQuestion(measured-cowbird-128774.upstash.io. IN A) query '3930' via UDP timed out after 5000 milliseconds (no stack trace available)
2026-08-05 14:42:34 INFO  i.l.core.protocol.ConnectionWatchdog - Reconnecting, last destination was measured-cowbird-128774.upstash.io/<unresolved>:6379
2026-08-05 14:42:39 WARN  i.l.core.protocol.ConnectionWatchdog - Cannot reconnect to [measured-cowbird-128774.upstash.io/<unresolved>:6379]: Failed to resolve 'measured-cowbird-128774.upstash.io' [A(1)]
java.net.UnknownHostException: Failed to resolve 'measured-cowbird-128774.upstash.io' [A(1)]
	at io.netty.resolver.dns.DnsResolveContext.finishResolve(DnsResolveContext.java:1137)
	at io.netty.resolver.dns.DnsResolveContext.tryToFinishResolve(DnsResolveContext.java:1084)
	at io.netty.resolver.dns.DnsResolveContext.query(DnsResolveContext.java:443)
	at io.netty.resolver.dns.DnsResolveContext.access$700(DnsResolveContext.java:69)
	at io.netty.resolver.dns.DnsResolveContext$2.operationComplete(DnsResolveContext.java:512)
	at io.netty.util.concurrent.DefaultPromise.notifyListener0(DefaultPromise.java:604)
	at io.netty.util.concurrent.DefaultPromise.notifyListeners0(DefaultPromise.java:597)
	at io.netty.util.concurrent.DefaultPromise.notifyListenersNow(DefaultPromise.java:573)
	at io.netty.util.concurrent.DefaultPromise.notifyListeners(DefaultPromise.java:506)
	at io.netty.util.concurrent.DefaultPromise.setValue0(DefaultPromise.java:650)
	at io.netty.util.concurrent.DefaultPromise.setFailure0(DefaultPromise.java:643)
	at io.netty.util.concurrent.DefaultPromise.tryFailure(DefaultPromise.java:132)
	at io.netty.resolver.dns.DnsQueryContext.finishFailure(DnsQueryContext.java:346)
	at io.netty.resolver.dns.DnsQueryContext$4.run(DnsQueryContext.java:281)
	at io.netty.util.concurrent.PromiseTask.runTask(PromiseTask.java:98)
	at io.netty.util.concurrent.ScheduledFutureTask.run(ScheduledFutureTask.java:160)
	at io.netty.util.concurrent.AbstractEventExecutor.runTask(AbstractEventExecutor.java:148)
	at io.netty.util.concurrent.AbstractEventExecutor.safeExecute$$$capture(AbstractEventExecutor.java:141)
	at io.netty.util.concurrent.AbstractEventExecutor.safeExecute(AbstractEventExecutor.java)
	at io.netty.util.concurrent.SingleThreadEventExecutor.runAllTasks(SingleThreadEventExecutor.java:535)
	at io.netty.channel.SingleThreadIoEventLoop.run(SingleThreadIoEventLoop.java:201)
	at io.netty.util.concurrent.SingleThreadEventExecutor$5.run(SingleThreadEventExecutor.java:1195)
	at io.netty.util.internal.ThreadExecutorMap$2.run(ThreadExecutorMap.java:74)
	at io.netty.util.concurrent.FastThreadLocalRunnable.run(FastThreadLocalRunnable.java:30)
	at java.base/java.lang.Thread.run(Thread.java:1583)
Caused by: io.netty.resolver.dns.DnsNameResolverTimeoutException: [262: /10.246.32.204:53] DefaultDnsQuestion(measured-cowbird-128774.upstash.io. IN A) query '262' via UDP timed out after 5000 milliseconds (no stack trace available)
2026-08-05 14:43:09 INFO  i.l.core.protocol.ConnectionWatchdog - Reconnecting, last destination was measured-cowbird-128774.upstash.io/<unresolved>:6379
2026-08-05 14:43:14 WARN  i.l.core.protocol.ConnectionWatchdog - Cannot reconnect to [measured-cowbird-128774.upstash.io/<unresolved>:6379]: Failed to resolve 'measured-cowbird-128774.upstash.io' [A(1)]
java.net.UnknownHostException: Failed to resolve 'measured-cowbird-128774.upstash.io' [A(1)]
	at io.netty.resolver.dns.DnsResolveContext.finishResolve(DnsResolveContext.java:1137)
	at io.netty.resolver.dns.DnsResolveContext.tryToFinishResolve(DnsResolveContext.java:1084)
	at io.netty.resolver.dns.DnsResolveContext.query(DnsResolveContext.java:443)
	at io.netty.resolver.dns.DnsResolveContext.access$700(DnsResolveContext.java:69)
	at io.netty.resolver.dns.DnsResolveContext$2.operationComplete(DnsResolveContext.java:512)
	at io.netty.util.concurrent.DefaultPromise.notifyListener0(DefaultPromise.java:604)
	at io.netty.util.concurrent.DefaultPromise.notifyListeners0(DefaultPromise.java:597)
	at io.netty.util.concurrent.DefaultPromise.notifyListenersNow(DefaultPromise.java:573)
	at io.netty.util.concurrent.DefaultPromise.notifyListeners(DefaultPromise.java:506)
	at io.netty.util.concurrent.DefaultPromise.setValue0(DefaultPromise.java:650)
	at io.netty.util.concurrent.DefaultPromise.setFailure0(DefaultPromise.java:643)
	at io.netty.util.concurrent.DefaultPromise.tryFailure(DefaultPromise.java:132)
	at io.netty.resolver.dns.DnsQueryContext.finishFailure(DnsQueryContext.java:346)
	at io.netty.resolver.dns.DnsQueryContext$4.run(DnsQueryContext.java:281)
	at io.netty.util.concurrent.PromiseTask.runTask(PromiseTask.java:98)
	at io.netty.util.concurrent.ScheduledFutureTask.run(ScheduledFutureTask.java:160)
	at io.netty.util.concurrent.AbstractEventExecutor.runTask(AbstractEventExecutor.java:148)
	at io.netty.util.concurrent.AbstractEventExecutor.safeExecute$$$capture(AbstractEventExecutor.java:141)
	at io.netty.util.concurrent.AbstractEventExecutor.safeExecute(AbstractEventExecutor.java)
	at io.netty.util.concurrent.SingleThreadEventExecutor.runAllTasks(SingleThreadEventExecutor.java:535)
	at io.netty.channel.SingleThreadIoEventLoop.run(SingleThreadIoEventLoop.java:201)
	at io.netty.util.concurrent.SingleThreadEventExecutor$5.run(SingleThreadEventExecutor.java:1195)
	at io.netty.util.internal.ThreadExecutorMap$2.run(ThreadExecutorMap.java:74)
	at io.netty.util.concurrent.FastThreadLocalRunnable.run(FastThreadLocalRunnable.java:30)
	at java.base/java.lang.Thread.run(Thread.java:1583)
Caused by: io.netty.resolver.dns.DnsNameResolverTimeoutException: [7805: /10.246.32.204:53] DefaultDnsQuestion(measured-cowbird-128774.upstash.io. IN A) query '7805' via UDP timed out after 5000 milliseconds (no stack trace available)
2026-08-05 14:43:44 INFO  i.l.core.protocol.ConnectionWatchdog - Reconnecting, last destination was measured-cowbird-128774.upstash.io/<unresolved>:6379
2026-08-05 14:43:49 WARN  i.l.core.protocol.ConnectionWatchdog - Cannot reconnect to [measured-cowbird-128774.upstash.io/<unresolved>:6379]: Failed to resolve 'measured-cowbird-128774.upstash.io' [A(1)]
java.net.UnknownHostException: Failed to resolve 'measured-cowbird-128774.upstash.io' [A(1)]
	at io.netty.resolver.dns.DnsResolveContext.finishResolve(DnsResolveContext.java:1137)
	at io.netty.resolver.dns.DnsResolveContext.tryToFinishResolve(DnsResolveContext.java:1084)
	at io.netty.resolver.dns.DnsResolveContext.query(DnsResolveContext.java:443)
	at io.netty.resolver.dns.DnsResolveContext.access$700(DnsResolveContext.java:69)
	at io.netty.resolver.dns.DnsResolveContext$2.operationComplete(DnsResolveContext.java:512)
	at io.netty.util.concurrent.DefaultPromise.notifyListener0(DefaultPromise.java:604)
	at io.netty.util.concurrent.DefaultPromise.notifyListeners0(DefaultPromise.java:597)
	at io.netty.util.concurrent.DefaultPromise.notifyListenersNow(DefaultPromise.java:573)
	at io.netty.util.concurrent.DefaultPromise.notifyListeners(DefaultPromise.java:506)
	at io.netty.util.concurrent.DefaultPromise.setValue0(DefaultPromise.java:650)
	at io.netty.util.concurrent.DefaultPromise.setFailure0(DefaultPromise.java:643)
	at io.netty.util.concurrent.DefaultPromise.tryFailure(DefaultPromise.java:132)
	at io.netty.resolver.dns.DnsQueryContext.finishFailure(DnsQueryContext.java:346)
	at io.netty.resolver.dns.DnsQueryContext$4.run(DnsQueryContext.java:281)
	at io.netty.util.concurrent.PromiseTask.runTask(PromiseTask.java:98)
	at io.netty.util.concurrent.ScheduledFutureTask.run(ScheduledFutureTask.java:160)
	at io.netty.util.concurrent.AbstractEventExecutor.runTask(AbstractEventExecutor.java:148)
	at io.netty.util.concurrent.AbstractEventExecutor.safeExecute$$$capture(AbstractEventExecutor.java:141)
	at io.netty.util.concurrent.AbstractEventExecutor.safeExecute(AbstractEventExecutor.java)
	at io.netty.util.concurrent.SingleThreadEventExecutor.runAllTasks(SingleThreadEventExecutor.java:535)
	at io.netty.channel.SingleThreadIoEventLoop.run(SingleThreadIoEventLoop.java:201)
	at io.netty.util.concurrent.SingleThreadEventExecutor$5.run(SingleThreadEventExecutor.java:1195)
	at io.netty.util.internal.ThreadExecutorMap$2.run(ThreadExecutorMap.java:74)
	at io.netty.util.concurrent.FastThreadLocalRunnable.run(FastThreadLocalRunnable.java:30)
	at java.base/java.lang.Thread.run(Thread.java:1583)
Caused by: io.netty.resolver.dns.DnsNameResolverTimeoutException: [3094: /10.246.32.204:53] DefaultDnsQuestion(measured-cowbird-128774.upstash.io. IN A) query '3094' via UDP timed out after 5000 milliseconds (no stack trace available)
2026-08-05 14:44:19 INFO  i.l.core.protocol.ConnectionWatchdog - Reconnecting, last destination was measured-cowbird-128774.upstash.io/<unresolved>:6379
2026-08-05 14:44:24 WARN  i.l.core.protocol.ConnectionWatchdog - Cannot reconnect to [measured-cowbird-128774.upstash.io/<unresolved>:6379]: Failed to resolve 'measured-cowbird-128774.upstash.io' [A(1)]
java.net.UnknownHostException: Failed to resolve 'measured-cowbird-128774.upstash.io' [A(1)]
	at io.netty.resolver.dns.DnsResolveContext.finishResolve(DnsResolveContext.java:1137)
	at io.netty.resolver.dns.DnsResolveContext.tryToFinishResolve(DnsResolveContext.java:1084)
	at io.netty.resolver.dns.DnsResolveContext.query(DnsResolveContext.java:443)
	at io.netty.resolver.dns.DnsResolveContext.access$700(DnsResolveContext.java:69)
	at io.netty.resolver.dns.DnsResolveContext$2.operationComplete(DnsResolveContext.java:512)
	at io.netty.util.concurrent.DefaultPromise.notifyListener0(DefaultPromise.java:604)
	at io.netty.util.concurrent.DefaultPromise.notifyListeners0(DefaultPromise.java:597)
	at io.netty.util.concurrent.DefaultPromise.notifyListenersNow(DefaultPromise.java:573)
	at io.netty.util.concurrent.DefaultPromise.notifyListeners(DefaultPromise.java:506)
	at io.netty.util.concurrent.DefaultPromise.setValue0(DefaultPromise.java:650)
	at io.netty.util.concurrent.DefaultPromise.setFailure0(DefaultPromise.java:643)
	at io.netty.util.concurrent.DefaultPromise.tryFailure(DefaultPromise.java:132)
	at io.netty.resolver.dns.DnsQueryContext.finishFailure(DnsQueryContext.java:346)
	at io.netty.resolver.dns.DnsQueryContext$4.run(DnsQueryContext.java:281)
	at io.netty.util.concurrent.PromiseTask.runTask(PromiseTask.java:98)
	at io.netty.util.concurrent.ScheduledFutureTask.run(ScheduledFutureTask.java:160)
	at io.netty.util.concurrent.AbstractEventExecutor.runTask(AbstractEventExecutor.java:148)
	at io.netty.util.concurrent.AbstractEventExecutor.safeExecute$$$capture(AbstractEventExecutor.java:141)
	at io.netty.util.concurrent.AbstractEventExecutor.safeExecute(AbstractEventExecutor.java)
	at io.netty.util.concurrent.SingleThreadEventExecutor.runAllTasks(SingleThreadEventExecutor.java:535)
	at io.netty.channel.SingleThreadIoEventLoop.run(SingleThreadIoEventLoop.java:201)
	at io.netty.util.concurrent.SingleThreadEventExecutor$5.run(SingleThreadEventExecutor.java:1195)
	at io.netty.util.internal.ThreadExecutorMap$2.run(ThreadExecutorMap.java:74)
	at io.netty.util.concurrent.FastThreadLocalRunnable.run(FastThreadLocalRunnable.java:30)
	at java.base/java.lang.Thread.run(Thread.java:1583)
Caused by: io.netty.resolver.dns.DnsNameResolverTimeoutException: [809: /10.246.32.204:53] DefaultDnsQuestion(measured-cowbird-128774.upstash.io. IN A) query '809' via UDP timed out after 5000 milliseconds (no stack trace available)
2026-08-05 14:44:54 INFO  i.l.core.protocol.ConnectionWatchdog - Reconnecting, last destination was measured-cowbird-128774.upstash.io/<unresolved>:6379
2026-08-05 14:44:59 WARN  i.l.core.protocol.ConnectionWatchdog - Cannot reconnect to [measured-cowbird-128774.upstash.io/<unresolved>:6379]: Failed to resolve 'measured-cowbird-128774.upstash.io' [A(1)]
java.net.UnknownHostException: Failed to resolve 'measured-cowbird-128774.upstash.io' [A(1)]
	at io.netty.resolver.dns.DnsResolveContext.finishResolve(DnsResolveContext.java:1137)
	at io.netty.resolver.dns.DnsResolveContext.tryToFinishResolve(DnsResolveContext.java:1084)
	at io.netty.resolver.dns.DnsResolveContext.query(DnsResolveContext.java:443)
	at io.netty.resolver.dns.DnsResolveContext.access$700(DnsResolveContext.java:69)
	at io.netty.resolver.dns.DnsResolveContext$2.operationComplete(DnsResolveContext.java:512)
	at io.netty.util.concurrent.DefaultPromise.notifyListener0(DefaultPromise.java:604)
	at io.netty.util.concurrent.DefaultPromise.notifyListeners0(DefaultPromise.java:597)
	at io.netty.util.concurrent.DefaultPromise.notifyListenersNow(DefaultPromise.java:573)
	at io.netty.util.concurrent.DefaultPromise.notifyListeners(DefaultPromise.java:506)
	at io.netty.util.concurrent.DefaultPromise.setValue0(DefaultPromise.java:650)
	at io.netty.util.concurrent.DefaultPromise.setFailure0(DefaultPromise.java:643)
	at io.netty.util.concurrent.DefaultPromise.tryFailure(DefaultPromise.java:132)
	at io.netty.resolver.dns.DnsQueryContext.finishFailure(DnsQueryContext.java:346)
	at io.netty.resolver.dns.DnsQueryContext$4.run(DnsQueryContext.java:281)
	at io.netty.util.concurrent.PromiseTask.runTask(PromiseTask.java:98)
	at io.netty.util.concurrent.ScheduledFutureTask.run(ScheduledFutureTask.java:160)
	at io.netty.util.concurrent.AbstractEventExecutor.runTask(AbstractEventExecutor.java:148)
	at io.netty.util.concurrent.AbstractEventExecutor.safeExecute$$$capture(AbstractEventExecutor.java:141)
	at io.netty.util.concurrent.AbstractEventExecutor.safeExecute(AbstractEventExecutor.java)
	at io.netty.util.concurrent.SingleThreadEventExecutor.runAllTasks(SingleThreadEventExecutor.java:535)
	at io.netty.channel.SingleThreadIoEventLoop.run(SingleThreadIoEventLoop.java:201)
	at io.netty.util.concurrent.SingleThreadEventExecutor$5.run(SingleThreadEventExecutor.java:1195)
	at io.netty.util.internal.ThreadExecutorMap$2.run(ThreadExecutorMap.java:74)
	at io.netty.util.concurrent.FastThreadLocalRunnable.run(FastThreadLocalRunnable.java:30)
	at java.base/java.lang.Thread.run(Thread.java:1583)
Caused by: io.netty.resolver.dns.DnsNameResolverTimeoutException: [9976: /10.246.32.204:53] DefaultDnsQuestion(measured-cowbird-128774.upstash.io. IN A) query '9976' via UDP timed out after 5000 milliseconds (no stack trace available)
2026-08-05 14:45:29 INFO  i.l.core.protocol.ConnectionWatchdog - Reconnecting, last destination was measured-cowbird-128774.upstash.io/<unresolved>:6379
2026-08-05 14:45:34 WARN  i.l.core.protocol.ConnectionWatchdog - Cannot reconnect to [measured-cowbird-128774.upstash.io/<unresolved>:6379]: Failed to resolve 'measured-cowbird-128774.upstash.io' [A(1)]
java.net.UnknownHostException: Failed to resolve 'measured-cowbird-128774.upstash.io' [A(1)]
	at io.netty.resolver.dns.DnsResolveContext.finishResolve(DnsResolveContext.java:1137)
	at io.netty.resolver.dns.DnsResolveContext.tryToFinishResolve(DnsResolveContext.java:1084)
	at io.netty.resolver.dns.DnsResolveContext.query(DnsResolveContext.java:443)
	at io.netty.resolver.dns.DnsResolveContext.access$700(DnsResolveContext.java:69)
	at io.netty.resolver.dns.DnsResolveContext$2.operationComplete(DnsResolveContext.java:512)
	at io.netty.util.concurrent.DefaultPromise.notifyListener0(DefaultPromise.java:604)
	at io.netty.util.concurrent.DefaultPromise.notifyListeners0(DefaultPromise.java:597)
	at io.netty.util.concurrent.DefaultPromise.notifyListenersNow(DefaultPromise.java:573)
	at io.netty.util.concurrent.DefaultPromise.notifyListeners(DefaultPromise.java:506)
	at io.netty.util.concurrent.DefaultPromise.setValue0(DefaultPromise.java:650)
	at io.netty.util.concurrent.DefaultPromise.setFailure0(DefaultPromise.java:643)
	at io.netty.util.concurrent.DefaultPromise.tryFailure(DefaultPromise.java:132)
	at io.netty.resolver.dns.DnsQueryContext.finishFailure(DnsQueryContext.java:346)
	at io.netty.resolver.dns.DnsQueryContext$4.run(DnsQueryContext.java:281)
	at io.netty.util.concurrent.PromiseTask.runTask(PromiseTask.java:98)
	at io.netty.util.concurrent.ScheduledFutureTask.run(ScheduledFutureTask.java:160)
	at io.netty.util.concurrent.AbstractEventExecutor.runTask(AbstractEventExecutor.java:148)
	at io.netty.util.concurrent.AbstractEventExecutor.safeExecute$$$capture(AbstractEventExecutor.java:141)
	at io.netty.util.concurrent.AbstractEventExecutor.safeExecute(AbstractEventExecutor.java)
	at io.netty.util.concurrent.SingleThreadEventExecutor.runAllTasks(SingleThreadEventExecutor.java:535)
	at io.netty.channel.SingleThreadIoEventLoop.run(SingleThreadIoEventLoop.java:201)
	at io.netty.util.concurrent.SingleThreadEventExecutor$5.run(SingleThreadEventExecutor.java:1195)
	at io.netty.util.internal.ThreadExecutorMap$2.run(ThreadExecutorMap.java:74)
	at io.netty.util.concurrent.FastThreadLocalRunnable.run(FastThreadLocalRunnable.java:30)
	at java.base/java.lang.Thread.run(Thread.java:1583)
Caused by: io.netty.resolver.dns.DnsNameResolverTimeoutException: [8837: /10.246.32.204:53] DefaultDnsQuestion(measured-cowbird-128774.upstash.io. IN A) query '8837' via UDP timed out after 5000 milliseconds (no stack trace available)
2026-08-05 14:46:04 INFO  i.l.core.protocol.ConnectionWatchdog - Reconnecting, last destination was measured-cowbird-128774.upstash.io/<unresolved>:6379
2026-08-05 14:46:09 WARN  i.l.core.protocol.ConnectionWatchdog - Cannot reconnect to [measured-cowbird-128774.upstash.io/<unresolved>:6379]: Failed to resolve 'measured-cowbird-128774.upstash.io' [A(1)]
java.net.UnknownHostException: Failed to resolve 'measured-cowbird-128774.upstash.io' [A(1)]
	at io.netty.resolver.dns.DnsResolveContext.finishResolve(DnsResolveContext.java:1137)
	at io.netty.resolver.dns.DnsResolveContext.tryToFinishResolve(DnsResolveContext.java:1084)
	at io.netty.resolver.dns.DnsResolveContext.query(DnsResolveContext.java:443)
	at io.netty.resolver.dns.DnsResolveContext.access$700(DnsResolveContext.java:69)
	at io.netty.resolver.dns.DnsResolveContext$2.operationComplete(DnsResolveContext.java:512)
	at io.netty.util.concurrent.DefaultPromise.notifyListener0(DefaultPromise.java:604)
	at io.netty.util.concurrent.DefaultPromise.notifyListeners0(DefaultPromise.java:597)
	at io.netty.util.concurrent.DefaultPromise.notifyListenersNow(DefaultPromise.java:573)
	at io.netty.util.concurrent.DefaultPromise.notifyListeners(DefaultPromise.java:506)
	at io.netty.util.concurrent.DefaultPromise.setValue0(DefaultPromise.java:650)
	at io.netty.util.concurrent.DefaultPromise.setFailure0(DefaultPromise.java:643)
	at io.netty.util.concurrent.DefaultPromise.tryFailure(DefaultPromise.java:132)
	at io.netty.resolver.dns.DnsQueryContext.finishFailure(DnsQueryContext.java:346)
	at io.netty.resolver.dns.DnsQueryContext$4.run(DnsQueryContext.java:281)
	at io.netty.util.concurrent.PromiseTask.runTask(PromiseTask.java:98)
	at io.netty.util.concurrent.ScheduledFutureTask.run(ScheduledFutureTask.java:160)
	at io.netty.util.concurrent.AbstractEventExecutor.runTask(AbstractEventExecutor.java:148)
	at io.netty.util.concurrent.AbstractEventExecutor.safeExecute$$$capture(AbstractEventExecutor.java:141)
	at io.netty.util.concurrent.AbstractEventExecutor.safeExecute(AbstractEventExecutor.java)
	at io.netty.util.concurrent.SingleThreadEventExecutor.runAllTasks(SingleThreadEventExecutor.java:535)
	at io.netty.channel.SingleThreadIoEventLoop.run(SingleThreadIoEventLoop.java:201)
	at io.netty.util.concurrent.SingleThreadEventExecutor$5.run(SingleThreadEventExecutor.java:1195)
	at io.netty.util.internal.ThreadExecutorMap$2.run(ThreadExecutorMap.java:74)
	at io.netty.util.concurrent.FastThreadLocalRunnable.run(FastThreadLocalRunnable.java:30)
	at java.base/java.lang.Thread.run(Thread.java:1583)
Caused by: io.netty.resolver.dns.DnsNameResolverTimeoutException: [868: /10.246.32.204:53] DefaultDnsQuestion(measured-cowbird-128774.upstash.io. IN A) query '868' via UDP timed out after 5000 milliseconds (no stack trace available)
2026-08-05 14:46:39 INFO  i.l.core.protocol.ConnectionWatchdog - Reconnecting, last destination was measured-cowbird-128774.upstash.io/<unresolved>:6379
2026-08-05 14:46:44 WARN  i.l.core.protocol.ConnectionWatchdog - Cannot reconnect to [measured-cowbird-128774.upstash.io/<unresolved>:6379]: Failed to resolve 'measured-cowbird-128774.upstash.io' [A(1)]
java.net.UnknownHostException: Failed to resolve 'measured-cowbird-128774.upstash.io' [A(1)]
	at io.netty.resolver.dns.DnsResolveContext.finishResolve(DnsResolveContext.java:1137)
	at io.netty.resolver.dns.DnsResolveContext.tryToFinishResolve(DnsResolveContext.java:1084)
	at io.netty.resolver.dns.DnsResolveContext.query(DnsResolveContext.java:443)
	at io.netty.resolver.dns.DnsResolveContext.access$700(DnsResolveContext.java:69)
	at io.netty.resolver.dns.DnsResolveContext$2.operationComplete(DnsResolveContext.java:512)
	at io.netty.util.concurrent.DefaultPromise.notifyListener0(DefaultPromise.java:604)
	at io.netty.util.concurrent.DefaultPromise.notifyListeners0(DefaultPromise.java:597)
	at io.netty.util.concurrent.DefaultPromise.notifyListenersNow(DefaultPromise.java:573)
	at io.netty.util.concurrent.DefaultPromise.notifyListeners(DefaultPromise.java:506)
	at io.netty.util.concurrent.DefaultPromise.setValue0(DefaultPromise.java:650)
	at io.netty.util.concurrent.DefaultPromise.setFailure0(DefaultPromise.java:643)
	at io.netty.util.concurrent.DefaultPromise.tryFailure(DefaultPromise.java:132)
	at io.netty.resolver.dns.DnsQueryContext.finishFailure(DnsQueryContext.java:346)
	at io.netty.resolver.dns.DnsQueryContext$4.run(DnsQueryContext.java:281)
	at io.netty.util.concurrent.PromiseTask.runTask(PromiseTask.java:98)
	at io.netty.util.concurrent.ScheduledFutureTask.run(ScheduledFutureTask.java:160)
	at io.netty.util.concurrent.AbstractEventExecutor.runTask(AbstractEventExecutor.java:148)
	at io.netty.util.concurrent.AbstractEventExecutor.safeExecute$$$capture(AbstractEventExecutor.java:141)
	at io.netty.util.concurrent.AbstractEventExecutor.safeExecute(AbstractEventExecutor.java)
	at io.netty.util.concurrent.SingleThreadEventExecutor.runAllTasks(SingleThreadEventExecutor.java:535)
	at io.netty.channel.SingleThreadIoEventLoop.run(SingleThreadIoEventLoop.java:201)
	at io.netty.util.concurrent.SingleThreadEventExecutor$5.run(SingleThreadEventExecutor.java:1195)
	at io.netty.util.internal.ThreadExecutorMap$2.run(ThreadExecutorMap.java:74)
	at io.netty.util.concurrent.FastThreadLocalRunnable.run(FastThreadLocalRunnable.java:30)
	at java.base/java.lang.Thread.run(Thread.java:1583)
Caused by: io.netty.resolver.dns.DnsNameResolverTimeoutException: [1046: /10.246.32.204:53] DefaultDnsQuestion(measured-cowbird-128774.upstash.io. IN A) query '1046' via UDP timed out after 5000 milliseconds (no stack trace available)
2026-08-05 14:47:14 INFO  i.l.core.protocol.ConnectionWatchdog - Reconnecting, last destination was measured-cowbird-128774.upstash.io/<unresolved>:6379
2026-08-05 14:47:19 WARN  i.l.core.protocol.ConnectionWatchdog - Cannot reconnect to [measured-cowbird-128774.upstash.io/<unresolved>:6379]: Failed to resolve 'measured-cowbird-128774.upstash.io' [A(1)]
java.net.UnknownHostException: Failed to resolve 'measured-cowbird-128774.upstash.io' [A(1)]
	at io.netty.resolver.dns.DnsResolveContext.finishResolve(DnsResolveContext.java:1137)
	at io.netty.resolver.dns.DnsResolveContext.tryToFinishResolve(DnsResolveContext.java:1084)
	at io.netty.resolver.dns.DnsResolveContext.query(DnsResolveContext.java:443)
	at io.netty.resolver.dns.DnsResolveContext.access$700(DnsResolveContext.java:69)
	at io.netty.resolver.dns.DnsResolveContext$2.operationComplete(DnsResolveContext.java:512)
	at io.netty.util.concurrent.DefaultPromise.notifyListener0(DefaultPromise.java:604)
	at io.netty.util.concurrent.DefaultPromise.notifyListeners0(DefaultPromise.java:597)
	at io.netty.util.concurrent.DefaultPromise.notifyListenersNow(DefaultPromise.java:573)
	at io.netty.util.concurrent.DefaultPromise.notifyListeners(DefaultPromise.java:506)
	at io.netty.util.concurrent.DefaultPromise.setValue0(DefaultPromise.java:650)
	at io.netty.util.concurrent.DefaultPromise.setFailure0(DefaultPromise.java:643)
	at io.netty.util.concurrent.DefaultPromise.tryFailure(DefaultPromise.java:132)
	at io.netty.resolver.dns.DnsQueryContext.finishFailure(DnsQueryContext.java:346)
	at io.netty.resolver.dns.DnsQueryContext$4.run(DnsQueryContext.java:281)
	at io.netty.util.concurrent.PromiseTask.runTask(PromiseTask.java:98)
	at io.netty.util.concurrent.ScheduledFutureTask.run(ScheduledFutureTask.java:160)
	at io.netty.util.concurrent.AbstractEventExecutor.runTask(AbstractEventExecutor.java:148)
	at io.netty.util.concurrent.AbstractEventExecutor.safeExecute$$$capture(AbstractEventExecutor.java:141)
	at io.netty.util.concurrent.AbstractEventExecutor.safeExecute(AbstractEventExecutor.java)
	at io.netty.util.concurrent.SingleThreadEventExecutor.runAllTasks(SingleThreadEventExecutor.java:535)
	at io.netty.channel.SingleThreadIoEventLoop.run(SingleThreadIoEventLoop.java:201)
	at io.netty.util.concurrent.SingleThreadEventExecutor$5.run(SingleThreadEventExecutor.java:1195)
	at io.netty.util.internal.ThreadExecutorMap$2.run(ThreadExecutorMap.java:74)
	at io.netty.util.concurrent.FastThreadLocalRunnable.run(FastThreadLocalRunnable.java:30)
	at java.base/java.lang.Thread.run(Thread.java:1583)
Caused by: io.netty.resolver.dns.DnsNameResolverTimeoutException: [15215: /10.246.32.204:53] DefaultDnsQuestion(measured-cowbird-128774.upstash.io. IN A) query '15215' via UDP timed out after 5000 milliseconds (no stack trace available)
2026-08-05 14:47:49 INFO  i.l.core.protocol.ConnectionWatchdog - Reconnecting, last destination was measured-cowbird-128774.upstash.io/<unresolved>:6379
2026-08-05 14:47:54 WARN  i.l.core.protocol.ConnectionWatchdog - Cannot reconnect to [measured-cowbird-128774.upstash.io/<unresolved>:6379]: Failed to resolve 'measured-cowbird-128774.upstash.io' [A(1)]
java.net.UnknownHostException: Failed to resolve 'measured-cowbird-128774.upstash.io' [A(1)]
	at io.netty.resolver.dns.DnsResolveContext.finishResolve(DnsResolveContext.java:1137)
	at io.netty.resolver.dns.DnsResolveContext.tryToFinishResolve(DnsResolveContext.java:1084)
	at io.netty.resolver.dns.DnsResolveContext.query(DnsResolveContext.java:443)
	at io.netty.resolver.dns.DnsResolveContext.access$700(DnsResolveContext.java:69)
	at io.netty.resolver.dns.DnsResolveContext$2.operationComplete(DnsResolveContext.java:512)
	at io.netty.util.concurrent.DefaultPromise.notifyListener0(DefaultPromise.java:604)
	at io.netty.util.concurrent.DefaultPromise.notifyListeners0(DefaultPromise.java:597)
	at io.netty.util.concurrent.DefaultPromise.notifyListenersNow(DefaultPromise.java:573)
	at io.netty.util.concurrent.DefaultPromise.notifyListeners(DefaultPromise.java:506)
	at io.netty.util.concurrent.DefaultPromise.setValue0(DefaultPromise.java:650)
	at io.netty.util.concurrent.DefaultPromise.setFailure0(DefaultPromise.java:643)
	at io.netty.util.concurrent.DefaultPromise.tryFailure(DefaultPromise.java:132)
	at io.netty.resolver.dns.DnsQueryContext.finishFailure(DnsQueryContext.java:346)
	at io.netty.resolver.dns.DnsQueryContext$4.run(DnsQueryContext.java:281)
	at io.netty.util.concurrent.PromiseTask.runTask(PromiseTask.java:98)
	at io.netty.util.concurrent.ScheduledFutureTask.run(ScheduledFutureTask.java:160)
	at io.netty.util.concurrent.AbstractEventExecutor.runTask(AbstractEventExecutor.java:148)
	at io.netty.util.concurrent.AbstractEventExecutor.safeExecute$$$capture(AbstractEventExecutor.java:141)
	at io.netty.util.concurrent.AbstractEventExecutor.safeExecute(AbstractEventExecutor.java)
	at io.netty.util.concurrent.SingleThreadEventExecutor.runAllTasks(SingleThreadEventExecutor.java:535)
	at io.netty.channel.SingleThreadIoEventLoop.run(SingleThreadIoEventLoop.java:201)
	at io.netty.util.concurrent.SingleThreadEventExecutor$5.run(SingleThreadEventExecutor.java:1195)
	at io.netty.util.internal.ThreadExecutorMap$2.run(ThreadExecutorMap.java:74)
	at io.netty.util.concurrent.FastThreadLocalRunnable.run(FastThreadLocalRunnable.java:30)
	at java.base/java.lang.Thread.run(Thread.java:1583)
Caused by: io.netty.resolver.dns.DnsNameResolverTimeoutException: [9812: /10.246.32.204:53] DefaultDnsQuestion(measured-cowbird-128774.upstash.io. IN A) query '9812' via UDP timed out after 5000 milliseconds (no stack trace available)
2026-08-05 14:48:24 INFO  i.l.core.protocol.ConnectionWatchdog - Reconnecting, last destination was measured-cowbird-128774.upstash.io/<unresolved>:6379
2026-08-05 14:48:30 WARN  i.l.core.protocol.ConnectionWatchdog - Cannot reconnect to [measured-cowbird-128774.upstash.io/<unresolved>:6379]: Failed to resolve 'measured-cowbird-128774.upstash.io' [A(1)]
java.net.UnknownHostException: Failed to resolve 'measured-cowbird-128774.upstash.io' [A(1)]
	at io.netty.resolver.dns.DnsResolveContext.finishResolve(DnsResolveContext.java:1137)
	at io.netty.resolver.dns.DnsResolveContext.tryToFinishResolve(DnsResolveContext.java:1084)
	at io.netty.resolver.dns.DnsResolveContext.query(DnsResolveContext.java:443)
	at io.netty.resolver.dns.DnsResolveContext.access$700(DnsResolveContext.java:69)
	at io.netty.resolver.dns.DnsResolveContext$2.operationComplete(DnsResolveContext.java:512)
	at io.netty.util.concurrent.DefaultPromise.notifyListener0(DefaultPromise.java:604)
	at io.netty.util.concurrent.DefaultPromise.notifyListeners0(DefaultPromise.java:597)
	at io.netty.util.concurrent.DefaultPromise.notifyListenersNow(DefaultPromise.java:573)
	at io.netty.util.concurrent.DefaultPromise.notifyListeners(DefaultPromise.java:506)
	at io.netty.util.concurrent.DefaultPromise.setValue0(DefaultPromise.java:650)
	at io.netty.util.concurrent.DefaultPromise.setFailure0(DefaultPromise.java:643)
	at io.netty.util.concurrent.DefaultPromise.tryFailure(DefaultPromise.java:132)
	at io.netty.resolver.dns.DnsQueryContext.finishFailure(DnsQueryContext.java:346)
	at io.netty.resolver.dns.DnsQueryContext$4.run(DnsQueryContext.java:281)
	at io.netty.util.concurrent.PromiseTask.runTask(PromiseTask.java:98)
	at io.netty.util.concurrent.ScheduledFutureTask.run(ScheduledFutureTask.java:160)
	at io.netty.util.concurrent.AbstractEventExecutor.runTask(AbstractEventExecutor.java:148)
	at io.netty.util.concurrent.AbstractEventExecutor.safeExecute$$$capture(AbstractEventExecutor.java:141)
	at io.netty.util.concurrent.AbstractEventExecutor.safeExecute(AbstractEventExecutor.java)
	at io.netty.util.concurrent.SingleThreadEventExecutor.runAllTasks(SingleThreadEventExecutor.java:535)
	at io.netty.channel.SingleThreadIoEventLoop.run(SingleThreadIoEventLoop.java:201)
	at io.netty.util.concurrent.SingleThreadEventExecutor$5.run(SingleThreadEventExecutor.java:1195)
	at io.netty.util.internal.ThreadExecutorMap$2.run(ThreadExecutorMap.java:74)
	at io.netty.util.concurrent.FastThreadLocalRunnable.run(FastThreadLocalRunnable.java:30)
	at java.base/java.lang.Thread.run(Thread.java:1583)
Caused by: io.netty.resolver.dns.DnsNameResolverTimeoutException: [9397: /10.246.32.204:53] DefaultDnsQuestion(measured-cowbird-128774.upstash.io. IN A) query '9397' via UDP timed out after 5000 milliseconds (no stack trace available)
2026-08-05 14:49:00 INFO  i.l.core.protocol.ConnectionWatchdog - Reconnecting, last destination was measured-cowbird-128774.upstash.io/<unresolved>:6379
2026-08-05 14:49:05 WARN  i.l.core.protocol.ConnectionWatchdog - Cannot reconnect to [measured-cowbird-128774.upstash.io/<unresolved>:6379]: Failed to resolve 'measured-cowbird-128774.upstash.io' [A(1)]
java.net.UnknownHostException: Failed to resolve 'measured-cowbird-128774.upstash.io' [A(1)]
	at io.netty.resolver.dns.DnsResolveContext.finishResolve(DnsResolveContext.java:1137)
	at io.netty.resolver.dns.DnsResolveContext.tryToFinishResolve(DnsResolveContext.java:1084)
	at io.netty.resolver.dns.DnsResolveContext.query(DnsResolveContext.java:443)
	at io.netty.resolver.dns.DnsResolveContext.access$700(DnsResolveContext.java:69)
	at io.netty.resolver.dns.DnsResolveContext$2.operationComplete(DnsResolveContext.java:512)
	at io.netty.util.concurrent.DefaultPromise.notifyListener0(DefaultPromise.java:604)
	at io.netty.util.concurrent.DefaultPromise.notifyListeners0(DefaultPromise.java:597)
	at io.netty.util.concurrent.DefaultPromise.notifyListenersNow(DefaultPromise.java:573)
	at io.netty.util.concurrent.DefaultPromise.notifyListeners(DefaultPromise.java:506)
	at io.netty.util.concurrent.DefaultPromise.setValue0(DefaultPromise.java:650)
	at io.netty.util.concurrent.DefaultPromise.setFailure0(DefaultPromise.java:643)
	at io.netty.util.concurrent.DefaultPromise.tryFailure(DefaultPromise.java:132)
	at io.netty.resolver.dns.DnsQueryContext.finishFailure(DnsQueryContext.java:346)
	at io.netty.resolver.dns.DnsQueryContext$4.run(DnsQueryContext.java:281)
	at io.netty.util.concurrent.PromiseTask.runTask(PromiseTask.java:98)
	at io.netty.util.concurrent.ScheduledFutureTask.run(ScheduledFutureTask.java:160)
	at io.netty.util.concurrent.AbstractEventExecutor.runTask(AbstractEventExecutor.java:148)
	at io.netty.util.concurrent.AbstractEventExecutor.safeExecute$$$capture(AbstractEventExecutor.java:141)
	at io.netty.util.concurrent.AbstractEventExecutor.safeExecute(AbstractEventExecutor.java)
	at io.netty.util.concurrent.SingleThreadEventExecutor.runAllTasks(SingleThreadEventExecutor.java:535)
	at io.netty.channel.SingleThreadIoEventLoop.run(SingleThreadIoEventLoop.java:201)
	at io.netty.util.concurrent.SingleThreadEventExecutor$5.run(SingleThreadEventExecutor.java:1195)
	at io.netty.util.internal.ThreadExecutorMap$2.run(ThreadExecutorMap.java:74)
	at io.netty.util.concurrent.FastThreadLocalRunnable.run(FastThreadLocalRunnable.java:30)
	at java.base/java.lang.Thread.run(Thread.java:1583)
Caused by: io.netty.resolver.dns.DnsNameResolverTimeoutException: [6570: /10.246.32.204:53] DefaultDnsQuestion(measured-cowbird-128774.upstash.io. IN A) query '6570' via UDP timed out after 5000 milliseconds (no stack trace available)
2026-08-05 14:49:35 INFO  i.l.core.protocol.ConnectionWatchdog - Reconnecting, last destination was measured-cowbird-128774.upstash.io/<unresolved>:6379
2026-08-05 14:49:40 WARN  i.l.core.protocol.ConnectionWatchdog - Cannot reconnect to [measured-cowbird-128774.upstash.io/<unresolved>:6379]: Failed to resolve 'measured-cowbird-128774.upstash.io' [A(1)]
java.net.UnknownHostException: Failed to resolve 'measured-cowbird-128774.upstash.io' [A(1)]
	at io.netty.resolver.dns.DnsResolveContext.finishResolve(DnsResolveContext.java:1137)
	at io.netty.resolver.dns.DnsResolveContext.tryToFinishResolve(DnsResolveContext.java:1084)
	at io.netty.resolver.dns.DnsResolveContext.query(DnsResolveContext.java:443)
	at io.netty.resolver.dns.DnsResolveContext.access$700(DnsResolveContext.java:69)
	at io.netty.resolver.dns.DnsResolveContext$2.operationComplete(DnsResolveContext.java:512)
	at io.netty.util.concurrent.DefaultPromise.notifyListener0(DefaultPromise.java:604)
	at io.netty.util.concurrent.DefaultPromise.notifyListeners0(DefaultPromise.java:597)
	at io.netty.util.concurrent.DefaultPromise.notifyListenersNow(DefaultPromise.java:573)
	at io.netty.util.concurrent.DefaultPromise.notifyListeners(DefaultPromise.java:506)
	at io.netty.util.concurrent.DefaultPromise.setValue0(DefaultPromise.java:650)
	at io.netty.util.concurrent.DefaultPromise.setFailure0(DefaultPromise.java:643)
	at io.netty.util.concurrent.DefaultPromise.tryFailure(DefaultPromise.java:132)
	at io.netty.resolver.dns.DnsQueryContext.finishFailure(DnsQueryContext.java:346)
	at io.netty.resolver.dns.DnsQueryContext$4.run(DnsQueryContext.java:281)
	at io.netty.util.concurrent.PromiseTask.runTask(PromiseTask.java:98)
	at io.netty.util.concurrent.ScheduledFutureTask.run(ScheduledFutureTask.java:160)
	at io.netty.util.concurrent.AbstractEventExecutor.runTask(AbstractEventExecutor.java:148)
	at io.netty.util.concurrent.AbstractEventExecutor.safeExecute$$$capture(AbstractEventExecutor.java:141)
	at io.netty.util.concurrent.AbstractEventExecutor.safeExecute(AbstractEventExecutor.java)
	at io.netty.util.concurrent.SingleThreadEventExecutor.runAllTasks(SingleThreadEventExecutor.java:535)
	at io.netty.channel.SingleThreadIoEventLoop.run(SingleThreadIoEventLoop.java:201)
	at io.netty.util.concurrent.SingleThreadEventExecutor$5.run(SingleThreadEventExecutor.java:1195)
	at io.netty.util.internal.ThreadExecutorMap$2.run(ThreadExecutorMap.java:74)
	at io.netty.util.concurrent.FastThreadLocalRunnable.run(FastThreadLocalRunnable.java:30)
	at java.base/java.lang.Thread.run(Thread.java:1583)
Caused by: io.netty.resolver.dns.DnsNameResolverTimeoutException: [7880: /10.246.32.204:53] DefaultDnsQuestion(measured-cowbird-128774.upstash.io. IN A) query '7880' via UDP timed out after 5000 milliseconds (no stack trace available)
2026-08-05 14:50:10 INFO  i.l.core.protocol.ConnectionWatchdog - Reconnecting, last destination was measured-cowbird-128774.upstash.io/<unresolved>:6379
2026-08-05 14:50:15 WARN  i.l.core.protocol.ConnectionWatchdog - Cannot reconnect to [measured-cowbird-128774.upstash.io/<unresolved>:6379]: Failed to resolve 'measured-cowbird-128774.upstash.io' [A(1)]
java.net.UnknownHostException: Failed to resolve 'measured-cowbird-128774.upstash.io' [A(1)]
	at io.netty.resolver.dns.DnsResolveContext.finishResolve(DnsResolveContext.java:1137)
	at io.netty.resolver.dns.DnsResolveContext.tryToFinishResolve(DnsResolveContext.java:1084)
	at io.netty.resolver.dns.DnsResolveContext.query(DnsResolveContext.java:443)
	at io.netty.resolver.dns.DnsResolveContext.access$700(DnsResolveContext.java:69)
	at io.netty.resolver.dns.DnsResolveContext$2.operationComplete(DnsResolveContext.java:512)
	at io.netty.util.concurrent.DefaultPromise.notifyListener0(DefaultPromise.java:604)
	at io.netty.util.concurrent.DefaultPromise.notifyListeners0(DefaultPromise.java:597)
	at io.netty.util.concurrent.DefaultPromise.notifyListenersNow(DefaultPromise.java:573)
	at io.netty.util.concurrent.DefaultPromise.notifyListeners(DefaultPromise.java:506)
	at io.netty.util.concurrent.DefaultPromise.setValue0(DefaultPromise.java:650)
	at io.netty.util.concurrent.DefaultPromise.setFailure0(DefaultPromise.java:643)
	at io.netty.util.concurrent.DefaultPromise.tryFailure(DefaultPromise.java:132)
	at io.netty.resolver.dns.DnsQueryContext.finishFailure(DnsQueryContext.java:346)
	at io.netty.resolver.dns.DnsQueryContext$4.run(DnsQueryContext.java:281)
	at io.netty.util.concurrent.PromiseTask.runTask(PromiseTask.java:98)
	at io.netty.util.concurrent.ScheduledFutureTask.run(ScheduledFutureTask.java:160)
	at io.netty.util.concurrent.AbstractEventExecutor.runTask(AbstractEventExecutor.java:148)
	at io.netty.util.concurrent.AbstractEventExecutor.safeExecute$$$capture(AbstractEventExecutor.java:141)
	at io.netty.util.concurrent.AbstractEventExecutor.safeExecute(AbstractEventExecutor.java)
	at io.netty.util.concurrent.SingleThreadEventExecutor.runAllTasks(SingleThreadEventExecutor.java:535)
	at io.netty.channel.SingleThreadIoEventLoop.run(SingleThreadIoEventLoop.java:201)
	at io.netty.util.concurrent.SingleThreadEventExecutor$5.run(SingleThreadEventExecutor.java:1195)
	at io.netty.util.internal.ThreadExecutorMap$2.run(ThreadExecutorMap.java:74)
	at io.netty.util.concurrent.FastThreadLocalRunnable.run(FastThreadLocalRunnable.java:30)
	at java.base/java.lang.Thread.run(Thread.java:1583)
Caused by: io.netty.resolver.dns.DnsNameResolverTimeoutException: [1682: /10.246.32.204:53] DefaultDnsQuestion(measured-cowbird-128774.upstash.io. IN A) query '1682' via UDP timed out after 5000 milliseconds (no stack trace available)
2026-08-05 14:50:45 INFO  i.l.core.protocol.ConnectionWatchdog - Reconnecting, last destination was measured-cowbird-128774.upstash.io/<unresolved>:6379
2026-08-05 14:50:50 WARN  i.l.core.protocol.ConnectionWatchdog - Cannot reconnect to [measured-cowbird-128774.upstash.io/<unresolved>:6379]: Failed to resolve 'measured-cowbird-128774.upstash.io' [A(1)]
java.net.UnknownHostException: Failed to resolve 'measured-cowbird-128774.upstash.io' [A(1)]
	at io.netty.resolver.dns.DnsResolveContext.finishResolve(DnsResolveContext.java:1137)
	at io.netty.resolver.dns.DnsResolveContext.tryToFinishResolve(DnsResolveContext.java:1084)
	at io.netty.resolver.dns.DnsResolveContext.query(DnsResolveContext.java:443)
	at io.netty.resolver.dns.DnsResolveContext.access$700(DnsResolveContext.java:69)
	at io.netty.resolver.dns.DnsResolveContext$2.operationComplete(DnsResolveContext.java:512)
	at io.netty.util.concurrent.DefaultPromise.notifyListener0(DefaultPromise.java:604)
	at io.netty.util.concurrent.DefaultPromise.notifyListeners0(DefaultPromise.java:597)
	at io.netty.util.concurrent.DefaultPromise.notifyListenersNow(DefaultPromise.java:573)
	at io.netty.util.concurrent.DefaultPromise.notifyListeners(DefaultPromise.java:506)
	at io.netty.util.concurrent.DefaultPromise.setValue0(DefaultPromise.java:650)
	at io.netty.util.concurrent.DefaultPromise.setFailure0(DefaultPromise.java:643)
	at io.netty.util.concurrent.DefaultPromise.tryFailure(DefaultPromise.java:132)
	at io.netty.resolver.dns.DnsQueryContext.finishFailure(DnsQueryContext.java:346)
	at io.netty.resolver.dns.DnsQueryContext$4.run(DnsQueryContext.java:281)
	at io.netty.util.concurrent.PromiseTask.runTask(PromiseTask.java:98)
	at io.netty.util.concurrent.ScheduledFutureTask.run(ScheduledFutureTask.java:160)
	at io.netty.util.concurrent.AbstractEventExecutor.runTask(AbstractEventExecutor.java:148)
	at io.netty.util.concurrent.AbstractEventExecutor.safeExecute$$$capture(AbstractEventExecutor.java:141)
	at io.netty.util.concurrent.AbstractEventExecutor.safeExecute(AbstractEventExecutor.java)
	at io.netty.util.concurrent.SingleThreadEventExecutor.runAllTasks(SingleThreadEventExecutor.java:535)
	at io.netty.channel.SingleThreadIoEventLoop.run(SingleThreadIoEventLoop.java:201)
	at io.netty.util.concurrent.SingleThreadEventExecutor$5.run(SingleThreadEventExecutor.java:1195)
	at io.netty.util.internal.ThreadExecutorMap$2.run(ThreadExecutorMap.java:74)
	at io.netty.util.concurrent.FastThreadLocalRunnable.run(FastThreadLocalRunnable.java:30)
	at java.base/java.lang.Thread.run(Thread.java:1583)
Caused by: io.netty.resolver.dns.DnsNameResolverTimeoutException: [2670: /10.246.32.204:53] DefaultDnsQuestion(measured-cowbird-128774.upstash.io. IN A) query '2670' via UDP timed out after 5000 milliseconds (no stack trace available)
2026-08-05 14:51:20 INFO  i.l.core.protocol.ConnectionWatchdog - Reconnecting, last destination was measured-cowbird-128774.upstash.io/<unresolved>:6379
2026-08-05 14:51:25 WARN  i.l.core.protocol.ConnectionWatchdog - Cannot reconnect to [measured-cowbird-128774.upstash.io/<unresolved>:6379]: Failed to resolve 'measured-cowbird-128774.upstash.io' [A(1)]
java.net.UnknownHostException: Failed to resolve 'measured-cowbird-128774.upstash.io' [A(1)]
	at io.netty.resolver.dns.DnsResolveContext.finishResolve(DnsResolveContext.java:1137)
	at io.netty.resolver.dns.DnsResolveContext.tryToFinishResolve(DnsResolveContext.java:1084)
	at io.netty.resolver.dns.DnsResolveContext.query(DnsResolveContext.java:443)
	at io.netty.resolver.dns.DnsResolveContext.access$700(DnsResolveContext.java:69)
	at io.netty.resolver.dns.DnsResolveContext$2.operationComplete(DnsResolveContext.java:512)
	at io.netty.util.concurrent.DefaultPromise.notifyListener0(DefaultPromise.java:604)
	at io.netty.util.concurrent.DefaultPromise.notifyListeners0(DefaultPromise.java:597)
	at io.netty.util.concurrent.DefaultPromise.notifyListenersNow(DefaultPromise.java:573)
	at io.netty.util.concurrent.DefaultPromise.notifyListeners(DefaultPromise.java:506)
	at io.netty.util.concurrent.DefaultPromise.setValue0(DefaultPromise.java:650)
	at io.netty.util.concurrent.DefaultPromise.setFailure0(DefaultPromise.java:643)
	at io.netty.util.concurrent.DefaultPromise.tryFailure(DefaultPromise.java:132)
	at io.netty.resolver.dns.DnsQueryContext.finishFailure(DnsQueryContext.java:346)
	at io.netty.resolver.dns.DnsQueryContext$4.run(DnsQueryContext.java:281)
	at io.netty.util.concurrent.PromiseTask.runTask(PromiseTask.java:98)
	at io.netty.util.concurrent.ScheduledFutureTask.run(ScheduledFutureTask.java:160)
	at io.netty.util.concurrent.AbstractEventExecutor.runTask(AbstractEventExecutor.java:148)
	at io.netty.util.concurrent.AbstractEventExecutor.safeExecute$$$capture(AbstractEventExecutor.java:141)
	at io.netty.util.concurrent.AbstractEventExecutor.safeExecute(AbstractEventExecutor.java)
	at io.netty.util.concurrent.SingleThreadEventExecutor.runAllTasks(SingleThreadEventExecutor.java:535)
	at io.netty.channel.SingleThreadIoEventLoop.run(SingleThreadIoEventLoop.java:201)
	at io.netty.util.concurrent.SingleThreadEventExecutor$5.run(SingleThreadEventExecutor.java:1195)
	at io.netty.util.internal.ThreadExecutorMap$2.run(ThreadExecutorMap.java:74)
	at io.netty.util.concurrent.FastThreadLocalRunnable.run(FastThreadLocalRunnable.java:30)
	at java.base/java.lang.Thread.run(Thread.java:1583)
Caused by: io.netty.resolver.dns.DnsNameResolverTimeoutException: [3782: /10.246.32.204:53] DefaultDnsQuestion(measured-cowbird-128774.upstash.io. IN A) query '3782' via UDP timed out after 5000 milliseconds (no stack trace available)
2026-08-05 14:51:55 INFO  i.l.core.protocol.ConnectionWatchdog - Reconnecting, last destination was measured-cowbird-128774.upstash.io/<unresolved>:6379
2026-08-05 14:52:00 WARN  i.l.core.protocol.ConnectionWatchdog - Cannot reconnect to [measured-cowbird-128774.upstash.io/<unresolved>:6379]: Failed to resolve 'measured-cowbird-128774.upstash.io' [A(1)]
java.net.UnknownHostException: Failed to resolve 'measured-cowbird-128774.upstash.io' [A(1)]
	at io.netty.resolver.dns.DnsResolveContext.finishResolve(DnsResolveContext.java:1137)
	at io.netty.resolver.dns.DnsResolveContext.tryToFinishResolve(DnsResolveContext.java:1084)
	at io.netty.resolver.dns.DnsResolveContext.query(DnsResolveContext.java:443)
	at io.netty.resolver.dns.DnsResolveContext.access$700(DnsResolveContext.java:69)
	at io.netty.resolver.dns.DnsResolveContext$2.operationComplete(DnsResolveContext.java:512)
	at io.netty.util.concurrent.DefaultPromise.notifyListener0(DefaultPromise.java:604)
	at io.netty.util.concurrent.DefaultPromise.notifyListeners0(DefaultPromise.java:597)
	at io.netty.util.concurrent.DefaultPromise.notifyListenersNow(DefaultPromise.java:573)
	at io.netty.util.concurrent.DefaultPromise.notifyListeners(DefaultPromise.java:506)
	at io.netty.util.concurrent.DefaultPromise.setValue0(DefaultPromise.java:650)
	at io.netty.util.concurrent.DefaultPromise.setFailure0(DefaultPromise.java:643)
	at io.netty.util.concurrent.DefaultPromise.tryFailure(DefaultPromise.java:132)
	at io.netty.resolver.dns.DnsQueryContext.finishFailure(DnsQueryContext.java:346)
	at io.netty.resolver.dns.DnsQueryContext$4.run(DnsQueryContext.java:281)
	at io.netty.util.concurrent.PromiseTask.runTask(PromiseTask.java:98)
	at io.netty.util.concurrent.ScheduledFutureTask.run(ScheduledFutureTask.java:160)
	at io.netty.util.concurrent.AbstractEventExecutor.runTask(AbstractEventExecutor.java:148)
	at io.netty.util.concurrent.AbstractEventExecutor.safeExecute$$$capture(AbstractEventExecutor.java:141)
	at io.netty.util.concurrent.AbstractEventExecutor.safeExecute(AbstractEventExecutor.java)
	at io.netty.util.concurrent.SingleThreadEventExecutor.runAllTasks(SingleThreadEventExecutor.java:535)
	at io.netty.channel.SingleThreadIoEventLoop.run(SingleThreadIoEventLoop.java:201)
	at io.netty.util.concurrent.SingleThreadEventExecutor$5.run(SingleThreadEventExecutor.java:1195)
	at io.netty.util.internal.ThreadExecutorMap$2.run(ThreadExecutorMap.java:74)
	at io.netty.util.concurrent.FastThreadLocalRunnable.run(FastThreadLocalRunnable.java:30)
	at java.base/java.lang.Thread.run(Thread.java:1583)
Caused by: io.netty.resolver.dns.DnsNameResolverTimeoutException: [544: /10.246.32.204:53] DefaultDnsQuestion(measured-cowbird-128774.upstash.io. IN A) query '544' via UDP timed out after 5000 milliseconds (no stack trace available)
2026-08-05 14:52:30 INFO  i.l.core.protocol.ConnectionWatchdog - Reconnecting, last destination was measured-cowbird-128774.upstash.io/<unresolved>:6379
2026-08-05 14:52:35 WARN  i.l.core.protocol.ConnectionWatchdog - Cannot reconnect to [measured-cowbird-128774.upstash.io/<unresolved>:6379]: Failed to resolve 'measured-cowbird-128774.upstash.io' [A(1)]
java.net.UnknownHostException: Failed to resolve 'measured-cowbird-128774.upstash.io' [A(1)]
	at io.netty.resolver.dns.DnsResolveContext.finishResolve(DnsResolveContext.java:1137)
	at io.netty.resolver.dns.DnsResolveContext.tryToFinishResolve(DnsResolveContext.java:1084)
	at io.netty.resolver.dns.DnsResolveContext.query(DnsResolveContext.java:443)
	at io.netty.resolver.dns.DnsResolveContext.access$700(DnsResolveContext.java:69)
	at io.netty.resolver.dns.DnsResolveContext$2.operationComplete(DnsResolveContext.java:512)
	at io.netty.util.concurrent.DefaultPromise.notifyListener0(DefaultPromise.java:604)
	at io.netty.util.concurrent.DefaultPromise.notifyListeners0(DefaultPromise.java:597)
	at io.netty.util.concurrent.DefaultPromise.notifyListenersNow(DefaultPromise.java:573)
	at io.netty.util.concurrent.DefaultPromise.notifyListeners(DefaultPromise.java:506)
	at io.netty.util.concurrent.DefaultPromise.setValue0(DefaultPromise.java:650)
	at io.netty.util.concurrent.DefaultPromise.setFailure0(DefaultPromise.java:643)
	at io.netty.util.concurrent.DefaultPromise.tryFailure(DefaultPromise.java:132)
	at io.netty.resolver.dns.DnsQueryContext.finishFailure(DnsQueryContext.java:346)
	at io.netty.resolver.dns.DnsQueryContext$4.run(DnsQueryContext.java:281)
	at io.netty.util.concurrent.PromiseTask.runTask(PromiseTask.java:98)
	at io.netty.util.concurrent.ScheduledFutureTask.run(ScheduledFutureTask.java:160)
	at io.netty.util.concurrent.AbstractEventExecutor.runTask(AbstractEventExecutor.java:148)
	at io.netty.util.concurrent.AbstractEventExecutor.safeExecute$$$capture(AbstractEventExecutor.java:141)
	at io.netty.util.concurrent.AbstractEventExecutor.safeExecute(AbstractEventExecutor.java)
	at io.netty.util.concurrent.SingleThreadEventExecutor.runAllTasks(SingleThreadEventExecutor.java:535)
	at io.netty.channel.SingleThreadIoEventLoop.run(SingleThreadIoEventLoop.java:201)
	at io.netty.util.concurrent.SingleThreadEventExecutor$5.run(SingleThreadEventExecutor.java:1195)
	at io.netty.util.internal.ThreadExecutorMap$2.run(ThreadExecutorMap.java:74)
	at io.netty.util.concurrent.FastThreadLocalRunnable.run(FastThreadLocalRunnable.java:30)
	at java.base/java.lang.Thread.run(Thread.java:1583)
Caused by: io.netty.resolver.dns.DnsNameResolverTimeoutException: [10328: /10.246.32.204:53] DefaultDnsQuestion(measured-cowbird-128774.upstash.io. IN A) query '10328' via UDP timed out after 5000 milliseconds (no stack trace available)
2026-08-05 14:53:05 INFO  i.l.core.protocol.ConnectionWatchdog - Reconnecting, last destination was measured-cowbird-128774.upstash.io/<unresolved>:6379
2026-08-05 14:53:10 WARN  i.l.core.protocol.ConnectionWatchdog - Cannot reconnect to [measured-cowbird-128774.upstash.io/<unresolved>:6379]: Failed to resolve 'measured-cowbird-128774.upstash.io' [A(1)]
java.net.UnknownHostException: Failed to resolve 'measured-cowbird-128774.upstash.io' [A(1)]
	at io.netty.resolver.dns.DnsResolveContext.finishResolve(DnsResolveContext.java:1137)
	at io.netty.resolver.dns.DnsResolveContext.tryToFinishResolve(DnsResolveContext.java:1084)
	at io.netty.resolver.dns.DnsResolveContext.query(DnsResolveContext.java:443)
	at io.netty.resolver.dns.DnsResolveContext.access$700(DnsResolveContext.java:69)
	at io.netty.resolver.dns.DnsResolveContext$2.operationComplete(DnsResolveContext.java:512)
	at io.netty.util.concurrent.DefaultPromise.notifyListener0(DefaultPromise.java:604)
	at io.netty.util.concurrent.DefaultPromise.notifyListeners0(DefaultPromise.java:597)
	at io.netty.util.concurrent.DefaultPromise.notifyListenersNow(DefaultPromise.java:573)
	at io.netty.util.concurrent.DefaultPromise.notifyListeners(DefaultPromise.java:506)
	at io.netty.util.concurrent.DefaultPromise.setValue0(DefaultPromise.java:650)
	at io.netty.util.concurrent.DefaultPromise.setFailure0(DefaultPromise.java:643)
	at io.netty.util.concurrent.DefaultPromise.tryFailure(DefaultPromise.java:132)
	at io.netty.resolver.dns.DnsQueryContext.finishFailure(DnsQueryContext.java:346)
	at io.netty.resolver.dns.DnsQueryContext$4.run(DnsQueryContext.java:281)
	at io.netty.util.concurrent.PromiseTask.runTask(PromiseTask.java:98)
	at io.netty.util.concurrent.ScheduledFutureTask.run(ScheduledFutureTask.java:160)
	at io.netty.util.concurrent.AbstractEventExecutor.runTask(AbstractEventExecutor.java:148)
	at io.netty.util.concurrent.AbstractEventExecutor.safeExecute$$$capture(AbstractEventExecutor.java:141)
	at io.netty.util.concurrent.AbstractEventExecutor.safeExecute(AbstractEventExecutor.java)
	at io.netty.util.concurrent.SingleThreadEventExecutor.runAllTasks(SingleThreadEventExecutor.java:535)
	at io.netty.channel.SingleThreadIoEventLoop.run(SingleThreadIoEventLoop.java:201)
	at io.netty.util.concurrent.SingleThreadEventExecutor$5.run(SingleThreadEventExecutor.java:1195)
	at io.netty.util.internal.ThreadExecutorMap$2.run(ThreadExecutorMap.java:74)
	at io.netty.util.concurrent.FastThreadLocalRunnable.run(FastThreadLocalRunnable.java:30)
	at java.base/java.lang.Thread.run(Thread.java:1583)
Caused by: io.netty.resolver.dns.DnsNameResolverTimeoutException: [11610: /10.246.32.204:53] DefaultDnsQuestion(measured-cowbird-128774.upstash.io. IN A) query '11610' via UDP timed out after 5000 milliseconds (no stack trace available)
2026-08-05 14:53:33 INFO  o.s.w.s.c.WebSocketMessageBrokerStats - WebSocketSession[0 current WS(0)-HttpStream(0)-HttpPoll(0), 0 total, 0 closed abnormally (0 connect failure, 0 send limit, 0 transport error)], stompSubProtocol[processed CONNECT(0)-CONNECTED(0)-DISCONNECT(0)], stompBrokerRelay[null], inboundChannel[pool size = 0, active threads = 0, queued tasks = 0, completed tasks = 0], outboundChannel[pool size = 0, active threads = 0, queued tasks = 0, completed tasks = 0], sockJsScheduler[pool size = 4, active threads = 1, queued tasks = 1, completed tasks = 430]
2026-08-05 14:53:40 INFO  i.l.core.protocol.ConnectionWatchdog - Reconnecting, last destination was measured-cowbird-128774.upstash.io/<unresolved>:6379
2026-08-05 14:53:45 WARN  i.l.core.protocol.ConnectionWatchdog - Cannot reconnect to [measured-cowbird-128774.upstash.io/<unresolved>:6379]: Failed to resolve 'measured-cowbird-128774.upstash.io' [A(1)]
java.net.UnknownHostException: Failed to resolve 'measured-cowbird-128774.upstash.io' [A(1)]
	at io.netty.resolver.dns.DnsResolveContext.finishResolve(DnsResolveContext.java:1137)
	at io.netty.resolver.dns.DnsResolveContext.tryToFinishResolve(DnsResolveContext.java:1084)
	at io.netty.resolver.dns.DnsResolveContext.query(DnsResolveContext.java:443)
	at io.netty.resolver.dns.DnsResolveContext.access$700(DnsResolveContext.java:69)
	at io.netty.resolver.dns.DnsResolveContext$2.operationComplete(DnsResolveContext.java:512)
	at io.netty.util.concurrent.DefaultPromise.notifyListener0(DefaultPromise.java:604)
	at io.netty.util.concurrent.DefaultPromise.notifyListeners0(DefaultPromise.java:597)
	at io.netty.util.concurrent.DefaultPromise.notifyListenersNow(DefaultPromise.java:573)
	at io.netty.util.concurrent.DefaultPromise.notifyListeners(DefaultPromise.java:506)
	at io.netty.util.concurrent.DefaultPromise.setValue0(DefaultPromise.java:650)
	at io.netty.util.concurrent.DefaultPromise.setFailure0(DefaultPromise.java:643)
	at io.netty.util.concurrent.DefaultPromise.tryFailure(DefaultPromise.java:132)
	at io.netty.resolver.dns.DnsQueryContext.finishFailure(DnsQueryContext.java:346)
	at io.netty.resolver.dns.DnsQueryContext$4.run(DnsQueryContext.java:281)
	at io.netty.util.concurrent.PromiseTask.runTask(PromiseTask.java:98)
	at io.netty.util.concurrent.ScheduledFutureTask.run(ScheduledFutureTask.java:160)
	at io.netty.util.concurrent.AbstractEventExecutor.runTask(AbstractEventExecutor.java:148)
	at io.netty.util.concurrent.AbstractEventExecutor.safeExecute$$$capture(AbstractEventExecutor.java:141)
	at io.netty.util.concurrent.AbstractEventExecutor.safeExecute(AbstractEventExecutor.java)
	at io.netty.util.concurrent.SingleThreadEventExecutor.runAllTasks(SingleThreadEventExecutor.java:535)
	at io.netty.channel.SingleThreadIoEventLoop.run(SingleThreadIoEventLoop.java:201)
	at io.netty.util.concurrent.SingleThreadEventExecutor$5.run(SingleThreadEventExecutor.java:1195)
	at io.netty.util.internal.ThreadExecutorMap$2.run(ThreadExecutorMap.java:74)
	at io.netty.util.concurrent.FastThreadLocalRunnable.run(FastThreadLocalRunnable.java:30)
	at java.base/java.lang.Thread.run(Thread.java:1583)
Caused by: io.netty.resolver.dns.DnsNameResolverTimeoutException: [9733: /10.246.32.204:53] DefaultDnsQuestion(measured-cowbird-128774.upstash.io. IN A) query '9733' via UDP timed out after 5000 milliseconds (no stack trace available)
2026-08-05 14:54:15 INFO  i.l.core.protocol.ConnectionWatchdog - Reconnecting, last destination was measured-cowbird-128774.upstash.io/<unresolved>:6379
2026-08-05 14:54:20 WARN  i.l.core.protocol.ConnectionWatchdog - Cannot reconnect to [measured-cowbird-128774.upstash.io/<unresolved>:6379]: Failed to resolve 'measured-cowbird-128774.upstash.io' [A(1)]
java.net.UnknownHostException: Failed to resolve 'measured-cowbird-128774.upstash.io' [A(1)]
	at io.netty.resolver.dns.DnsResolveContext.finishResolve(DnsResolveContext.java:1137)
	at io.netty.resolver.dns.DnsResolveContext.tryToFinishResolve(DnsResolveContext.java:1084)
	at io.netty.resolver.dns.DnsResolveContext.query(DnsResolveContext.java:443)
	at io.netty.resolver.dns.DnsResolveContext.access$700(DnsResolveContext.java:69)
	at io.netty.resolver.dns.DnsResolveContext$2.operationComplete(DnsResolveContext.java:512)
	at io.netty.util.concurrent.DefaultPromise.notifyListener0(DefaultPromise.java:604)
	at io.netty.util.concurrent.DefaultPromise.notifyListeners0(DefaultPromise.java:597)
	at io.netty.util.concurrent.DefaultPromise.notifyListenersNow(DefaultPromise.java:573)
	at io.netty.util.concurrent.DefaultPromise.notifyListeners(DefaultPromise.java:506)
	at io.netty.util.concurrent.DefaultPromise.setValue0(DefaultPromise.java:650)
	at io.netty.util.concurrent.DefaultPromise.setFailure0(DefaultPromise.java:643)
	at io.netty.util.concurrent.DefaultPromise.tryFailure(DefaultPromise.java:132)
	at io.netty.resolver.dns.DnsQueryContext.finishFailure(DnsQueryContext.java:346)
	at io.netty.resolver.dns.DnsQueryContext$4.run(DnsQueryContext.java:281)
	at io.netty.util.concurrent.PromiseTask.runTask(PromiseTask.java:98)
	at io.netty.util.concurrent.ScheduledFutureTask.run(ScheduledFutureTask.java:160)
	at io.netty.util.concurrent.AbstractEventExecutor.runTask(AbstractEventExecutor.java:148)
	at io.netty.util.concurrent.AbstractEventExecutor.safeExecute$$$capture(AbstractEventExecutor.java:141)
	at io.netty.util.concurrent.AbstractEventExecutor.safeExecute(AbstractEventExecutor.java)
	at io.netty.util.concurrent.SingleThreadEventExecutor.runAllTasks(SingleThreadEventExecutor.java:535)
	at io.netty.channel.SingleThreadIoEventLoop.run(SingleThreadIoEventLoop.java:201)
	at io.netty.util.concurrent.SingleThreadEventExecutor$5.run(SingleThreadEventExecutor.java:1195)
	at io.netty.util.internal.ThreadExecutorMap$2.run(ThreadExecutorMap.java:74)
	at io.netty.util.concurrent.FastThreadLocalRunnable.run(FastThreadLocalRunnable.java:30)
	at java.base/java.lang.Thread.run(Thread.java:1583)
Caused by: io.netty.resolver.dns.DnsNameResolverTimeoutException: [8765: /10.246.32.204:53] DefaultDnsQuestion(measured-cowbird-128774.upstash.io. IN A) query '8765' via UDP timed out after 5000 milliseconds (no stack trace available)
2026-08-05 14:54:51 INFO  i.l.core.protocol.ConnectionWatchdog - Reconnecting, last destination was measured-cowbird-128774.upstash.io/<unresolved>:6379
2026-08-05 14:54:56 WARN  i.l.core.protocol.ConnectionWatchdog - Cannot reconnect to [measured-cowbird-128774.upstash.io/<unresolved>:6379]: Failed to resolve 'measured-cowbird-128774.upstash.io' [A(1)]
java.net.UnknownHostException: Failed to resolve 'measured-cowbird-128774.upstash.io' [A(1)]
	at io.netty.resolver.dns.DnsResolveContext.finishResolve(DnsResolveContext.java:1137)
	at io.netty.resolver.dns.DnsResolveContext.tryToFinishResolve(DnsResolveContext.java:1084)
	at io.netty.resolver.dns.DnsResolveContext.query(DnsResolveContext.java:443)
	at io.netty.resolver.dns.DnsResolveContext.access$700(DnsResolveContext.java:69)
	at io.netty.resolver.dns.DnsResolveContext$2.operationComplete(DnsResolveContext.java:512)
	at io.netty.util.concurrent.DefaultPromise.notifyListener0(DefaultPromise.java:604)
	at io.netty.util.concurrent.DefaultPromise.notifyListeners0(DefaultPromise.java:597)
	at io.netty.util.concurrent.DefaultPromise.notifyListenersNow(DefaultPromise.java:573)
	at io.netty.util.concurrent.DefaultPromise.notifyListeners(DefaultPromise.java:506)
	at io.netty.util.concurrent.DefaultPromise.setValue0(DefaultPromise.java:650)
	at io.netty.util.concurrent.DefaultPromise.setFailure0(DefaultPromise.java:643)
	at io.netty.util.concurrent.DefaultPromise.tryFailure(DefaultPromise.java:132)
	at io.netty.resolver.dns.DnsQueryContext.finishFailure(DnsQueryContext.java:346)
	at io.netty.resolver.dns.DnsQueryContext$4.run(DnsQueryContext.java:281)
	at io.netty.util.concurrent.PromiseTask.runTask(PromiseTask.java:98)
	at io.netty.util.concurrent.ScheduledFutureTask.run(ScheduledFutureTask.java:160)
	at io.netty.util.concurrent.AbstractEventExecutor.runTask(AbstractEventExecutor.java:148)
	at io.netty.util.concurrent.AbstractEventExecutor.safeExecute$$$capture(AbstractEventExecutor.java:141)
	at io.netty.util.concurrent.AbstractEventExecutor.safeExecute(AbstractEventExecutor.java)
	at io.netty.util.concurrent.SingleThreadEventExecutor.runAllTasks(SingleThreadEventExecutor.java:535)
	at io.netty.channel.SingleThreadIoEventLoop.run(SingleThreadIoEventLoop.java:201)
	at io.netty.util.concurrent.SingleThreadEventExecutor$5.run(SingleThreadEventExecutor.java:1195)
	at io.netty.util.internal.ThreadExecutorMap$2.run(ThreadExecutorMap.java:74)
	at io.netty.util.concurrent.FastThreadLocalRunnable.run(FastThreadLocalRunnable.java:30)
	at java.base/java.lang.Thread.run(Thread.java:1583)
Caused by: io.netty.resolver.dns.DnsNameResolverTimeoutException: [15185: /10.246.32.204:53] DefaultDnsQuestion(measured-cowbird-128774.upstash.io. IN A) query '15185' via UDP timed out after 5000 milliseconds (no stack trace available)
2026-08-05 14:55:26 INFO  i.l.core.protocol.ConnectionWatchdog - Reconnecting, last destination was measured-cowbird-128774.upstash.io/<unresolved>:6379
2026-08-05 14:55:31 WARN  i.l.core.protocol.ConnectionWatchdog - Cannot reconnect to [measured-cowbird-128774.upstash.io/<unresolved>:6379]: Failed to resolve 'measured-cowbird-128774.upstash.io' [A(1)]
java.net.UnknownHostException: Failed to resolve 'measured-cowbird-128774.upstash.io' [A(1)]
	at io.netty.resolver.dns.DnsResolveContext.finishResolve(DnsResolveContext.java:1137)
	at io.netty.resolver.dns.DnsResolveContext.tryToFinishResolve(DnsResolveContext.java:1084)
	at io.netty.resolver.dns.DnsResolveContext.query(DnsResolveContext.java:443)
	at io.netty.resolver.dns.DnsResolveContext.access$700(DnsResolveContext.java:69)
	at io.netty.resolver.dns.DnsResolveContext$2.operationComplete(DnsResolveContext.java:512)
	at io.netty.util.concurrent.DefaultPromise.notifyListener0(DefaultPromise.java:604)
	at io.netty.util.concurrent.DefaultPromise.notifyListeners0(DefaultPromise.java:597)
	at io.netty.util.concurrent.DefaultPromise.notifyListenersNow(DefaultPromise.java:573)
	at io.netty.util.concurrent.DefaultPromise.notifyListeners(DefaultPromise.java:506)
	at io.netty.util.concurrent.DefaultPromise.setValue0(DefaultPromise.java:650)
	at io.netty.util.concurrent.DefaultPromise.setFailure0(DefaultPromise.java:643)
	at io.netty.util.concurrent.DefaultPromise.tryFailure(DefaultPromise.java:132)
	at io.netty.resolver.dns.DnsQueryContext.finishFailure(DnsQueryContext.java:346)
	at io.netty.resolver.dns.DnsQueryContext$4.run(DnsQueryContext.java:281)
	at io.netty.util.concurrent.PromiseTask.runTask(PromiseTask.java:98)
	at io.netty.util.concurrent.ScheduledFutureTask.run(ScheduledFutureTask.java:160)
	at io.netty.util.concurrent.AbstractEventExecutor.runTask(AbstractEventExecutor.java:148)
	at io.netty.util.concurrent.AbstractEventExecutor.safeExecute$$$capture(AbstractEventExecutor.java:141)
	at io.netty.util.concurrent.AbstractEventExecutor.safeExecute(AbstractEventExecutor.java)
	at io.netty.util.concurrent.SingleThreadEventExecutor.runAllTasks(SingleThreadEventExecutor.java:535)
	at io.netty.channel.SingleThreadIoEventLoop.run(SingleThreadIoEventLoop.java:201)
	at io.netty.util.concurrent.SingleThreadEventExecutor$5.run(SingleThreadEventExecutor.java:1195)
	at io.netty.util.internal.ThreadExecutorMap$2.run(ThreadExecutorMap.java:74)
	at io.netty.util.concurrent.FastThreadLocalRunnable.run(FastThreadLocalRunnable.java:30)
	at java.base/java.lang.Thread.run(Thread.java:1583)
Caused by: io.netty.resolver.dns.DnsNameResolverTimeoutException: [5258: /10.246.32.204:53] DefaultDnsQuestion(measured-cowbird-128774.upstash.io. IN A) query '5258' via UDP timed out after 5000 milliseconds (no stack trace available)
2026-08-05 14:56:01 INFO  i.l.core.protocol.ConnectionWatchdog - Reconnecting, last destination was measured-cowbird-128774.upstash.io/<unresolved>:6379
2026-08-05 14:56:06 WARN  i.l.core.protocol.ConnectionWatchdog - Cannot reconnect to [measured-cowbird-128774.upstash.io/<unresolved>:6379]: Failed to resolve 'measured-cowbird-128774.upstash.io' [A(1)]
java.net.UnknownHostException: Failed to resolve 'measured-cowbird-128774.upstash.io' [A(1)]
	at io.netty.resolver.dns.DnsResolveContext.finishResolve(DnsResolveContext.java:1137)
	at io.netty.resolver.dns.DnsResolveContext.tryToFinishResolve(DnsResolveContext.java:1084)
	at io.netty.resolver.dns.DnsResolveContext.query(DnsResolveContext.java:443)
	at io.netty.resolver.dns.DnsResolveContext.access$700(DnsResolveContext.java:69)
	at io.netty.resolver.dns.DnsResolveContext$2.operationComplete(DnsResolveContext.java:512)
	at io.netty.util.concurrent.DefaultPromise.notifyListener0(DefaultPromise.java:604)
	at io.netty.util.concurrent.DefaultPromise.notifyListeners0(DefaultPromise.java:597)
	at io.netty.util.concurrent.DefaultPromise.notifyListenersNow(DefaultPromise.java:573)
	at io.netty.util.concurrent.DefaultPromise.notifyListeners(DefaultPromise.java:506)
	at io.netty.util.concurrent.DefaultPromise.setValue0(DefaultPromise.java:650)
	at io.netty.util.concurrent.DefaultPromise.setFailure0(DefaultPromise.java:643)
	at io.netty.util.concurrent.DefaultPromise.tryFailure(DefaultPromise.java:132)
	at io.netty.resolver.dns.DnsQueryContext.finishFailure(DnsQueryContext.java:346)
	at io.netty.resolver.dns.DnsQueryContext$4.run(DnsQueryContext.java:281)
	at io.netty.util.concurrent.PromiseTask.runTask(PromiseTask.java:98)
	at io.netty.util.concurrent.ScheduledFutureTask.run(ScheduledFutureTask.java:160)
	at io.netty.util.concurrent.AbstractEventExecutor.runTask(AbstractEventExecutor.java:148)
	at io.netty.util.concurrent.AbstractEventExecutor.safeExecute$$$capture(AbstractEventExecutor.java:141)
	at io.netty.util.concurrent.AbstractEventExecutor.safeExecute(AbstractEventExecutor.java)
	at io.netty.util.concurrent.SingleThreadEventExecutor.runAllTasks(SingleThreadEventExecutor.java:535)
	at io.netty.channel.SingleThreadIoEventLoop.run(SingleThreadIoEventLoop.java:201)
	at io.netty.util.concurrent.SingleThreadEventExecutor$5.run(SingleThreadEventExecutor.java:1195)
	at io.netty.util.internal.ThreadExecutorMap$2.run(ThreadExecutorMap.java:74)
	at io.netty.util.concurrent.FastThreadLocalRunnable.run(FastThreadLocalRunnable.java:30)
	at java.base/java.lang.Thread.run(Thread.java:1583)
Caused by: io.netty.resolver.dns.DnsNameResolverTimeoutException: [8401: /10.246.32.204:53] DefaultDnsQuestion(measured-cowbird-128774.upstash.io. IN A) query '8401' via UDP timed out after 5000 milliseconds (no stack trace available)
2026-08-05 14:56:36 INFO  i.l.core.protocol.ConnectionWatchdog - Reconnecting, last destination was measured-cowbird-128774.upstash.io/<unresolved>:6379
2026-08-05 14:56:41 WARN  i.l.core.protocol.ConnectionWatchdog - Cannot reconnect to [measured-cowbird-128774.upstash.io/<unresolved>:6379]: Failed to resolve 'measured-cowbird-128774.upstash.io' [A(1)]
java.net.UnknownHostException: Failed to resolve 'measured-cowbird-128774.upstash.io' [A(1)]
	at io.netty.resolver.dns.DnsResolveContext.finishResolve(DnsResolveContext.java:1137)
	at io.netty.resolver.dns.DnsResolveContext.tryToFinishResolve(DnsResolveContext.java:1084)
	at io.netty.resolver.dns.DnsResolveContext.query(DnsResolveContext.java:443)
	at io.netty.resolver.dns.DnsResolveContext.access$700(DnsResolveContext.java:69)
	at io.netty.resolver.dns.DnsResolveContext$2.operationComplete(DnsResolveContext.java:512)
	at io.netty.util.concurrent.DefaultPromise.notifyListener0(DefaultPromise.java:604)
	at io.netty.util.concurrent.DefaultPromise.notifyListeners0(DefaultPromise.java:597)
	at io.netty.util.concurrent.DefaultPromise.notifyListenersNow(DefaultPromise.java:573)
	at io.netty.util.concurrent.DefaultPromise.notifyListeners(DefaultPromise.java:506)
	at io.netty.util.concurrent.DefaultPromise.setValue0(DefaultPromise.java:650)
	at io.netty.util.concurrent.DefaultPromise.setFailure0(DefaultPromise.java:643)
	at io.netty.util.concurrent.DefaultPromise.tryFailure(DefaultPromise.java:132)
	at io.netty.resolver.dns.DnsQueryContext.finishFailure(DnsQueryContext.java:346)
	at io.netty.resolver.dns.DnsQueryContext$4.run(DnsQueryContext.java:281)
	at io.netty.util.concurrent.PromiseTask.runTask(PromiseTask.java:98)
	at io.netty.util.concurrent.ScheduledFutureTask.run(ScheduledFutureTask.java:160)
	at io.netty.util.concurrent.AbstractEventExecutor.runTask(AbstractEventExecutor.java:148)
	at io.netty.util.concurrent.AbstractEventExecutor.safeExecute$$$capture(AbstractEventExecutor.java:141)
	at io.netty.util.concurrent.AbstractEventExecutor.safeExecute(AbstractEventExecutor.java)
	at io.netty.util.concurrent.SingleThreadEventExecutor.runAllTasks(SingleThreadEventExecutor.java:535)
	at io.netty.channel.SingleThreadIoEventLoop.run(SingleThreadIoEventLoop.java:201)
	at io.netty.util.concurrent.SingleThreadEventExecutor$5.run(SingleThreadEventExecutor.java:1195)
	at io.netty.util.internal.ThreadExecutorMap$2.run(ThreadExecutorMap.java:74)
	at io.netty.util.concurrent.FastThreadLocalRunnable.run(FastThreadLocalRunnable.java:30)
	at java.base/java.lang.Thread.run(Thread.java:1583)
Caused by: io.netty.resolver.dns.DnsNameResolverTimeoutException: [7468: /10.246.32.204:53] DefaultDnsQuestion(measured-cowbird-128774.upstash.io. IN A) query '7468' via UDP timed out after 5000 milliseconds (no stack trace available)
2026-08-05 14:57:11 INFO  i.l.core.protocol.ConnectionWatchdog - Reconnecting, last destination was measured-cowbird-128774.upstash.io/<unresolved>:6379
2026-08-05 14:57:16 WARN  i.l.core.protocol.ConnectionWatchdog - Cannot reconnect to [measured-cowbird-128774.upstash.io/<unresolved>:6379]: Failed to resolve 'measured-cowbird-128774.upstash.io' [A(1)]
java.net.UnknownHostException: Failed to resolve 'measured-cowbird-128774.upstash.io' [A(1)]
	at io.netty.resolver.dns.DnsResolveContext.finishResolve(DnsResolveContext.java:1137)
	at io.netty.resolver.dns.DnsResolveContext.tryToFinishResolve(DnsResolveContext.java:1084)
	at io.netty.resolver.dns.DnsResolveContext.query(DnsResolveContext.java:443)
	at io.netty.resolver.dns.DnsResolveContext.access$700(DnsResolveContext.java:69)
	at io.netty.resolver.dns.DnsResolveContext$2.operationComplete(DnsResolveContext.java:512)
	at io.netty.util.concurrent.DefaultPromise.notifyListener0(DefaultPromise.java:604)
	at io.netty.util.concurrent.DefaultPromise.notifyListeners0(DefaultPromise.java:597)
	at io.netty.util.concurrent.DefaultPromise.notifyListenersNow(DefaultPromise.java:573)
	at io.netty.util.concurrent.DefaultPromise.notifyListeners(DefaultPromise.java:506)
	at io.netty.util.concurrent.DefaultPromise.setValue0(DefaultPromise.java:650)
	at io.netty.util.concurrent.DefaultPromise.setFailure0(DefaultPromise.java:643)
	at io.netty.util.concurrent.DefaultPromise.tryFailure(DefaultPromise.java:132)
	at io.netty.resolver.dns.DnsQueryContext.finishFailure(DnsQueryContext.java:346)
	at io.netty.resolver.dns.DnsQueryContext$4.run(DnsQueryContext.java:281)
	at io.netty.util.concurrent.PromiseTask.runTask(PromiseTask.java:98)
	at io.netty.util.concurrent.ScheduledFutureTask.run(ScheduledFutureTask.java:160)
	at io.netty.util.concurrent.AbstractEventExecutor.runTask(AbstractEventExecutor.java:148)
	at io.netty.util.concurrent.AbstractEventExecutor.safeExecute$$$capture(AbstractEventExecutor.java:141)
	at io.netty.util.concurrent.AbstractEventExecutor.safeExecute(AbstractEventExecutor.java)
	at io.netty.util.concurrent.SingleThreadEventExecutor.runAllTasks(SingleThreadEventExecutor.java:535)
	at io.netty.channel.SingleThreadIoEventLoop.run(SingleThreadIoEventLoop.java:201)
	at io.netty.util.concurrent.SingleThreadEventExecutor$5.run(SingleThreadEventExecutor.java:1195)
	at io.netty.util.internal.ThreadExecutorMap$2.run(ThreadExecutorMap.java:74)
	at io.netty.util.concurrent.FastThreadLocalRunnable.run(FastThreadLocalRunnable.java:30)
	at java.base/java.lang.Thread.run(Thread.java:1583)
Caused by: io.netty.resolver.dns.DnsNameResolverTimeoutException: [5994: /10.246.32.204:53] DefaultDnsQuestion(measured-cowbird-128774.upstash.io. IN A) query '5994' via UDP timed out after 5000 milliseconds (no stack trace available)
2026-08-05 14:57:46 INFO  i.l.core.protocol.ConnectionWatchdog - Reconnecting, last destination was measured-cowbird-128774.upstash.io/<unresolved>:6379
2026-08-05 14:57:51 WARN  i.l.core.protocol.ConnectionWatchdog - Cannot reconnect to [measured-cowbird-128774.upstash.io/<unresolved>:6379]: Failed to resolve 'measured-cowbird-128774.upstash.io' [A(1)]
java.net.UnknownHostException: Failed to resolve 'measured-cowbird-128774.upstash.io' [A(1)]
	at io.netty.resolver.dns.DnsResolveContext.finishResolve(DnsResolveContext.java:1137)
	at io.netty.resolver.dns.DnsResolveContext.tryToFinishResolve(DnsResolveContext.java:1084)
	at io.netty.resolver.dns.DnsResolveContext.query(DnsResolveContext.java:443)
	at io.netty.resolver.dns.DnsResolveContext.access$700(DnsResolveContext.java:69)
	at io.netty.resolver.dns.DnsResolveContext$2.operationComplete(DnsResolveContext.java:512)
	at io.netty.util.concurrent.DefaultPromise.notifyListener0(DefaultPromise.java:604)
	at io.netty.util.concurrent.DefaultPromise.notifyListeners0(DefaultPromise.java:597)
	at io.netty.util.concurrent.DefaultPromise.notifyListenersNow(DefaultPromise.java:573)
	at io.netty.util.concurrent.DefaultPromise.notifyListeners(DefaultPromise.java:506)
	at io.netty.util.concurrent.DefaultPromise.setValue0(DefaultPromise.java:650)
	at io.netty.util.concurrent.DefaultPromise.setFailure0(DefaultPromise.java:643)
	at io.netty.util.concurrent.DefaultPromise.tryFailure(DefaultPromise.java:132)
	at io.netty.resolver.dns.DnsQueryContext.finishFailure(DnsQueryContext.java:346)
	at io.netty.resolver.dns.DnsQueryContext$4.run(DnsQueryContext.java:281)
	at io.netty.util.concurrent.PromiseTask.runTask(PromiseTask.java:98)
	at io.netty.util.concurrent.ScheduledFutureTask.run(ScheduledFutureTask.java:160)
	at io.netty.util.concurrent.AbstractEventExecutor.runTask(AbstractEventExecutor.java:148)
	at io.netty.util.concurrent.AbstractEventExecutor.safeExecute$$$capture(AbstractEventExecutor.java:141)
	at io.netty.util.concurrent.AbstractEventExecutor.safeExecute(AbstractEventExecutor.java)
	at io.netty.util.concurrent.SingleThreadEventExecutor.runAllTasks(SingleThreadEventExecutor.java:535)
	at io.netty.channel.SingleThreadIoEventLoop.run(SingleThreadIoEventLoop.java:201)
	at io.netty.util.concurrent.SingleThreadEventExecutor$5.run(SingleThreadEventExecutor.java:1195)
	at io.netty.util.internal.ThreadExecutorMap$2.run(ThreadExecutorMap.java:74)
	at io.netty.util.concurrent.FastThreadLocalRunnable.run(FastThreadLocalRunnable.java:30)
	at java.base/java.lang.Thread.run(Thread.java:1583)
Caused by: io.netty.resolver.dns.DnsNameResolverTimeoutException: [5986: /10.246.32.204:53] DefaultDnsQuestion(measured-cowbird-128774.upstash.io. IN A) query '5986' via UDP timed out after 5000 milliseconds (no stack trace available)
2026-08-05 14:58:21 INFO  i.l.core.protocol.ConnectionWatchdog - Reconnecting, last destination was measured-cowbird-128774.upstash.io/<unresolved>:6379
2026-08-05 14:58:26 WARN  i.l.core.protocol.ConnectionWatchdog - Cannot reconnect to [measured-cowbird-128774.upstash.io/<unresolved>:6379]: Failed to resolve 'measured-cowbird-128774.upstash.io' [A(1)]
java.net.UnknownHostException: Failed to resolve 'measured-cowbird-128774.upstash.io' [A(1)]
	at io.netty.resolver.dns.DnsResolveContext.finishResolve(DnsResolveContext.java:1137)
	at io.netty.resolver.dns.DnsResolveContext.tryToFinishResolve(DnsResolveContext.java:1084)
	at io.netty.resolver.dns.DnsResolveContext.query(DnsResolveContext.java:443)
	at io.netty.resolver.dns.DnsResolveContext.access$700(DnsResolveContext.java:69)
	at io.netty.resolver.dns.DnsResolveContext$2.operationComplete(DnsResolveContext.java:512)
	at io.netty.util.concurrent.DefaultPromise.notifyListener0(DefaultPromise.java:604)
	at io.netty.util.concurrent.DefaultPromise.notifyListeners0(DefaultPromise.java:597)
	at io.netty.util.concurrent.DefaultPromise.notifyListenersNow(DefaultPromise.java:573)
	at io.netty.util.concurrent.DefaultPromise.notifyListeners(DefaultPromise.java:506)
	at io.netty.util.concurrent.DefaultPromise.setValue0(DefaultPromise.java:650)
	at io.netty.util.concurrent.DefaultPromise.setFailure0(DefaultPromise.java:643)
	at io.netty.util.concurrent.DefaultPromise.tryFailure(DefaultPromise.java:132)
	at io.netty.resolver.dns.DnsQueryContext.finishFailure(DnsQueryContext.java:346)
	at io.netty.resolver.dns.DnsQueryContext$4.run(DnsQueryContext.java:281)
	at io.netty.util.concurrent.PromiseTask.runTask(PromiseTask.java:98)
	at io.netty.util.concurrent.ScheduledFutureTask.run(ScheduledFutureTask.java:160)
	at io.netty.util.concurrent.AbstractEventExecutor.runTask(AbstractEventExecutor.java:148)
	at io.netty.util.concurrent.AbstractEventExecutor.safeExecute$$$capture(AbstractEventExecutor.java:141)
	at io.netty.util.concurrent.AbstractEventExecutor.safeExecute(AbstractEventExecutor.java)
	at io.netty.util.concurrent.SingleThreadEventExecutor.runAllTasks(SingleThreadEventExecutor.java:535)
	at io.netty.channel.SingleThreadIoEventLoop.run(SingleThreadIoEventLoop.java:201)
	at io.netty.util.concurrent.SingleThreadEventExecutor$5.run(SingleThreadEventExecutor.java:1195)
	at io.netty.util.internal.ThreadExecutorMap$2.run(ThreadExecutorMap.java:74)
	at io.netty.util.concurrent.FastThreadLocalRunnable.run(FastThreadLocalRunnable.java:30)
	at java.base/java.lang.Thread.run(Thread.java:1583)
Caused by: io.netty.resolver.dns.DnsNameResolverTimeoutException: [6804: /10.246.32.204:53] DefaultDnsQuestion(measured-cowbird-128774.upstash.io. IN A) query '6804' via UDP timed out after 5000 milliseconds (no stack trace available)
2026-08-05 14:58:46 INFO  c.e.c.Tool.security.RateLimitFilter - Request from IP: 172.21.128.1 | URI: /board/1/members | Tokens remaining: 50
2026-08-05 14:58:48 INFO  c.e.c.Tool.security.RateLimitFilter - Request from IP: 172.21.128.1 | URI: /board/1/members | Tokens remaining: 50
2026-08-05 14:58:56 INFO  i.l.core.protocol.ConnectionWatchdog - Reconnecting, last destination was measured-cowbird-128774.upstash.io/<unresolved>:6379
2026-08-05 14:59:01 WARN  i.l.core.protocol.ConnectionWatchdog - Cannot reconnect to [measured-cowbird-128774.upstash.io/<unresolved>:6379]: Failed to resolve 'measured-cowbird-128774.upstash.io' [A(1)]
java.net.UnknownHostException: Failed to resolve 'measured-cowbird-128774.upstash.io' [A(1)]
	at io.netty.resolver.dns.DnsResolveContext.finishResolve(DnsResolveContext.java:1137)
	at io.netty.resolver.dns.DnsResolveContext.tryToFinishResolve(DnsResolveContext.java:1084)
	at io.netty.resolver.dns.DnsResolveContext.query(DnsResolveContext.java:443)
	at io.netty.resolver.dns.DnsResolveContext.access$700(DnsResolveContext.java:69)
	at io.netty.resolver.dns.DnsResolveContext$2.operationComplete(DnsResolveContext.java:512)
	at io.netty.util.concurrent.DefaultPromise.notifyListener0(DefaultPromise.java:604)
	at io.netty.util.concurrent.DefaultPromise.notifyListeners0(DefaultPromise.java:597)
	at io.netty.util.concurrent.DefaultPromise.notifyListenersNow(DefaultPromise.java:573)
	at io.netty.util.concurrent.DefaultPromise.notifyListeners(DefaultPromise.java:506)
	at io.netty.util.concurrent.DefaultPromise.setValue0(DefaultPromise.java:650)
	at io.netty.util.concurrent.DefaultPromise.setFailure0(DefaultPromise.java:643)
	at io.netty.util.concurrent.DefaultPromise.tryFailure(DefaultPromise.java:132)
	at io.netty.resolver.dns.DnsQueryContext.finishFailure(DnsQueryContext.java:346)
	at io.netty.resolver.dns.DnsQueryContext$4.run(DnsQueryContext.java:281)
	at io.netty.util.concurrent.PromiseTask.runTask(PromiseTask.java:98)
	at io.netty.util.concurrent.ScheduledFutureTask.run(ScheduledFutureTask.java:160)
	at io.netty.util.concurrent.AbstractEventExecutor.runTask(AbstractEventExecutor.java:148)
	at io.netty.util.concurrent.AbstractEventExecutor.safeExecute$$$capture(AbstractEventExecutor.java:141)
	at io.netty.util.concurrent.AbstractEventExecutor.safeExecute(AbstractEventExecutor.java)
	at io.netty.util.concurrent.SingleThreadEventExecutor.runAllTasks(SingleThreadEventExecutor.java:535)
	at io.netty.channel.SingleThreadIoEventLoop.run(SingleThreadIoEventLoop.java:201)
	at io.netty.util.concurrent.SingleThreadEventExecutor$5.run(SingleThreadEventExecutor.java:1195)
	at io.netty.util.internal.ThreadExecutorMap$2.run(ThreadExecutorMap.java:74)
	at io.netty.util.concurrent.FastThreadLocalRunnable.run(FastThreadLocalRunnable.java:30)
	at java.base/java.lang.Thread.run(Thread.java:1583)
Caused by: io.netty.resolver.dns.DnsNameResolverTimeoutException: [974: /10.246.32.204:53] DefaultDnsQuestion(measured-cowbird-128774.upstash.io. IN A) query '974' via UDP timed out after 5000 milliseconds (no stack trace available)
2026-08-05 14:59:31 INFO  i.l.core.protocol.ConnectionWatchdog - Reconnecting, last destination was measured-cowbird-128774.upstash.io/<unresolved>:6379
2026-08-05 14:59:36 WARN  i.l.core.protocol.ConnectionWatchdog - Cannot reconnect to [measured-cowbird-128774.upstash.io/<unresolved>:6379]: Failed to resolve 'measured-cowbird-128774.upstash.io' [A(1)]
java.net.UnknownHostException: Failed to resolve 'measured-cowbird-128774.upstash.io' [A(1)]
	at io.netty.resolver.dns.DnsResolveContext.finishResolve(DnsResolveContext.java:1137)
	at io.netty.resolver.dns.DnsResolveContext.tryToFinishResolve(DnsResolveContext.java:1084)
	at io.netty.resolver.dns.DnsResolveContext.query(DnsResolveContext.java:443)
	at io.netty.resolver.dns.DnsResolveContext.access$700(DnsResolveContext.java:69)
	at io.netty.resolver.dns.DnsResolveContext$2.operationComplete(DnsResolveContext.java:512)
	at io.netty.util.concurrent.DefaultPromise.notifyListener0(DefaultPromise.java:604)
	at io.netty.util.concurrent.DefaultPromise.notifyListeners0(DefaultPromise.java:597)
	at io.netty.util.concurrent.DefaultPromise.notifyListenersNow(DefaultPromise.java:573)
	at io.netty.util.concurrent.DefaultPromise.notifyListeners(DefaultPromise.java:506)
	at io.netty.util.concurrent.DefaultPromise.setValue0(DefaultPromise.java:650)
	at io.netty.util.concurrent.DefaultPromise.setFailure0(DefaultPromise.java:643)
	at io.netty.util.concurrent.DefaultPromise.tryFailure(DefaultPromise.java:132)
	at io.netty.resolver.dns.DnsQueryContext.finishFailure(DnsQueryContext.java:346)
	at io.netty.resolver.dns.DnsQueryContext$4.run(DnsQueryContext.java:281)
	at io.netty.util.concurrent.PromiseTask.runTask(PromiseTask.java:98)
	at io.netty.util.concurrent.ScheduledFutureTask.run(ScheduledFutureTask.java:160)
	at io.netty.util.concurrent.AbstractEventExecutor.runTask(AbstractEventExecutor.java:148)
	at io.netty.util.concurrent.AbstractEventExecutor.safeExecute$$$capture(AbstractEventExecutor.java:141)
	at io.netty.util.concurrent.AbstractEventExecutor.safeExecute(AbstractEventExecutor.java)
	at io.netty.util.concurrent.SingleThreadEventExecutor.runAllTasks(SingleThreadEventExecutor.java:535)
	at io.netty.channel.SingleThreadIoEventLoop.run(SingleThreadIoEventLoop.java:201)
	at io.netty.util.concurrent.SingleThreadEventExecutor$5.run(SingleThreadEventExecutor.java:1195)
	at io.netty.util.internal.ThreadExecutorMap$2.run(ThreadExecutorMap.java:74)
	at io.netty.util.concurrent.FastThreadLocalRunnable.run(FastThreadLocalRunnable.java:30)
	at java.base/java.lang.Thread.run(Thread.java:1583)
Caused by: io.netty.resolver.dns.DnsNameResolverTimeoutException: [10203: /10.246.32.204:53] DefaultDnsQuestion(measured-cowbird-128774.upstash.io. IN A) query '10203' via UDP timed out after 5000 milliseconds (no stack trace available)
2026-08-05 15:00:06 INFO  i.l.core.protocol.ConnectionWatchdog - Reconnecting, last destination was measured-cowbird-128774.upstash.io/<unresolved>:6379
2026-08-05 15:00:11 WARN  i.l.core.protocol.ConnectionWatchdog - Cannot reconnect to [measured-cowbird-128774.upstash.io/<unresolved>:6379]: Failed to resolve 'measured-cowbird-128774.upstash.io' [A(1)]
java.net.UnknownHostException: Failed to resolve 'measured-cowbird-128774.upstash.io' [A(1)]
	at io.netty.resolver.dns.DnsResolveContext.finishResolve(DnsResolveContext.java:1137)
	at io.netty.resolver.dns.DnsResolveContext.tryToFinishResolve(DnsResolveContext.java:1084)
	at io.netty.resolver.dns.DnsResolveContext.query(DnsResolveContext.java:443)
	at io.netty.resolver.dns.DnsResolveContext.access$700(DnsResolveContext.java:69)
	at io.netty.resolver.dns.DnsResolveContext$2.operationComplete(DnsResolveContext.java:512)
	at io.netty.util.concurrent.DefaultPromise.notifyListener0(DefaultPromise.java:604)
	at io.netty.util.concurrent.DefaultPromise.notifyListeners0(DefaultPromise.java:597)
	at io.netty.util.concurrent.DefaultPromise.notifyListenersNow(DefaultPromise.java:573)
	at io.netty.util.concurrent.DefaultPromise.notifyListeners(DefaultPromise.java:506)
	at io.netty.util.concurrent.DefaultPromise.setValue0(DefaultPromise.java:650)
	at io.netty.util.concurrent.DefaultPromise.setFailure0(DefaultPromise.java:643)
	at io.netty.util.concurrent.DefaultPromise.tryFailure(DefaultPromise.java:132)
	at io.netty.resolver.dns.DnsQueryContext.finishFailure(DnsQueryContext.java:346)
	at io.netty.resolver.dns.DnsQueryContext$4.run(DnsQueryContext.java:281)
	at io.netty.util.concurrent.PromiseTask.runTask(PromiseTask.java:98)
	at io.netty.util.concurrent.ScheduledFutureTask.run(ScheduledFutureTask.java:160)
	at io.netty.util.concurrent.AbstractEventExecutor.runTask(AbstractEventExecutor.java:148)
	at io.netty.util.concurrent.AbstractEventExecutor.safeExecute$$$capture(AbstractEventExecutor.java:141)
	at io.netty.util.concurrent.AbstractEventExecutor.safeExecute(AbstractEventExecutor.java)
	at io.netty.util.concurrent.SingleThreadEventExecutor.runAllTasks(SingleThreadEventExecutor.java:535)
	at io.netty.channel.SingleThreadIoEventLoop.run(SingleThreadIoEventLoop.java:201)
	at io.netty.util.concurrent.SingleThreadEventExecutor$5.run(SingleThreadEventExecutor.java:1195)
	at io.netty.util.internal.ThreadExecutorMap$2.run(ThreadExecutorMap.java:74)
	at io.netty.util.concurrent.FastThreadLocalRunnable.run(FastThreadLocalRunnable.java:30)
	at java.base/java.lang.Thread.run(Thread.java:1583)
Caused by: io.netty.resolver.dns.DnsNameResolverTimeoutException: [495: /10.246.32.204:53] DefaultDnsQuestion(measured-cowbird-128774.upstash.io. IN A) query '495' via UDP timed out after 5000 milliseconds (no stack trace available)
2026-08-05 15:00:42 INFO  i.l.core.protocol.ConnectionWatchdog - Reconnecting, last destination was measured-cowbird-128774.upstash.io/<unresolved>:6379
2026-08-05 15:00:47 WARN  i.l.core.protocol.ConnectionWatchdog - Cannot reconnect to [measured-cowbird-128774.upstash.io/<unresolved>:6379]: Failed to resolve 'measured-cowbird-128774.upstash.io' [A(1)]
java.net.UnknownHostException: Failed to resolve 'measured-cowbird-128774.upstash.io' [A(1)]
	at io.netty.resolver.dns.DnsResolveContext.finishResolve(DnsResolveContext.java:1137)
	at io.netty.resolver.dns.DnsResolveContext.tryToFinishResolve(DnsResolveContext.java:1084)
	at io.netty.resolver.dns.DnsResolveContext.query(DnsResolveContext.java:443)
	at io.netty.resolver.dns.DnsResolveContext.access$700(DnsResolveContext.java:69)
	at io.netty.resolver.dns.DnsResolveContext$2.operationComplete(DnsResolveContext.java:512)
	at io.netty.util.concurrent.DefaultPromise.notifyListener0(DefaultPromise.java:604)
	at io.netty.util.concurrent.DefaultPromise.notifyListeners0(DefaultPromise.java:597)
	at io.netty.util.concurrent.DefaultPromise.notifyListenersNow(DefaultPromise.java:573)
	at io.netty.util.concurrent.DefaultPromise.notifyListeners(DefaultPromise.java:506)
	at io.netty.util.concurrent.DefaultPromise.setValue0(DefaultPromise.java:650)
	at io.netty.util.concurrent.DefaultPromise.setFailure0(DefaultPromise.java:643)
	at io.netty.util.concurrent.DefaultPromise.tryFailure(DefaultPromise.java:132)
	at io.netty.resolver.dns.DnsQueryContext.finishFailure(DnsQueryContext.java:346)
	at io.netty.resolver.dns.DnsQueryContext$4.run(DnsQueryContext.java:281)
	at io.netty.util.concurrent.PromiseTask.runTask(PromiseTask.java:98)
	at io.netty.util.concurrent.ScheduledFutureTask.run(ScheduledFutureTask.java:160)
	at io.netty.util.concurrent.AbstractEventExecutor.runTask(AbstractEventExecutor.java:148)
	at io.netty.util.concurrent.AbstractEventExecutor.safeExecute$$$capture(AbstractEventExecutor.java:141)
	at io.netty.util.concurrent.AbstractEventExecutor.safeExecute(AbstractEventExecutor.java)
	at io.netty.util.concurrent.SingleThreadEventExecutor.runAllTasks(SingleThreadEventExecutor.java:535)
	at io.netty.channel.SingleThreadIoEventLoop.run(SingleThreadIoEventLoop.java:201)
	at io.netty.util.concurrent.SingleThreadEventExecutor$5.run(SingleThreadEventExecutor.java:1195)
	at io.netty.util.internal.ThreadExecutorMap$2.run(ThreadExecutorMap.java:74)
	at io.netty.util.concurrent.FastThreadLocalRunnable.run(FastThreadLocalRunnable.java:30)
	at java.base/java.lang.Thread.run(Thread.java:1583)
Caused by: io.netty.resolver.dns.DnsNameResolverTimeoutException: [15950: /10.246.32.204:53] DefaultDnsQuestion(measured-cowbird-128774.upstash.io. IN A) query '15950' via UDP timed out after 5000 milliseconds (no stack trace available)
2026-08-05 15:01:17 INFO  i.l.core.protocol.ConnectionWatchdog - Reconnecting, last destination was measured-cowbird-128774.upstash.io/<unresolved>:6379
2026-08-05 15:01:22 WARN  i.l.core.protocol.ConnectionWatchdog - Cannot reconnect to [measured-cowbird-128774.upstash.io/<unresolved>:6379]: Failed to resolve 'measured-cowbird-128774.upstash.io' [A(1)]
java.net.UnknownHostException: Failed to resolve 'measured-cowbird-128774.upstash.io' [A(1)]
	at io.netty.resolver.dns.DnsResolveContext.finishResolve(DnsResolveContext.java:1137)
	at io.netty.resolver.dns.DnsResolveContext.tryToFinishResolve(DnsResolveContext.java:1084)
	at io.netty.resolver.dns.DnsResolveContext.query(DnsResolveContext.java:443)
	at io.netty.resolver.dns.DnsResolveContext.access$700(DnsResolveContext.java:69)
	at io.netty.resolver.dns.DnsResolveContext$2.operationComplete(DnsResolveContext.java:512)
	at io.netty.util.concurrent.DefaultPromise.notifyListener0(DefaultPromise.java:604)
	at io.netty.util.concurrent.DefaultPromise.notifyListeners0(DefaultPromise.java:597)
	at io.netty.util.concurrent.DefaultPromise.notifyListenersNow(DefaultPromise.java:573)
	at io.netty.util.concurrent.DefaultPromise.notifyListeners(DefaultPromise.java:506)
	at io.netty.util.concurrent.DefaultPromise.setValue0(DefaultPromise.java:650)
	at io.netty.util.concurrent.DefaultPromise.setFailure0(DefaultPromise.java:643)
	at io.netty.util.concurrent.DefaultPromise.tryFailure(DefaultPromise.java:132)
	at io.netty.resolver.dns.DnsQueryContext.finishFailure(DnsQueryContext.java:346)
	at io.netty.resolver.dns.DnsQueryContext$4.run(DnsQueryContext.java:281)
	at io.netty.util.concurrent.PromiseTask.runTask(PromiseTask.java:98)
	at io.netty.util.concurrent.ScheduledFutureTask.run(ScheduledFutureTask.java:160)
	at io.netty.util.concurrent.AbstractEventExecutor.runTask(AbstractEventExecutor.java:148)
	at io.netty.util.concurrent.AbstractEventExecutor.safeExecute$$$capture(AbstractEventExecutor.java:141)
	at io.netty.util.concurrent.AbstractEventExecutor.safeExecute(AbstractEventExecutor.java)
	at io.netty.util.concurrent.SingleThreadEventExecutor.runAllTasks(SingleThreadEventExecutor.java:535)
	at io.netty.channel.SingleThreadIoEventLoop.run(SingleThreadIoEventLoop.java:201)
	at io.netty.util.concurrent.SingleThreadEventExecutor$5.run(SingleThreadEventExecutor.java:1195)
	at io.netty.util.internal.ThreadExecutorMap$2.run(ThreadExecutorMap.java:74)
	at io.netty.util.concurrent.FastThreadLocalRunnable.run(FastThreadLocalRunnable.java:30)
	at java.base/java.lang.Thread.run(Thread.java:1583)
Caused by: io.netty.resolver.dns.DnsNameResolverTimeoutException: [9376: /10.246.32.204:53] DefaultDnsQuestion(measured-cowbird-128774.upstash.io. IN A) query '9376' via UDP timed out after 5000 milliseconds (no stack trace available)
2026-08-05 15:01:52 INFO  i.l.core.protocol.ConnectionWatchdog - Reconnecting, last destination was measured-cowbird-128774.upstash.io/<unresolved>:6379
2026-08-05 15:01:57 WARN  i.l.core.protocol.ConnectionWatchdog - Cannot reconnect to [measured-cowbird-128774.upstash.io/<unresolved>:6379]: Failed to resolve 'measured-cowbird-128774.upstash.io' [A(1)]
java.net.UnknownHostException: Failed to resolve 'measured-cowbird-128774.upstash.io' [A(1)]
	at io.netty.resolver.dns.DnsResolveContext.finishResolve(DnsResolveContext.java:1137)
	at io.netty.resolver.dns.DnsResolveContext.tryToFinishResolve(DnsResolveContext.java:1084)
	at io.netty.resolver.dns.DnsResolveContext.query(DnsResolveContext.java:443)
	at io.netty.resolver.dns.DnsResolveContext.access$700(DnsResolveContext.java:69)
	at io.netty.resolver.dns.DnsResolveContext$2.operationComplete(DnsResolveContext.java:512)
	at io.netty.util.concurrent.DefaultPromise.notifyListener0(DefaultPromise.java:604)
	at io.netty.util.concurrent.DefaultPromise.notifyListeners0(DefaultPromise.java:597)
	at io.netty.util.concurrent.DefaultPromise.notifyListenersNow(DefaultPromise.java:573)
	at io.netty.util.concurrent.DefaultPromise.notifyListeners(DefaultPromise.java:506)
	at io.netty.util.concurrent.DefaultPromise.setValue0(DefaultPromise.java:650)
	at io.netty.util.concurrent.DefaultPromise.setFailure0(DefaultPromise.java:643)
	at io.netty.util.concurrent.DefaultPromise.tryFailure(DefaultPromise.java:132)
	at io.netty.resolver.dns.DnsQueryContext.finishFailure(DnsQueryContext.java:346)
	at io.netty.resolver.dns.DnsQueryContext$4.run(DnsQueryContext.java:281)
	at io.netty.util.concurrent.PromiseTask.runTask(PromiseTask.java:98)
	at io.netty.util.concurrent.ScheduledFutureTask.run(ScheduledFutureTask.java:160)
	at io.netty.util.concurrent.AbstractEventExecutor.runTask(AbstractEventExecutor.java:148)
	at io.netty.util.concurrent.AbstractEventExecutor.safeExecute$$$capture(AbstractEventExecutor.java:141)
	at io.netty.util.concurrent.AbstractEventExecutor.safeExecute(AbstractEventExecutor.java)
	at io.netty.util.concurrent.SingleThreadEventExecutor.runAllTasks(SingleThreadEventExecutor.java:535)
	at io.netty.channel.SingleThreadIoEventLoop.run(SingleThreadIoEventLoop.java:201)
	at io.netty.util.concurrent.SingleThreadEventExecutor$5.run(SingleThreadEventExecutor.java:1195)
	at io.netty.util.internal.ThreadExecutorMap$2.run(ThreadExecutorMap.java:74)
	at io.netty.util.concurrent.FastThreadLocalRunnable.run(FastThreadLocalRunnable.java:30)
	at java.base/java.lang.Thread.run(Thread.java:1583)
Caused by: io.netty.resolver.dns.DnsNameResolverTimeoutException: [14627: /10.246.32.204:53] DefaultDnsQuestion(measured-cowbird-128774.upstash.io. IN A) query '14627' via UDP timed out after 5000 milliseconds (no stack trace available)
2026-08-05 15:02:27 INFO  i.l.core.protocol.ConnectionWatchdog - Reconnecting, last destination was measured-cowbird-128774.upstash.io/<unresolved>:6379
2026-08-05 15:02:32 WARN  i.l.core.protocol.ConnectionWatchdog - Cannot reconnect to [measured-cowbird-128774.upstash.io/<unresolved>:6379]: Failed to resolve 'measured-cowbird-128774.upstash.io' [A(1)]
java.net.UnknownHostException: Failed to resolve 'measured-cowbird-128774.upstash.io' [A(1)]
	at io.netty.resolver.dns.DnsResolveContext.finishResolve(DnsResolveContext.java:1137)
	at io.netty.resolver.dns.DnsResolveContext.tryToFinishResolve(DnsResolveContext.java:1084)
	at io.netty.resolver.dns.DnsResolveContext.query(DnsResolveContext.java:443)
	at io.netty.resolver.dns.DnsResolveContext.access$700(DnsResolveContext.java:69)
	at io.netty.resolver.dns.DnsResolveContext$2.operationComplete(DnsResolveContext.java:512)
	at io.netty.util.concurrent.DefaultPromise.notifyListener0(DefaultPromise.java:604)
	at io.netty.util.concurrent.DefaultPromise.notifyListeners0(DefaultPromise.java:597)
	at io.netty.util.concurrent.DefaultPromise.notifyListenersNow(DefaultPromise.java:573)
	at io.netty.util.concurrent.DefaultPromise.notifyListeners(DefaultPromise.java:506)
	at io.netty.util.concurrent.DefaultPromise.setValue0(DefaultPromise.java:650)
	at io.netty.util.concurrent.DefaultPromise.setFailure0(DefaultPromise.java:643)
	at io.netty.util.concurrent.DefaultPromise.tryFailure(DefaultPromise.java:132)
	at io.netty.resolver.dns.DnsQueryContext.finishFailure(DnsQueryContext.java:346)
	at io.netty.resolver.dns.DnsQueryContext$4.run(DnsQueryContext.java:281)
	at io.netty.util.concurrent.PromiseTask.runTask(PromiseTask.java:98)
	at io.netty.util.concurrent.ScheduledFutureTask.run(ScheduledFutureTask.java:160)
	at io.netty.util.concurrent.AbstractEventExecutor.runTask(AbstractEventExecutor.java:148)
	at io.netty.util.concurrent.AbstractEventExecutor.safeExecute$$$capture(AbstractEventExecutor.java:141)
	at io.netty.util.concurrent.AbstractEventExecutor.safeExecute(AbstractEventExecutor.java)
	at io.netty.util.concurrent.SingleThreadEventExecutor.runAllTasks(SingleThreadEventExecutor.java:535)
	at io.netty.channel.SingleThreadIoEventLoop.run(SingleThreadIoEventLoop.java:201)
	at io.netty.util.concurrent.SingleThreadEventExecutor$5.run(SingleThreadEventExecutor.java:1195)
	at io.netty.util.internal.ThreadExecutorMap$2.run(ThreadExecutorMap.java:74)
	at io.netty.util.concurrent.FastThreadLocalRunnable.run(FastThreadLocalRunnable.java:30)
	at java.base/java.lang.Thread.run(Thread.java:1583)
Caused by: io.netty.resolver.dns.DnsNameResolverTimeoutException: [15705: /10.246.32.204:53] DefaultDnsQuestion(measured-cowbird-128774.upstash.io. IN A) query '15705' via UDP timed out after 5000 milliseconds (no stack trace available)
2026-08-05 15:03:02 INFO  i.l.core.protocol.ConnectionWatchdog - Reconnecting, last destination was measured-cowbird-128774.upstash.io/<unresolved>:6379
2026-08-05 15:03:07 WARN  i.l.core.protocol.ConnectionWatchdog - Cannot reconnect to [measured-cowbird-128774.upstash.io/<unresolved>:6379]: Failed to resolve 'measured-cowbird-128774.upstash.io' [A(1)]
java.net.UnknownHostException: Failed to resolve 'measured-cowbird-128774.upstash.io' [A(1)]
	at io.netty.resolver.dns.DnsResolveContext.finishResolve(DnsResolveContext.java:1137)
	at io.netty.resolver.dns.DnsResolveContext.tryToFinishResolve(DnsResolveContext.java:1084)
	at io.netty.resolver.dns.DnsResolveContext.query(DnsResolveContext.java:443)
	at io.netty.resolver.dns.DnsResolveContext.access$700(DnsResolveContext.java:69)
	at io.netty.resolver.dns.DnsResolveContext$2.operationComplete(DnsResolveContext.java:512)
	at io.netty.util.concurrent.DefaultPromise.notifyListener0(DefaultPromise.java:604)
	at io.netty.util.concurrent.DefaultPromise.notifyListeners0(DefaultPromise.java:597)
	at io.netty.util.concurrent.DefaultPromise.notifyListenersNow(DefaultPromise.java:573)
	at io.netty.util.concurrent.DefaultPromise.notifyListeners(DefaultPromise.java:506)
	at io.netty.util.concurrent.DefaultPromise.setValue0(DefaultPromise.java:650)
	at io.netty.util.concurrent.DefaultPromise.setFailure0(DefaultPromise.java:643)
	at io.netty.util.concurrent.DefaultPromise.tryFailure(DefaultPromise.java:132)
	at io.netty.resolver.dns.DnsQueryContext.finishFailure(DnsQueryContext.java:346)
	at io.netty.resolver.dns.DnsQueryContext$4.run(DnsQueryContext.java:281)
	at io.netty.util.concurrent.PromiseTask.runTask(PromiseTask.java:98)
	at io.netty.util.concurrent.ScheduledFutureTask.run(ScheduledFutureTask.java:160)
	at io.netty.util.concurrent.AbstractEventExecutor.runTask(AbstractEventExecutor.java:148)
	at io.netty.util.concurrent.AbstractEventExecutor.safeExecute$$$capture(AbstractEventExecutor.java:141)
	at io.netty.util.concurrent.AbstractEventExecutor.safeExecute(AbstractEventExecutor.java)
	at io.netty.util.concurrent.SingleThreadEventExecutor.runAllTasks(SingleThreadEventExecutor.java:535)
	at io.netty.channel.SingleThreadIoEventLoop.run(SingleThreadIoEventLoop.java:201)
	at io.netty.util.concurrent.SingleThreadEventExecutor$5.run(SingleThreadEventExecutor.java:1195)
	at io.netty.util.internal.ThreadExecutorMap$2.run(ThreadExecutorMap.java:74)
	at io.netty.util.concurrent.FastThreadLocalRunnable.run(FastThreadLocalRunnable.java:30)
	at java.base/java.lang.Thread.run(Thread.java:1583)
Caused by: io.netty.resolver.dns.DnsNameResolverTimeoutException: [6391: /10.246.32.204:53] DefaultDnsQuestion(measured-cowbird-128774.upstash.io. IN A) query '6391' via UDP timed out after 5000 milliseconds (no stack trace available)
2026-08-05 15:03:37 INFO  i.l.core.protocol.ConnectionWatchdog - Reconnecting, last destination was measured-cowbird-128774.upstash.io/<unresolved>:6379
2026-08-05 15:03:42 WARN  i.l.core.protocol.ConnectionWatchdog - Cannot reconnect to [measured-cowbird-128774.upstash.io/<unresolved>:6379]: Failed to resolve 'measured-cowbird-128774.upstash.io' [A(1)]
java.net.UnknownHostException: Failed to resolve 'measured-cowbird-128774.upstash.io' [A(1)]
	at io.netty.resolver.dns.DnsResolveContext.finishResolve(DnsResolveContext.java:1137)
	at io.netty.resolver.dns.DnsResolveContext.tryToFinishResolve(DnsResolveContext.java:1084)
	at io.netty.resolver.dns.DnsResolveContext.query(DnsResolveContext.java:443)
	at io.netty.resolver.dns.DnsResolveContext.access$700(DnsResolveContext.java:69)
	at io.netty.resolver.dns.DnsResolveContext$2.operationComplete(DnsResolveContext.java:512)
	at io.netty.util.concurrent.DefaultPromise.notifyListener0(DefaultPromise.java:604)
	at io.netty.util.concurrent.DefaultPromise.notifyListeners0(DefaultPromise.java:597)
	at io.netty.util.concurrent.DefaultPromise.notifyListenersNow(DefaultPromise.java:573)
	at io.netty.util.concurrent.DefaultPromise.notifyListeners(DefaultPromise.java:506)
	at io.netty.util.concurrent.DefaultPromise.setValue0(DefaultPromise.java:650)
	at io.netty.util.concurrent.DefaultPromise.setFailure0(DefaultPromise.java:643)
	at io.netty.util.concurrent.DefaultPromise.tryFailure(DefaultPromise.java:132)
	at io.netty.resolver.dns.DnsQueryContext.finishFailure(DnsQueryContext.java:346)
	at io.netty.resolver.dns.DnsQueryContext$4.run(DnsQueryContext.java:281)
	at io.netty.util.concurrent.PromiseTask.runTask(PromiseTask.java:98)
	at io.netty.util.concurrent.ScheduledFutureTask.run(ScheduledFutureTask.java:160)
	at io.netty.util.concurrent.AbstractEventExecutor.runTask(AbstractEventExecutor.java:148)
	at io.netty.util.concurrent.AbstractEventExecutor.safeExecute$$$capture(AbstractEventExecutor.java:141)
	at io.netty.util.concurrent.AbstractEventExecutor.safeExecute(AbstractEventExecutor.java)
	at io.netty.util.concurrent.SingleThreadEventExecutor.runAllTasks(SingleThreadEventExecutor.java:535)
	at io.netty.channel.SingleThreadIoEventLoop.run(SingleThreadIoEventLoop.java:201)
	at io.netty.util.concurrent.SingleThreadEventExecutor$5.run(SingleThreadEventExecutor.java:1195)
	at io.netty.util.internal.ThreadExecutorMap$2.run(ThreadExecutorMap.java:74)
	at io.netty.util.concurrent.FastThreadLocalRunnable.run(FastThreadLocalRunnable.java:30)
	at java.base/java.lang.Thread.run(Thread.java:1583)
Caused by: io.netty.resolver.dns.DnsNameResolverTimeoutException: [11879: /10.246.32.204:53] DefaultDnsQuestion(measured-cowbird-128774.upstash.io. IN A) query '11879' via UDP timed out after 5000 milliseconds (no stack trace available)
2026-08-05 15:04:12 INFO  i.l.core.protocol.ConnectionWatchdog - Reconnecting, last destination was measured-cowbird-128774.upstash.io/<unresolved>:6379
2026-08-05 15:04:17 WARN  i.l.core.protocol.ConnectionWatchdog - Cannot reconnect to [measured-cowbird-128774.upstash.io/<unresolved>:6379]: Failed to resolve 'measured-cowbird-128774.upstash.io' [A(1)]
java.net.UnknownHostException: Failed to resolve 'measured-cowbird-128774.upstash.io' [A(1)]
	at io.netty.resolver.dns.DnsResolveContext.finishResolve(DnsResolveContext.java:1137)
	at io.netty.resolver.dns.DnsResolveContext.tryToFinishResolve(DnsResolveContext.java:1084)
	at io.netty.resolver.dns.DnsResolveContext.query(DnsResolveContext.java:443)
	at io.netty.resolver.dns.DnsResolveContext.access$700(DnsResolveContext.java:69)
	at io.netty.resolver.dns.DnsResolveContext$2.operationComplete(DnsResolveContext.java:512)
	at io.netty.util.concurrent.DefaultPromise.notifyListener0(DefaultPromise.java:604)
	at io.netty.util.concurrent.DefaultPromise.notifyListeners0(DefaultPromise.java:597)
	at io.netty.util.concurrent.DefaultPromise.notifyListenersNow(DefaultPromise.java:573)
	at io.netty.util.concurrent.DefaultPromise.notifyListeners(DefaultPromise.java:506)
	at io.netty.util.concurrent.DefaultPromise.setValue0(DefaultPromise.java:650)
	at io.netty.util.concurrent.DefaultPromise.setFailure0(DefaultPromise.java:643)
	at io.netty.util.concurrent.DefaultPromise.tryFailure(DefaultPromise.java:132)
	at io.netty.resolver.dns.DnsQueryContext.finishFailure(DnsQueryContext.java:346)
	at io.netty.resolver.dns.DnsQueryContext$4.run(DnsQueryContext.java:281)
	at io.netty.util.concurrent.PromiseTask.runTask(PromiseTask.java:98)
	at io.netty.util.concurrent.ScheduledFutureTask.run(ScheduledFutureTask.java:160)
	at io.netty.util.concurrent.AbstractEventExecutor.runTask(AbstractEventExecutor.java:148)
	at io.netty.util.concurrent.AbstractEventExecutor.safeExecute$$$capture(AbstractEventExecutor.java:141)
	at io.netty.util.concurrent.AbstractEventExecutor.safeExecute(AbstractEventExecutor.java)
	at io.netty.util.concurrent.SingleThreadEventExecutor.runAllTasks(SingleThreadEventExecutor.java:535)
	at io.netty.channel.SingleThreadIoEventLoop.run(SingleThreadIoEventLoop.java:201)
	at io.netty.util.concurrent.SingleThreadEventExecutor$5.run(SingleThreadEventExecutor.java:1195)
	at io.netty.util.internal.ThreadExecutorMap$2.run(ThreadExecutorMap.java:74)
	at io.netty.util.concurrent.FastThreadLocalRunnable.run(FastThreadLocalRunnable.java:30)
	at java.base/java.lang.Thread.run(Thread.java:1583)
Caused by: io.netty.resolver.dns.DnsNameResolverTimeoutException: [2334: /10.246.32.204:53] DefaultDnsQuestion(measured-cowbird-128774.upstash.io. IN A) query '2334' via UDP timed out after 5000 milliseconds (no stack trace available)
2026-08-05 15:04:47 INFO  i.l.core.protocol.ConnectionWatchdog - Reconnecting, last destination was measured-cowbird-128774.upstash.io/<unresolved>:6379
2026-08-05 15:04:52 WARN  i.l.core.protocol.ConnectionWatchdog - Cannot reconnect to [measured-cowbird-128774.upstash.io/<unresolved>:6379]: Failed to resolve 'measured-cowbird-128774.upstash.io' [A(1)]
java.net.UnknownHostException: Failed to resolve 'measured-cowbird-128774.upstash.io' [A(1)]
	at io.netty.resolver.dns.DnsResolveContext.finishResolve(DnsResolveContext.java:1137)
	at io.netty.resolver.dns.DnsResolveContext.tryToFinishResolve(DnsResolveContext.java:1084)
	at io.netty.resolver.dns.DnsResolveContext.query(DnsResolveContext.java:443)
	at io.netty.resolver.dns.DnsResolveContext.access$700(DnsResolveContext.java:69)
	at io.netty.resolver.dns.DnsResolveContext$2.operationComplete(DnsResolveContext.java:512)
	at io.netty.util.concurrent.DefaultPromise.notifyListener0(DefaultPromise.java:604)
	at io.netty.util.concurrent.DefaultPromise.notifyListeners0(DefaultPromise.java:597)
	at io.netty.util.concurrent.DefaultPromise.notifyListenersNow(DefaultPromise.java:573)
	at io.netty.util.concurrent.DefaultPromise.notifyListeners(DefaultPromise.java:506)
	at io.netty.util.concurrent.DefaultPromise.setValue0(DefaultPromise.java:650)
	at io.netty.util.concurrent.DefaultPromise.setFailure0(DefaultPromise.java:643)
	at io.netty.util.concurrent.DefaultPromise.tryFailure(DefaultPromise.java:132)
	at io.netty.resolver.dns.DnsQueryContext.finishFailure(DnsQueryContext.java:346)
	at io.netty.resolver.dns.DnsQueryContext$4.run(DnsQueryContext.java:281)
	at io.netty.util.concurrent.PromiseTask.runTask(PromiseTask.java:98)
	at io.netty.util.concurrent.ScheduledFutureTask.run(ScheduledFutureTask.java:160)
	at io.netty.util.concurrent.AbstractEventExecutor.runTask(AbstractEventExecutor.java:148)
	at io.netty.util.concurrent.AbstractEventExecutor.safeExecute$$$capture(AbstractEventExecutor.java:141)
	at io.netty.util.concurrent.AbstractEventExecutor.safeExecute(AbstractEventExecutor.java)
	at io.netty.util.concurrent.SingleThreadEventExecutor.runAllTasks(SingleThreadEventExecutor.java:535)
	at io.netty.channel.SingleThreadIoEventLoop.run(SingleThreadIoEventLoop.java:201)
	at io.netty.util.concurrent.SingleThreadEventExecutor$5.run(SingleThreadEventExecutor.java:1195)
	at io.netty.util.internal.ThreadExecutorMap$2.run(ThreadExecutorMap.java:74)
	at io.netty.util.concurrent.FastThreadLocalRunnable.run(FastThreadLocalRunnable.java:30)
	at java.base/java.lang.Thread.run(Thread.java:1583)
Caused by: io.netty.resolver.dns.DnsNameResolverTimeoutException: [15605: /10.246.32.204:53] DefaultDnsQuestion(measured-cowbird-128774.upstash.io. IN A) query '15605' via UDP timed out after 5000 milliseconds (no stack trace available)
2026-08-05 15:05:23 INFO  i.l.core.protocol.ConnectionWatchdog - Reconnecting, last destination was measured-cowbird-128774.upstash.io/<unresolved>:6379
2026-08-05 15:05:28 WARN  i.l.core.protocol.ConnectionWatchdog - Cannot reconnect to [measured-cowbird-128774.upstash.io/<unresolved>:6379]: Failed to resolve 'measured-cowbird-128774.upstash.io' [A(1)]
java.net.UnknownHostException: Failed to resolve 'measured-cowbird-128774.upstash.io' [A(1)]
	at io.netty.resolver.dns.DnsResolveContext.finishResolve(DnsResolveContext.java:1137)
	at io.netty.resolver.dns.DnsResolveContext.tryToFinishResolve(DnsResolveContext.java:1084)
	at io.netty.resolver.dns.DnsResolveContext.query(DnsResolveContext.java:443)
	at io.netty.resolver.dns.DnsResolveContext.access$700(DnsResolveContext.java:69)
	at io.netty.resolver.dns.DnsResolveContext$2.operationComplete(DnsResolveContext.java:512)
	at io.netty.util.concurrent.DefaultPromise.notifyListener0(DefaultPromise.java:604)
	at io.netty.util.concurrent.DefaultPromise.notifyListeners0(DefaultPromise.java:597)
	at io.netty.util.concurrent.DefaultPromise.notifyListenersNow(DefaultPromise.java:573)
	at io.netty.util.concurrent.DefaultPromise.notifyListeners(DefaultPromise.java:506)
	at io.netty.util.concurrent.DefaultPromise.setValue0(DefaultPromise.java:650)
	at io.netty.util.concurrent.DefaultPromise.setFailure0(DefaultPromise.java:643)
	at io.netty.util.concurrent.DefaultPromise.tryFailure(DefaultPromise.java:132)
	at io.netty.resolver.dns.DnsQueryContext.finishFailure(DnsQueryContext.java:346)
	at io.netty.resolver.dns.DnsQueryContext$4.run(DnsQueryContext.java:281)
	at io.netty.util.concurrent.PromiseTask.runTask(PromiseTask.java:98)
	at io.netty.util.concurrent.ScheduledFutureTask.run(ScheduledFutureTask.java:160)
	at io.netty.util.concurrent.AbstractEventExecutor.runTask(AbstractEventExecutor.java:148)
	at io.netty.util.concurrent.AbstractEventExecutor.safeExecute$$$capture(AbstractEventExecutor.java:141)
	at io.netty.util.concurrent.AbstractEventExecutor.safeExecute(AbstractEventExecutor.java)
	at io.netty.util.concurrent.SingleThreadEventExecutor.runAllTasks(SingleThreadEventExecutor.java:535)
	at io.netty.channel.SingleThreadIoEventLoop.run(SingleThreadIoEventLoop.java:201)
	at io.netty.util.concurrent.SingleThreadEventExecutor$5.run(SingleThreadEventExecutor.java:1195)
	at io.netty.util.internal.ThreadExecutorMap$2.run(ThreadExecutorMap.java:74)
	at io.netty.util.concurrent.FastThreadLocalRunnable.run(FastThreadLocalRunnable.java:30)
	at java.base/java.lang.Thread.run(Thread.java:1583)
Caused by: io.netty.resolver.dns.DnsNameResolverTimeoutException: [15494: /10.246.32.204:53] DefaultDnsQuestion(measured-cowbird-128774.upstash.io. IN A) query '15494' via UDP timed out after 5000 milliseconds (no stack trace available)
2026-08-05 15:05:58 INFO  i.l.core.protocol.ConnectionWatchdog - Reconnecting, last destination was measured-cowbird-128774.upstash.io/<unresolved>:6379
2026-08-05 15:06:03 WARN  i.l.core.protocol.ConnectionWatchdog - Cannot reconnect to [measured-cowbird-128774.upstash.io/<unresolved>:6379]: Failed to resolve 'measured-cowbird-128774.upstash.io' [A(1)]
java.net.UnknownHostException: Failed to resolve 'measured-cowbird-128774.upstash.io' [A(1)]
	at io.netty.resolver.dns.DnsResolveContext.finishResolve(DnsResolveContext.java:1137)
	at io.netty.resolver.dns.DnsResolveContext.tryToFinishResolve(DnsResolveContext.java:1084)
	at io.netty.resolver.dns.DnsResolveContext.query(DnsResolveContext.java:443)
	at io.netty.resolver.dns.DnsResolveContext.access$700(DnsResolveContext.java:69)
	at io.netty.resolver.dns.DnsResolveContext$2.operationComplete(DnsResolveContext.java:512)
	at io.netty.util.concurrent.DefaultPromise.notifyListener0(DefaultPromise.java:604)
	at io.netty.util.concurrent.DefaultPromise.notifyListeners0(DefaultPromise.java:597)
	at io.netty.util.concurrent.DefaultPromise.notifyListenersNow(DefaultPromise.java:573)
	at io.netty.util.concurrent.DefaultPromise.notifyListeners(DefaultPromise.java:506)
	at io.netty.util.concurrent.DefaultPromise.setValue0(DefaultPromise.java:650)
	at io.netty.util.concurrent.DefaultPromise.setFailure0(DefaultPromise.java:643)
	at io.netty.util.concurrent.DefaultPromise.tryFailure(DefaultPromise.java:132)
	at io.netty.resolver.dns.DnsQueryContext.finishFailure(DnsQueryContext.java:346)
	at io.netty.resolver.dns.DnsQueryContext$4.run(DnsQueryContext.java:281)
	at io.netty.util.concurrent.PromiseTask.runTask(PromiseTask.java:98)
	at io.netty.util.concurrent.ScheduledFutureTask.run(ScheduledFutureTask.java:160)
	at io.netty.util.concurrent.AbstractEventExecutor.runTask(AbstractEventExecutor.java:148)
	at io.netty.util.concurrent.AbstractEventExecutor.safeExecute$$$capture(AbstractEventExecutor.java:141)
	at io.netty.util.concurrent.AbstractEventExecutor.safeExecute(AbstractEventExecutor.java)
	at io.netty.util.concurrent.SingleThreadEventExecutor.runAllTasks(SingleThreadEventExecutor.java:535)
	at io.netty.channel.SingleThreadIoEventLoop.run(SingleThreadIoEventLoop.java:201)
	at io.netty.util.concurrent.SingleThreadEventExecutor$5.run(SingleThreadEventExecutor.java:1195)
	at io.netty.util.internal.ThreadExecutorMap$2.run(ThreadExecutorMap.java:74)
	at io.netty.util.concurrent.FastThreadLocalRunnable.run(FastThreadLocalRunnable.java:30)
	at java.base/java.lang.Thread.run(Thread.java:1583)
Caused by: io.netty.resolver.dns.DnsNameResolverTimeoutException: [11135: /10.246.32.204:53] DefaultDnsQuestion(measured-cowbird-128774.upstash.io. IN A) query '11135' via UDP timed out after 5000 milliseconds (no stack trace available)
2026-08-05 15:06:33 INFO  i.l.core.protocol.ConnectionWatchdog - Reconnecting, last destination was measured-cowbird-128774.upstash.io/<unresolved>:6379
2026-08-05 15:06:38 WARN  i.l.core.protocol.ConnectionWatchdog - Cannot reconnect to [measured-cowbird-128774.upstash.io/<unresolved>:6379]: Failed to resolve 'measured-cowbird-128774.upstash.io' [A(1)]
java.net.UnknownHostException: Failed to resolve 'measured-cowbird-128774.upstash.io' [A(1)]
	at io.netty.resolver.dns.DnsResolveContext.finishResolve(DnsResolveContext.java:1137)
	at io.netty.resolver.dns.DnsResolveContext.tryToFinishResolve(DnsResolveContext.java:1084)
	at io.netty.resolver.dns.DnsResolveContext.query(DnsResolveContext.java:443)
	at io.netty.resolver.dns.DnsResolveContext.access$700(DnsResolveContext.java:69)
	at io.netty.resolver.dns.DnsResolveContext$2.operationComplete(DnsResolveContext.java:512)
	at io.netty.util.concurrent.DefaultPromise.notifyListener0(DefaultPromise.java:604)
	at io.netty.util.concurrent.DefaultPromise.notifyListeners0(DefaultPromise.java:597)
	at io.netty.util.concurrent.DefaultPromise.notifyListenersNow(DefaultPromise.java:573)
	at io.netty.util.concurrent.DefaultPromise.notifyListeners(DefaultPromise.java:506)
	at io.netty.util.concurrent.DefaultPromise.setValue0(DefaultPromise.java:650)
	at io.netty.util.concurrent.DefaultPromise.setFailure0(DefaultPromise.java:643)
	at io.netty.util.concurrent.DefaultPromise.tryFailure(DefaultPromise.java:132)
	at io.netty.resolver.dns.DnsQueryContext.finishFailure(DnsQueryContext.java:346)
	at io.netty.resolver.dns.DnsQueryContext$4.run(DnsQueryContext.java:281)
	at io.netty.util.concurrent.PromiseTask.runTask(PromiseTask.java:98)
	at io.netty.util.concurrent.ScheduledFutureTask.run(ScheduledFutureTask.java:160)
	at io.netty.util.concurrent.AbstractEventExecutor.runTask(AbstractEventExecutor.java:148)
	at io.netty.util.concurrent.AbstractEventExecutor.safeExecute$$$capture(AbstractEventExecutor.java:141)
	at io.netty.util.concurrent.AbstractEventExecutor.safeExecute(AbstractEventExecutor.java)
	at io.netty.util.concurrent.SingleThreadEventExecutor.runAllTasks(SingleThreadEventExecutor.java:535)
	at io.netty.channel.SingleThreadIoEventLoop.run(SingleThreadIoEventLoop.java:201)
	at io.netty.util.concurrent.SingleThreadEventExecutor$5.run(SingleThreadEventExecutor.java:1195)
	at io.netty.util.internal.ThreadExecutorMap$2.run(ThreadExecutorMap.java:74)
	at io.netty.util.concurrent.FastThreadLocalRunnable.run(FastThreadLocalRunnable.java:30)
	at java.base/java.lang.Thread.run(Thread.java:1583)
Caused by: io.netty.resolver.dns.DnsNameResolverTimeoutException: [3763: /10.246.32.204:53] DefaultDnsQuestion(measured-cowbird-128774.upstash.io. IN A) query '3763' via UDP timed out after 5000 milliseconds (no stack trace available)
2026-08-05 15:07:08 INFO  i.l.core.protocol.ConnectionWatchdog - Reconnecting, last destination was measured-cowbird-128774.upstash.io/<unresolved>:6379
2026-08-05 15:07:10 INFO  c.e.c.Tool.security.RateLimitFilter - Request from IP: 172.21.128.1 | URI: /workspace/my-workspaces | Tokens remaining: 50
2026-08-05 15:07:13 WARN  i.l.core.protocol.ConnectionWatchdog - Cannot reconnect to [measured-cowbird-128774.upstash.io/<unresolved>:6379]: Failed to resolve 'measured-cowbird-128774.upstash.io' [A(1)]
java.net.UnknownHostException: Failed to resolve 'measured-cowbird-128774.upstash.io' [A(1)]
	at io.netty.resolver.dns.DnsResolveContext.finishResolve(DnsResolveContext.java:1137)
	at io.netty.resolver.dns.DnsResolveContext.tryToFinishResolve(DnsResolveContext.java:1084)
	at io.netty.resolver.dns.DnsResolveContext.query(DnsResolveContext.java:443)
	at io.netty.resolver.dns.DnsResolveContext.access$700(DnsResolveContext.java:69)
	at io.netty.resolver.dns.DnsResolveContext$2.operationComplete(DnsResolveContext.java:512)
	at io.netty.util.concurrent.DefaultPromise.notifyListener0(DefaultPromise.java:604)
	at io.netty.util.concurrent.DefaultPromise.notifyListeners0(DefaultPromise.java:597)
	at io.netty.util.concurrent.DefaultPromise.notifyListenersNow(DefaultPromise.java:573)
	at io.netty.util.concurrent.DefaultPromise.notifyListeners(DefaultPromise.java:506)
	at io.netty.util.concurrent.DefaultPromise.setValue0(DefaultPromise.java:650)
	at io.netty.util.concurrent.DefaultPromise.setFailure0(DefaultPromise.java:643)
	at io.netty.util.concurrent.DefaultPromise.tryFailure(DefaultPromise.java:132)
	at io.netty.resolver.dns.DnsQueryContext.finishFailure(DnsQueryContext.java:346)
	at io.netty.resolver.dns.DnsQueryContext$4.run(DnsQueryContext.java:281)
	at io.netty.util.concurrent.PromiseTask.runTask(PromiseTask.java:98)
	at io.netty.util.concurrent.ScheduledFutureTask.run(ScheduledFutureTask.java:160)
	at io.netty.util.concurrent.AbstractEventExecutor.runTask(AbstractEventExecutor.java:148)
	at io.netty.util.concurrent.AbstractEventExecutor.safeExecute$$$capture(AbstractEventExecutor.java:141)
	at io.netty.util.concurrent.AbstractEventExecutor.safeExecute(AbstractEventExecutor.java)
	at io.netty.util.concurrent.SingleThreadEventExecutor.runAllTasks(SingleThreadEventExecutor.java:535)
	at io.netty.channel.SingleThreadIoEventLoop.run(SingleThreadIoEventLoop.java:201)
	at io.netty.util.concurrent.SingleThreadEventExecutor$5.run(SingleThreadEventExecutor.java:1195)
	at io.netty.util.internal.ThreadExecutorMap$2.run(ThreadExecutorMap.java:74)
	at io.netty.util.concurrent.FastThreadLocalRunnable.run(FastThreadLocalRunnable.java:30)
	at java.base/java.lang.Thread.run(Thread.java:1583)
Caused by: io.netty.resolver.dns.DnsNameResolverTimeoutException: [4520: /10.246.32.204:53] DefaultDnsQuestion(measured-cowbird-128774.upstash.io. IN A) query '4520' via UDP timed out after 5000 milliseconds (no stack trace available)
2026-08-05 15:07:31 INFO  c.e.c.Tool.security.RateLimitFilter - Request from IP: 172.21.128.1 | URI: /workspace/my-workspaces | Tokens remaining: 50
2026-08-05 15:07:39 INFO  c.e.c.Tool.security.RateLimitFilter - Request from IP: 172.21.128.1 | URI: /workspace/my-workspaces | Tokens remaining: 50
2026-08-05 15:07:41 INFO  c.e.c.Tool.security.RateLimitFilter - Request from IP: 172.21.128.1 | URI: /issues/active | Tokens remaining: 50
2026-08-05 15:07:43 INFO  i.l.core.protocol.ConnectionWatchdog - Reconnecting, last destination was measured-cowbird-128774.upstash.io/<unresolved>:6379
2026-08-05 15:07:48 WARN  i.l.core.protocol.ConnectionWatchdog - Cannot reconnect to [measured-cowbird-128774.upstash.io/<unresolved>:6379]: Failed to resolve 'measured-cowbird-128774.upstash.io' [A(1)]
java.net.UnknownHostException: Failed to resolve 'measured-cowbird-128774.upstash.io' [A(1)]
	at io.netty.resolver.dns.DnsResolveContext.finishResolve(DnsResolveContext.java:1137)
	at io.netty.resolver.dns.DnsResolveContext.tryToFinishResolve(DnsResolveContext.java:1084)
	at io.netty.resolver.dns.DnsResolveContext.query(DnsResolveContext.java:443)
	at io.netty.resolver.dns.DnsResolveContext.access$700(DnsResolveContext.java:69)
	at io.netty.resolver.dns.DnsResolveContext$2.operationComplete(DnsResolveContext.java:512)
	at io.netty.util.concurrent.DefaultPromise.notifyListener0(DefaultPromise.java:604)
	at io.netty.util.concurrent.DefaultPromise.notifyListeners0(DefaultPromise.java:597)
	at io.netty.util.concurrent.DefaultPromise.notifyListenersNow(DefaultPromise.java:573)
	at io.netty.util.concurrent.DefaultPromise.notifyListeners(DefaultPromise.java:506)
	at io.netty.util.concurrent.DefaultPromise.setValue0(DefaultPromise.java:650)
	at io.netty.util.concurrent.DefaultPromise.setFailure0(DefaultPromise.java:643)
	at io.netty.util.concurrent.DefaultPromise.tryFailure(DefaultPromise.java:132)
	at io.netty.resolver.dns.DnsQueryContext.finishFailure(DnsQueryContext.java:346)
	at io.netty.resolver.dns.DnsQueryContext$4.run(DnsQueryContext.java:281)
	at io.netty.util.concurrent.PromiseTask.runTask(PromiseTask.java:98)
	at io.netty.util.concurrent.ScheduledFutureTask.run(ScheduledFutureTask.java:160)
	at io.netty.util.concurrent.AbstractEventExecutor.runTask(AbstractEventExecutor.java:148)
	at io.netty.util.concurrent.AbstractEventExecutor.safeExecute$$$capture(AbstractEventExecutor.java:141)
	at io.netty.util.concurrent.AbstractEventExecutor.safeExecute(AbstractEventExecutor.java)
	at io.netty.util.concurrent.SingleThreadEventExecutor.runAllTasks(SingleThreadEventExecutor.java:535)
	at io.netty.channel.SingleThreadIoEventLoop.run(SingleThreadIoEventLoop.java:201)
	at io.netty.util.concurrent.SingleThreadEventExecutor$5.run(SingleThreadEventExecutor.java:1195)
	at io.netty.util.internal.ThreadExecutorMap$2.run(ThreadExecutorMap.java:74)
	at io.netty.util.concurrent.FastThreadLocalRunnable.run(FastThreadLocalRunnable.java:30)
	at java.base/java.lang.Thread.run(Thread.java:1583)
Caused by: io.netty.resolver.dns.DnsNameResolverTimeoutException: [13319: /10.246.32.204:53] DefaultDnsQuestion(measured-cowbird-128774.upstash.io. IN A) query '13319' via UDP timed out after 5000 milliseconds (no stack trace available)
2026-08-05 15:07:57 INFO  c.e.c.Tool.security.RateLimitFilter - Request from IP: 172.21.128.1 | URI: /user/login | Tokens remaining: 50
2026-08-05 15:07:58 INFO  c.e.c.Tool.security.RateLimitFilter - Request from IP: 172.21.128.1 | URI: /workspace/my-workspaces | Tokens remaining: 49
2026-08-05 15:08:18 INFO  i.l.core.protocol.ConnectionWatchdog - Reconnecting, last destination was measured-cowbird-128774.upstash.io/<unresolved>:6379
2026-08-05 15:08:23 WARN  i.l.core.protocol.ConnectionWatchdog - Cannot reconnect to [measured-cowbird-128774.upstash.io/<unresolved>:6379]: Failed to resolve 'measured-cowbird-128774.upstash.io' [A(1)]
java.net.UnknownHostException: Failed to resolve 'measured-cowbird-128774.upstash.io' [A(1)]
	at io.netty.resolver.dns.DnsResolveContext.finishResolve(DnsResolveContext.java:1137)
	at io.netty.resolver.dns.DnsResolveContext.tryToFinishResolve(DnsResolveContext.java:1084)
	at io.netty.resolver.dns.DnsResolveContext.query(DnsResolveContext.java:443)
	at io.netty.resolver.dns.DnsResolveContext.access$700(DnsResolveContext.java:69)
	at io.netty.resolver.dns.DnsResolveContext$2.operationComplete(DnsResolveContext.java:512)
	at io.netty.util.concurrent.DefaultPromise.notifyListener0(DefaultPromise.java:604)
	at io.netty.util.concurrent.DefaultPromise.notifyListeners0(DefaultPromise.java:597)
	at io.netty.util.concurrent.DefaultPromise.notifyListenersNow(DefaultPromise.java:573)
	at io.netty.util.concurrent.DefaultPromise.notifyListeners(DefaultPromise.java:506)
	at io.netty.util.concurrent.DefaultPromise.setValue0(DefaultPromise.java:650)
	at io.netty.util.concurrent.DefaultPromise.setFailure0(DefaultPromise.java:643)
	at io.netty.util.concurrent.DefaultPromise.tryFailure(DefaultPromise.java:132)
	at io.netty.resolver.dns.DnsQueryContext.finishFailure(DnsQueryContext.java:346)
	at io.netty.resolver.dns.DnsQueryContext$4.run(DnsQueryContext.java:281)
	at io.netty.util.concurrent.PromiseTask.runTask(PromiseTask.java:98)
	at io.netty.util.concurrent.ScheduledFutureTask.run(ScheduledFutureTask.java:160)
	at io.netty.util.concurrent.AbstractEventExecutor.runTask(AbstractEventExecutor.java:148)
	at io.netty.util.concurrent.AbstractEventExecutor.safeExecute$$$capture(AbstractEventExecutor.java:141)
	at io.netty.util.concurrent.AbstractEventExecutor.safeExecute(AbstractEventExecutor.java)
	at io.netty.util.concurrent.SingleThreadEventExecutor.runAllTasks(SingleThreadEventExecutor.java:535)
	at io.netty.channel.SingleThreadIoEventLoop.run(SingleThreadIoEventLoop.java:201)
	at io.netty.util.concurrent.SingleThreadEventExecutor$5.run(SingleThreadEventExecutor.java:1195)
	at io.netty.util.internal.ThreadExecutorMap$2.run(ThreadExecutorMap.java:74)
	at io.netty.util.concurrent.FastThreadLocalRunnable.run(FastThreadLocalRunnable.java:30)
	at java.base/java.lang.Thread.run(Thread.java:1583)
Caused by: io.netty.resolver.dns.DnsNameResolverTimeoutException: [3816: /10.246.32.204:53] DefaultDnsQuestion(measured-cowbird-128774.upstash.io. IN A) query '3816' via UDP timed out after 5000 milliseconds (no stack trace available)
2026-08-05 15:08:38 INFO  c.e.c.Tool.security.RateLimitFilter - Request from IP: 172.21.128.1 | URI: /workspace/my-workspaces | Tokens remaining: 50
2026-08-05 15:08:53 INFO  i.l.core.protocol.ConnectionWatchdog - Reconnecting, last destination was measured-cowbird-128774.upstash.io/<unresolved>:6379
2026-08-05 15:08:58 WARN  i.l.core.protocol.ConnectionWatchdog - Cannot reconnect to [measured-cowbird-128774.upstash.io/<unresolved>:6379]: Failed to resolve 'measured-cowbird-128774.upstash.io' [A(1)]
java.net.UnknownHostException: Failed to resolve 'measured-cowbird-128774.upstash.io' [A(1)]
	at io.netty.resolver.dns.DnsResolveContext.finishResolve(DnsResolveContext.java:1137)
	at io.netty.resolver.dns.DnsResolveContext.tryToFinishResolve(DnsResolveContext.java:1084)
	at io.netty.resolver.dns.DnsResolveContext.query(DnsResolveContext.java:443)
	at io.netty.resolver.dns.DnsResolveContext.access$700(DnsResolveContext.java:69)
	at io.netty.resolver.dns.DnsResolveContext$2.operationComplete(DnsResolveContext.java:512)
	at io.netty.util.concurrent.DefaultPromise.notifyListener0(DefaultPromise.java:604)
	at io.netty.util.concurrent.DefaultPromise.notifyListeners0(DefaultPromise.java:597)
	at io.netty.util.concurrent.DefaultPromise.notifyListenersNow(DefaultPromise.java:573)
	at io.netty.util.concurrent.DefaultPromise.notifyListeners(DefaultPromise.java:506)
	at io.netty.util.concurrent.DefaultPromise.setValue0(DefaultPromise.java:650)
	at io.netty.util.concurrent.DefaultPromise.setFailure0(DefaultPromise.java:643)
	at io.netty.util.concurrent.DefaultPromise.tryFailure(DefaultPromise.java:132)
	at io.netty.resolver.dns.DnsQueryContext.finishFailure(DnsQueryContext.java:346)
	at io.netty.resolver.dns.DnsQueryContext$4.run(DnsQueryContext.java:281)
	at io.netty.util.concurrent.PromiseTask.runTask(PromiseTask.java:98)
	at io.netty.util.concurrent.ScheduledFutureTask.run(ScheduledFutureTask.java:160)
	at io.netty.util.concurrent.AbstractEventExecutor.runTask(AbstractEventExecutor.java:148)
	at io.netty.util.concurrent.AbstractEventExecutor.safeExecute$$$capture(AbstractEventExecutor.java:141)
	at io.netty.util.concurrent.AbstractEventExecutor.safeExecute(AbstractEventExecutor.java)
	at io.netty.util.concurrent.SingleThreadEventExecutor.runAllTasks(SingleThreadEventExecutor.java:535)
	at io.netty.channel.SingleThreadIoEventLoop.run(SingleThreadIoEventLoop.java:201)
	at io.netty.util.concurrent.SingleThreadEventExecutor$5.run(SingleThreadEventExecutor.java:1195)
	at io.netty.util.internal.ThreadExecutorMap$2.run(ThreadExecutorMap.java:74)
	at io.netty.util.concurrent.FastThreadLocalRunnable.run(FastThreadLocalRunnable.java:30)
	at java.base/java.lang.Thread.run(Thread.java:1583)
Caused by: io.netty.resolver.dns.DnsNameResolverTimeoutException: [694: /10.246.32.204:53] DefaultDnsQuestion(measured-cowbird-128774.upstash.io. IN A) query '694' via UDP timed out after 5000 milliseconds (no stack trace available)
2026-08-05 15:09:28 INFO  i.l.core.protocol.ConnectionWatchdog - Reconnecting, last destination was measured-cowbird-128774.upstash.io/<unresolved>:6379
2026-08-05 15:09:33 WARN  i.l.core.protocol.ConnectionWatchdog - Cannot reconnect to [measured-cowbird-128774.upstash.io/<unresolved>:6379]: Failed to resolve 'measured-cowbird-128774.upstash.io' [A(1)]
java.net.UnknownHostException: Failed to resolve 'measured-cowbird-128774.upstash.io' [A(1)]
	at io.netty.resolver.dns.DnsResolveContext.finishResolve(DnsResolveContext.java:1137)
	at io.netty.resolver.dns.DnsResolveContext.tryToFinishResolve(DnsResolveContext.java:1084)
	at io.netty.resolver.dns.DnsResolveContext.query(DnsResolveContext.java:443)
	at io.netty.resolver.dns.DnsResolveContext.access$700(DnsResolveContext.java:69)
	at io.netty.resolver.dns.DnsResolveContext$2.operationComplete(DnsResolveContext.java:512)
	at io.netty.util.concurrent.DefaultPromise.notifyListener0(DefaultPromise.java:604)
	at io.netty.util.concurrent.DefaultPromise.notifyListeners0(DefaultPromise.java:597)
	at io.netty.util.concurrent.DefaultPromise.notifyListenersNow(DefaultPromise.java:573)
	at io.netty.util.concurrent.DefaultPromise.notifyListeners(DefaultPromise.java:506)
	at io.netty.util.concurrent.DefaultPromise.setValue0(DefaultPromise.java:650)
	at io.netty.util.concurrent.DefaultPromise.setFailure0(DefaultPromise.java:643)
	at io.netty.util.concurrent.DefaultPromise.tryFailure(DefaultPromise.java:132)
	at io.netty.resolver.dns.DnsQueryContext.finishFailure(DnsQueryContext.java:346)
	at io.netty.resolver.dns.DnsQueryContext$4.run(DnsQueryContext.java:281)
	at io.netty.util.concurrent.PromiseTask.runTask(PromiseTask.java:98)
	at io.netty.util.concurrent.ScheduledFutureTask.run(ScheduledFutureTask.java:160)
	at io.netty.util.concurrent.AbstractEventExecutor.runTask(AbstractEventExecutor.java:148)
	at io.netty.util.concurrent.AbstractEventExecutor.safeExecute$$$capture(AbstractEventExecutor.java:141)
	at io.netty.util.concurrent.AbstractEventExecutor.safeExecute(AbstractEventExecutor.java)
	at io.netty.util.concurrent.SingleThreadEventExecutor.runAllTasks(SingleThreadEventExecutor.java:535)
	at io.netty.channel.SingleThreadIoEventLoop.run(SingleThreadIoEventLoop.java:201)
	at io.netty.util.concurrent.SingleThreadEventExecutor$5.run(SingleThreadEventExecutor.java:1195)
	at io.netty.util.internal.ThreadExecutorMap$2.run(ThreadExecutorMap.java:74)
	at io.netty.util.concurrent.FastThreadLocalRunnable.run(FastThreadLocalRunnable.java:30)
	at java.base/java.lang.Thread.run(Thread.java:1583)
Caused by: io.netty.resolver.dns.DnsNameResolverTimeoutException: [11473: /10.246.32.204:53] DefaultDnsQuestion(measured-cowbird-128774.upstash.io. IN A) query '11473' via UDP timed out after 5000 milliseconds (no stack trace available)
2026-08-05 15:10:03 INFO  i.l.core.protocol.ConnectionWatchdog - Reconnecting, last destination was measured-cowbird-128774.upstash.io/<unresolved>:6379
2026-08-05 15:10:08 WARN  i.l.core.protocol.ConnectionWatchdog - Cannot reconnect to [measured-cowbird-128774.upstash.io/<unresolved>:6379]: Failed to resolve 'measured-cowbird-128774.upstash.io' [A(1)]
java.net.UnknownHostException: Failed to resolve 'measured-cowbird-128774.upstash.io' [A(1)]
	at io.netty.resolver.dns.DnsResolveContext.finishResolve(DnsResolveContext.java:1137)
	at io.netty.resolver.dns.DnsResolveContext.tryToFinishResolve(DnsResolveContext.java:1084)
	at io.netty.resolver.dns.DnsResolveContext.query(DnsResolveContext.java:443)
	at io.netty.resolver.dns.DnsResolveContext.access$700(DnsResolveContext.java:69)
	at io.netty.resolver.dns.DnsResolveContext$2.operationComplete(DnsResolveContext.java:512)
	at io.netty.util.concurrent.DefaultPromise.notifyListener0(DefaultPromise.java:604)
	at io.netty.util.concurrent.DefaultPromise.notifyListeners0(DefaultPromise.java:597)
	at io.netty.util.concurrent.DefaultPromise.notifyListenersNow(DefaultPromise.java:573)
	at io.netty.util.concurrent.DefaultPromise.notifyListeners(DefaultPromise.java:506)
	at io.netty.util.concurrent.DefaultPromise.setValue0(DefaultPromise.java:650)
	at io.netty.util.concurrent.DefaultPromise.setFailure0(DefaultPromise.java:643)
	at io.netty.util.concurrent.DefaultPromise.tryFailure(DefaultPromise.java:132)
	at io.netty.resolver.dns.DnsQueryContext.finishFailure(DnsQueryContext.java:346)
	at io.netty.resolver.dns.DnsQueryContext$4.run(DnsQueryContext.java:281)
	at io.netty.util.concurrent.PromiseTask.runTask(PromiseTask.java:98)
	at io.netty.util.concurrent.ScheduledFutureTask.run(ScheduledFutureTask.java:160)
	at io.netty.util.concurrent.AbstractEventExecutor.runTask(AbstractEventExecutor.java:148)
	at io.netty.util.concurrent.AbstractEventExecutor.safeExecute$$$capture(AbstractEventExecutor.java:141)
	at io.netty.util.concurrent.AbstractEventExecutor.safeExecute(AbstractEventExecutor.java)
	at io.netty.util.concurrent.SingleThreadEventExecutor.runAllTasks(SingleThreadEventExecutor.java:535)
	at io.netty.channel.SingleThreadIoEventLoop.run(SingleThreadIoEventLoop.java:201)
	at io.netty.util.concurrent.SingleThreadEventExecutor$5.run(SingleThreadEventExecutor.java:1195)
	at io.netty.util.internal.ThreadExecutorMap$2.run(ThreadExecutorMap.java:74)
	at io.netty.util.concurrent.FastThreadLocalRunnable.run(FastThreadLocalRunnable.java:30)
	at java.base/java.lang.Thread.run(Thread.java:1583)
Caused by: io.netty.resolver.dns.DnsNameResolverTimeoutException: [14131: /10.246.32.204:53] DefaultDnsQuestion(measured-cowbird-128774.upstash.io. IN A) query '14131' via UDP timed out after 5000 milliseconds (no stack trace available)
2026-08-05 15:10:38 INFO  i.l.core.protocol.ConnectionWatchdog - Reconnecting, last destination was measured-cowbird-128774.upstash.io/<unresolved>:6379
2026-08-05 15:10:43 WARN  i.l.core.protocol.ConnectionWatchdog - Cannot reconnect to [measured-cowbird-128774.upstash.io/<unresolved>:6379]: Failed to resolve 'measured-cowbird-128774.upstash.io' [A(1)]
java.net.UnknownHostException: Failed to resolve 'measured-cowbird-128774.upstash.io' [A(1)]
	at io.netty.resolver.dns.DnsResolveContext.finishResolve(DnsResolveContext.java:1137)
	at io.netty.resolver.dns.DnsResolveContext.tryToFinishResolve(DnsResolveContext.java:1084)
	at io.netty.resolver.dns.DnsResolveContext.query(DnsResolveContext.java:443)
	at io.netty.resolver.dns.DnsResolveContext.access$700(DnsResolveContext.java:69)
	at io.netty.resolver.dns.DnsResolveContext$2.operationComplete(DnsResolveContext.java:512)
	at io.netty.util.concurrent.DefaultPromise.notifyListener0(DefaultPromise.java:604)
	at io.netty.util.concurrent.DefaultPromise.notifyListeners0(DefaultPromise.java:597)
	at io.netty.util.concurrent.DefaultPromise.notifyListenersNow(DefaultPromise.java:573)
	at io.netty.util.concurrent.DefaultPromise.notifyListeners(DefaultPromise.java:506)
	at io.netty.util.concurrent.DefaultPromise.setValue0(DefaultPromise.java:650)
	at io.netty.util.concurrent.DefaultPromise.setFailure0(DefaultPromise.java:643)
	at io.netty.util.concurrent.DefaultPromise.tryFailure(DefaultPromise.java:132)
	at io.netty.resolver.dns.DnsQueryContext.finishFailure(DnsQueryContext.java:346)
	at io.netty.resolver.dns.DnsQueryContext$4.run(DnsQueryContext.java:281)
	at io.netty.util.concurrent.PromiseTask.runTask(PromiseTask.java:98)
	at io.netty.util.concurrent.ScheduledFutureTask.run(ScheduledFutureTask.java:160)
	at io.netty.util.concurrent.AbstractEventExecutor.runTask(AbstractEventExecutor.java:148)
	at io.netty.util.concurrent.AbstractEventExecutor.safeExecute$$$capture(AbstractEventExecutor.java:141)
	at io.netty.util.concurrent.AbstractEventExecutor.safeExecute(AbstractEventExecutor.java)
	at io.netty.util.concurrent.SingleThreadEventExecutor.runAllTasks(SingleThreadEventExecutor.java:535)
	at io.netty.channel.SingleThreadIoEventLoop.run(SingleThreadIoEventLoop.java:201)
	at io.netty.util.concurrent.SingleThreadEventExecutor$5.run(SingleThreadEventExecutor.java:1195)
	at io.netty.util.internal.ThreadExecutorMap$2.run(ThreadExecutorMap.java:74)
	at io.netty.util.concurrent.FastThreadLocalRunnable.run(FastThreadLocalRunnable.java:30)
	at java.base/java.lang.Thread.run(Thread.java:1583)
Caused by: io.netty.resolver.dns.DnsNameResolverTimeoutException: [15087: /10.246.32.204:53] DefaultDnsQuestion(measured-cowbird-128774.upstash.io. IN A) query '15087' via UDP timed out after 5000 milliseconds (no stack trace available)
2026-08-05 15:10:54 INFO  c.e.c.Tool.security.RateLimitFilter - Request from IP: 10.235.148.185 | URI: /workspace/my-workspaces | Tokens remaining: 50
2026-08-05 15:11:14 INFO  i.l.core.protocol.ConnectionWatchdog - Reconnecting, last destination was measured-cowbird-128774.upstash.io/<unresolved>:6379
2026-08-05 15:11:15 INFO  c.e.c.Tool.security.RateLimitFilter - Request from IP: 10.235.148.185 | URI: /issues/active | Tokens remaining: 50
2026-08-05 15:11:19 WARN  i.l.core.protocol.ConnectionWatchdog - Cannot reconnect to [measured-cowbird-128774.upstash.io/<unresolved>:6379]: Failed to resolve 'measured-cowbird-128774.upstash.io' [A(1)]
java.net.UnknownHostException: Failed to resolve 'measured-cowbird-128774.upstash.io' [A(1)]
	at io.netty.resolver.dns.DnsResolveContext.finishResolve(DnsResolveContext.java:1137)
	at io.netty.resolver.dns.DnsResolveContext.tryToFinishResolve(DnsResolveContext.java:1084)
	at io.netty.resolver.dns.DnsResolveContext.query(DnsResolveContext.java:443)
	at io.netty.resolver.dns.DnsResolveContext.access$700(DnsResolveContext.java:69)
	at io.netty.resolver.dns.DnsResolveContext$2.operationComplete(DnsResolveContext.java:512)
	at io.netty.util.concurrent.DefaultPromise.notifyListener0(DefaultPromise.java:604)
	at io.netty.util.concurrent.DefaultPromise.notifyListeners0(DefaultPromise.java:597)
	at io.netty.util.concurrent.DefaultPromise.notifyListenersNow(DefaultPromise.java:573)
	at io.netty.util.concurrent.DefaultPromise.notifyListeners(DefaultPromise.java:506)
	at io.netty.util.concurrent.DefaultPromise.setValue0(DefaultPromise.java:650)
	at io.netty.util.concurrent.DefaultPromise.setFailure0(DefaultPromise.java:643)
	at io.netty.util.concurrent.DefaultPromise.tryFailure(DefaultPromise.java:132)
	at io.netty.resolver.dns.DnsQueryContext.finishFailure(DnsQueryContext.java:346)
	at io.netty.resolver.dns.DnsQueryContext$4.run(DnsQueryContext.java:281)
	at io.netty.util.concurrent.PromiseTask.runTask(PromiseTask.java:98)
	at io.netty.util.concurrent.ScheduledFutureTask.run(ScheduledFutureTask.java:160)
	at io.netty.util.concurrent.AbstractEventExecutor.runTask(AbstractEventExecutor.java:148)
	at io.netty.util.concurrent.AbstractEventExecutor.safeExecute$$$capture(AbstractEventExecutor.java:141)
	at io.netty.util.concurrent.AbstractEventExecutor.safeExecute(AbstractEventExecutor.java)
	at io.netty.util.concurrent.SingleThreadEventExecutor.runAllTasks(SingleThreadEventExecutor.java:535)
	at io.netty.channel.SingleThreadIoEventLoop.run(SingleThreadIoEventLoop.java:201)
	at io.netty.util.concurrent.SingleThreadEventExecutor$5.run(SingleThreadEventExecutor.java:1195)
	at io.netty.util.internal.ThreadExecutorMap$2.run(ThreadExecutorMap.java:74)
	at io.netty.util.concurrent.FastThreadLocalRunnable.run(FastThreadLocalRunnable.java:30)
	at java.base/java.lang.Thread.run(Thread.java:1583)
Caused by: io.netty.resolver.dns.DnsNameResolverTimeoutException: [6409: /10.246.32.204:53] DefaultDnsQuestion(measured-cowbird-128774.upstash.io. IN A) query '6409' via UDP timed out after 5000 milliseconds (no stack trace available)
2026-08-05 15:11:28 INFO  c.e.c.Tool.security.RateLimitFilter - Request from IP: 10.235.148.185 | URI: /user/login | Tokens remaining: 50
2026-08-05 15:11:49 INFO  i.l.core.protocol.ConnectionWatchdog - Reconnecting, last destination was measured-cowbird-128774.upstash.io/<unresolved>:6379
2026-08-05 15:11:49 INFO  c.e.c.Tool.security.RateLimitFilter - Request from IP: 10.235.148.185 | URI: /workspace/my-workspaces | Tokens remaining: 50
2026-08-05 15:11:54 WARN  i.l.core.protocol.ConnectionWatchdog - Cannot reconnect to [measured-cowbird-128774.upstash.io/<unresolved>:6379]: Failed to resolve 'measured-cowbird-128774.upstash.io' [A(1)]
java.net.UnknownHostException: Failed to resolve 'measured-cowbird-128774.upstash.io' [A(1)]
	at io.netty.resolver.dns.DnsResolveContext.finishResolve(DnsResolveContext.java:1137)
	at io.netty.resolver.dns.DnsResolveContext.tryToFinishResolve(DnsResolveContext.java:1084)
	at io.netty.resolver.dns.DnsResolveContext.query(DnsResolveContext.java:443)
	at io.netty.resolver.dns.DnsResolveContext.access$700(DnsResolveContext.java:69)
	at io.netty.resolver.dns.DnsResolveContext$2.operationComplete(DnsResolveContext.java:512)
	at io.netty.util.concurrent.DefaultPromise.notifyListener0(DefaultPromise.java:604)
	at io.netty.util.concurrent.DefaultPromise.notifyListeners0(DefaultPromise.java:597)
	at io.netty.util.concurrent.DefaultPromise.notifyListenersNow(DefaultPromise.java:573)
	at io.netty.util.concurrent.DefaultPromise.notifyListeners(DefaultPromise.java:506)
	at io.netty.util.concurrent.DefaultPromise.setValue0(DefaultPromise.java:650)
	at io.netty.util.concurrent.DefaultPromise.setFailure0(DefaultPromise.java:643)
	at io.netty.util.concurrent.DefaultPromise.tryFailure(DefaultPromise.java:132)
	at io.netty.resolver.dns.DnsQueryContext.finishFailure(DnsQueryContext.java:346)
	at io.netty.resolver.dns.DnsQueryContext$4.run(DnsQueryContext.java:281)
	at io.netty.util.concurrent.PromiseTask.runTask(PromiseTask.java:98)
	at io.netty.util.concurrent.ScheduledFutureTask.run(ScheduledFutureTask.java:160)
	at io.netty.util.concurrent.AbstractEventExecutor.runTask(AbstractEventExecutor.java:148)
	at io.netty.util.concurrent.AbstractEventExecutor.safeExecute$$$capture(AbstractEventExecutor.java:141)
	at io.netty.util.concurrent.AbstractEventExecutor.safeExecute(AbstractEventExecutor.java)
	at io.netty.util.concurrent.SingleThreadEventExecutor.runAllTasks(SingleThreadEventExecutor.java:535)
	at io.netty.channel.SingleThreadIoEventLoop.run(SingleThreadIoEventLoop.java:201)
	at io.netty.util.concurrent.SingleThreadEventExecutor$5.run(SingleThreadEventExecutor.java:1195)
	at io.netty.util.internal.ThreadExecutorMap$2.run(ThreadExecutorMap.java:74)
	at io.netty.util.concurrent.FastThreadLocalRunnable.run(FastThreadLocalRunnable.java:30)
	at java.base/java.lang.Thread.run(Thread.java:1583)
Caused by: io.netty.resolver.dns.DnsNameResolverTimeoutException: [3755: /10.246.32.204:53] DefaultDnsQuestion(measured-cowbird-128774.upstash.io. IN A) query '3755' via UDP timed out after 5000 milliseconds (no stack trace available)
2026-08-05 15:12:24 INFO  i.l.core.protocol.ConnectionWatchdog - Reconnecting, last destination was measured-cowbird-128774.upstash.io/<unresolved>:6379
2026-08-05 15:12:25 INFO  o.s.boot.tomcat.GracefulShutdown - Commencing graceful shutdown. Waiting for active requests to complete
2026-08-05 15:12:29 WARN  i.l.core.protocol.ConnectionWatchdog - Cannot reconnect to [measured-cowbird-128774.upstash.io/<unresolved>:6379]: Failed to resolve 'measured-cowbird-128774.upstash.io' [A(1)]
java.net.UnknownHostException: Failed to resolve 'measured-cowbird-128774.upstash.io' [A(1)]
	at io.netty.resolver.dns.DnsResolveContext.finishResolve(DnsResolveContext.java:1137)
	at io.netty.resolver.dns.DnsResolveContext.tryToFinishResolve(DnsResolveContext.java:1084)
	at io.netty.resolver.dns.DnsResolveContext.query(DnsResolveContext.java:443)
	at io.netty.resolver.dns.DnsResolveContext.access$700(DnsResolveContext.java:69)
	at io.netty.resolver.dns.DnsResolveContext$2.operationComplete(DnsResolveContext.java:512)
	at io.netty.util.concurrent.DefaultPromise.notifyListener0(DefaultPromise.java:604)
	at io.netty.util.concurrent.DefaultPromise.notifyListeners0(DefaultPromise.java:597)
	at io.netty.util.concurrent.DefaultPromise.notifyListenersNow(DefaultPromise.java:573)
	at io.netty.util.concurrent.DefaultPromise.notifyListeners(DefaultPromise.java:506)
	at io.netty.util.concurrent.DefaultPromise.setValue0(DefaultPromise.java:650)
	at io.netty.util.concurrent.DefaultPromise.setFailure0(DefaultPromise.java:643)
	at io.netty.util.concurrent.DefaultPromise.tryFailure(DefaultPromise.java:132)
	at io.netty.resolver.dns.DnsQueryContext.finishFailure(DnsQueryContext.java:346)
	at io.netty.resolver.dns.DnsQueryContext$4.run(DnsQueryContext.java:281)
	at io.netty.util.concurrent.PromiseTask.runTask(PromiseTask.java:98)
	at io.netty.util.concurrent.ScheduledFutureTask.run(ScheduledFutureTask.java:160)
	at io.netty.util.concurrent.AbstractEventExecutor.runTask(AbstractEventExecutor.java:148)
	at io.netty.util.concurrent.AbstractEventExecutor.safeExecute$$$capture(AbstractEventExecutor.java:141)
	at io.netty.util.concurrent.AbstractEventExecutor.safeExecute(AbstractEventExecutor.java)
	at io.netty.util.concurrent.SingleThreadEventExecutor.runAllTasks(SingleThreadEventExecutor.java:535)
	at io.netty.channel.SingleThreadIoEventLoop.run(SingleThreadIoEventLoop.java:201)
	at io.netty.util.concurrent.SingleThreadEventExecutor$5.run(SingleThreadEventExecutor.java:1195)
	at io.netty.util.internal.ThreadExecutorMap$2.run(ThreadExecutorMap.java:74)
	at io.netty.util.concurrent.FastThreadLocalRunnable.run(FastThreadLocalRunnable.java:30)
	at java.base/java.lang.Thread.run(Thread.java:1583)
Caused by: io.netty.resolver.dns.DnsNameResolverTimeoutException: [15253: /10.246.32.204:53] DefaultDnsQuestion(measured-cowbird-128774.upstash.io. IN A) query '15253' via UDP timed out after 5000 milliseconds (no stack trace available)
2026-08-05 15:12:50 INFO  c.e.c.T.CollaborationToolApplication - Starting CollaborationToolApplication using Java 21.0.8 with PID 1692 (C:\Abraham\Code\Eclectics\Collaboration-Tool\target\classes started by pc in C:\Abraham\Code\Eclectics\Collaboration-Tool)
2026-08-05 15:12:50 INFO  c.e.c.T.CollaborationToolApplication - The following 1 profile is active: "prod"
2026-08-05 15:12:54 INFO  o.s.d.r.c.RepositoryConfigurationDelegate - Multiple Spring Data modules found, entering strict repository configuration mode
2026-08-05 15:12:54 INFO  o.s.d.r.c.RepositoryConfigurationDelegate - Bootstrapping Spring Data JPA repositories in DEFAULT mode.
2026-08-05 15:12:55 INFO  o.s.d.r.c.RepositoryConfigurationDelegate - Finished Spring Data repository scanning in 667 ms. Found 18 JPA repository interfaces.
2026-08-05 15:12:55 INFO  o.s.d.r.c.RepositoryConfigurationDelegate - Multiple Spring Data modules found, entering strict repository configuration mode
2026-08-05 15:12:55 INFO  o.s.d.r.c.RepositoryConfigurationDelegate - Bootstrapping Spring Data Redis repositories in DEFAULT mode.
2026-08-05 15:12:55 INFO  o.s.d.r.c.RepositoryConfigurationExtensionSupport - Spring Data Redis - Could not safely identify store assignment for repository candidate interface com.eclectics.collaboration.Tool.repository.ActivityLogRepository; If you want this repository to be a Redis repository, consider annotating your entities with one of these annotations: org.springframework.data.redis.core.RedisHash (preferred), or consider extending one of the following types with your repository: org.springframework.data.keyvalue.repository.KeyValueRepository
2026-08-05 15:12:55 INFO  o.s.d.r.c.RepositoryConfigurationExtensionSupport - Spring Data Redis - Could not safely identify store assignment for repository candidate interface com.eclectics.collaboration.Tool.repository.BoardMemberRepository; If you want this repository to be a Redis repository, consider annotating your entities with one of these annotations: org.springframework.data.redis.core.RedisHash (preferred), or consider extending one of the following types with your repository: org.springframework.data.keyvalue.repository.KeyValueRepository
2026-08-05 15:12:55 INFO  o.s.d.r.c.RepositoryConfigurationExtensionSupport - Spring Data Redis - Could not safely identify store assignment for repository candidate interface com.eclectics.collaboration.Tool.repository.BoardsRepository; If you want this repository to be a Redis repository, consider annotating your entities with one of these annotations: org.springframework.data.redis.core.RedisHash (preferred), or consider extending one of the following types with your repository: org.springframework.data.keyvalue.repository.KeyValueRepository
2026-08-05 15:12:55 INFO  o.s.d.r.c.RepositoryConfigurationExtensionSupport - Spring Data Redis - Could not safely identify store assignment for repository candidate interface com.eclectics.collaboration.Tool.repository.CardAssigneeRepository; If you want this repository to be a Redis repository, consider annotating your entities with one of these annotations: org.springframework.data.redis.core.RedisHash (preferred), or consider extending one of the following types with your repository: org.springframework.data.keyvalue.repository.KeyValueRepository
2026-08-05 15:12:55 INFO  o.s.d.r.c.RepositoryConfigurationExtensionSupport - Spring Data Redis - Could not safely identify store assignment for repository candidate interface com.eclectics.collaboration.Tool.repository.CardLabelRepository; If you want this repository to be a Redis repository, consider annotating your entities with one of these annotations: org.springframework.data.redis.core.RedisHash (preferred), or consider extending one of the following types with your repository: org.springframework.data.keyvalue.repository.KeyValueRepository
2026-08-05 15:12:55 INFO  o.s.d.r.c.RepositoryConfigurationExtensionSupport - Spring Data Redis - Could not safely identify store assignment for repository candidate interface com.eclectics.collaboration.Tool.repository.CardRepository; If you want this repository to be a Redis repository, consider annotating your entities with one of these annotations: org.springframework.data.redis.core.RedisHash (preferred), or consider extending one of the following types with your repository: org.springframework.data.keyvalue.repository.KeyValueRepository
2026-08-05 15:12:55 INFO  o.s.d.r.c.RepositoryConfigurationExtensionSupport - Spring Data Redis - Could not safely identify store assignment for repository candidate interface com.eclectics.collaboration.Tool.repository.CommentRepository; If you want this repository to be a Redis repository, consider annotating your entities with one of these annotations: org.springframework.data.redis.core.RedisHash (preferred), or consider extending one of the following types with your repository: org.springframework.data.keyvalue.repository.KeyValueRepository
2026-08-05 15:12:55 INFO  o.s.d.r.c.RepositoryConfigurationExtensionSupport - Spring Data Redis - Could not safely identify store assignment for repository candidate interface com.eclectics.collaboration.Tool.repository.FAQRepository; If you want this repository to be a Redis repository, consider annotating your entities with one of these annotations: org.springframework.data.redis.core.RedisHash (preferred), or consider extending one of the following types with your repository: org.springframework.data.keyvalue.repository.KeyValueRepository
2026-08-05 15:12:55 INFO  o.s.d.r.c.RepositoryConfigurationExtensionSupport - Spring Data Redis - Could not safely identify store assignment for repository candidate interface com.eclectics.collaboration.Tool.repository.InvitationRepository; If you want this repository to be a Redis repository, consider annotating your entities with one of these annotations: org.springframework.data.redis.core.RedisHash (preferred), or consider extending one of the following types with your repository: org.springframework.data.keyvalue.repository.KeyValueRepository
2026-08-05 15:12:55 INFO  o.s.d.r.c.RepositoryConfigurationExtensionSupport - Spring Data Redis - Could not safely identify store assignment for repository candidate interface com.eclectics.collaboration.Tool.repository.IssueRepository; If you want this repository to be a Redis repository, consider annotating your entities with one of these annotations: org.springframework.data.redis.core.RedisHash (preferred), or consider extending one of the following types with your repository: org.springframework.data.keyvalue.repository.KeyValueRepository
2026-08-05 15:12:55 INFO  o.s.d.r.c.RepositoryConfigurationExtensionSupport - Spring Data Redis - Could not safely identify store assignment for repository candidate interface com.eclectics.collaboration.Tool.repository.LabelRepository; If you want this repository to be a Redis repository, consider annotating your entities with one of these annotations: org.springframework.data.redis.core.RedisHash (preferred), or consider extending one of the following types with your repository: org.springframework.data.keyvalue.repository.KeyValueRepository
2026-08-05 15:12:55 INFO  o.s.d.r.c.RepositoryConfigurationExtensionSupport - Spring Data Redis - Could not safely identify store assignment for repository candidate interface com.eclectics.collaboration.Tool.repository.ListEntityRepository; If you want this repository to be a Redis repository, consider annotating your entities with one of these annotations: org.springframework.data.redis.core.RedisHash (preferred), or consider extending one of the following types with your repository: org.springframework.data.keyvalue.repository.KeyValueRepository
2026-08-05 15:12:55 INFO  o.s.d.r.c.RepositoryConfigurationExtensionSupport - Spring Data Redis - Could not safely identify store assignment for repository candidate interface com.eclectics.collaboration.Tool.repository.NotificationRepository; If you want this repository to be a Redis repository, consider annotating your entities with one of these annotations: org.springframework.data.redis.core.RedisHash (preferred), or consider extending one of the following types with your repository: org.springframework.data.keyvalue.repository.KeyValueRepository
2026-08-05 15:12:55 INFO  o.s.d.r.c.RepositoryConfigurationExtensionSupport - Spring Data Redis - Could not safely identify store assignment for repository candidate interface com.eclectics.collaboration.Tool.repository.RefreshTokenRepository; If you want this repository to be a Redis repository, consider annotating your entities with one of these annotations: org.springframework.data.redis.core.RedisHash (preferred), or consider extending one of the following types with your repository: org.springframework.data.keyvalue.repository.KeyValueRepository
2026-08-05 15:12:55 INFO  o.s.d.r.c.RepositoryConfigurationExtensionSupport - Spring Data Redis - Could not safely identify store assignment for repository candidate interface com.eclectics.collaboration.Tool.repository.SystemConfigRepository; If you want this repository to be a Redis repository, consider annotating your entities with one of these annotations: org.springframework.data.redis.core.RedisHash (preferred), or consider extending one of the following types with your repository: org.springframework.data.keyvalue.repository.KeyValueRepository
2026-08-05 15:12:55 INFO  o.s.d.r.c.RepositoryConfigurationExtensionSupport - Spring Data Redis - Could not safely identify store assignment for repository candidate interface com.eclectics.collaboration.Tool.repository.TalkRepository; If you want this repository to be a Redis repository, consider annotating your entities with one of these annotations: org.springframework.data.redis.core.RedisHash (preferred), or consider extending one of the following types with your repository: org.springframework.data.keyvalue.repository.KeyValueRepository
2026-08-05 15:12:55 INFO  o.s.d.r.c.RepositoryConfigurationExtensionSupport - Spring Data Redis - Could not safely identify store assignment for repository candidate interface com.eclectics.collaboration.Tool.repository.UserRespository; If you want this repository to be a Redis repository, consider annotating your entities with one of these annotations: org.springframework.data.redis.core.RedisHash (preferred), or consider extending one of the following types with your repository: org.springframework.data.keyvalue.repository.KeyValueRepository
2026-08-05 15:12:55 INFO  o.s.d.r.c.RepositoryConfigurationExtensionSupport - Spring Data Redis - Could not safely identify store assignment for repository candidate interface com.eclectics.collaboration.Tool.repository.WorkSpaceReposiroty; If you want this repository to be a Redis repository, consider annotating your entities with one of these annotations: org.springframework.data.redis.core.RedisHash (preferred), or consider extending one of the following types with your repository: org.springframework.data.keyvalue.repository.KeyValueRepository
2026-08-05 15:12:55 INFO  o.s.d.r.c.RepositoryConfigurationDelegate - Finished Spring Data repository scanning in 75 ms. Found 0 Redis repository interfaces.
2026-08-05 15:12:58 INFO  o.s.boot.tomcat.TomcatWebServer - Tomcat initialized with port 8084 (http)
2026-08-05 15:12:58 INFO  o.a.coyote.http11.Http11NioProtocol - Initializing ProtocolHandler ["http-nio-0.0.0.0-8084"]
2026-08-05 15:12:58 INFO  o.a.catalina.core.StandardService - Starting service [Tomcat]
2026-08-05 15:12:58 INFO  o.a.catalina.core.StandardEngine - Starting Servlet engine: [Apache Tomcat/11.0.15]
2026-08-05 15:12:58 INFO  o.s.b.w.c.s.WebApplicationContextInitializer - Root WebApplicationContext: initialization completed in 8227 ms
2026-08-05 15:12:59 INFO  com.zaxxer.hikari.HikariDataSource - HikariPool-1 - Starting...
2026-08-05 15:13:00 INFO  com.zaxxer.hikari.pool.HikariPool - HikariPool-1 - Added connection org.postgresql.jdbc.PgConnection@12421766
2026-08-05 15:13:00 INFO  com.zaxxer.hikari.HikariDataSource - HikariPool-1 - Start completed.
2026-08-05 15:13:00 INFO  org.hibernate.orm.jpa - HHH008540: Processing PersistenceUnitInfo [name: default]
2026-08-05 15:13:00 INFO  org.hibernate.orm.core - HHH000001: Hibernate ORM core version 7.2.1.Final
2026-08-05 15:13:02 INFO  o.s.o.j.p.SpringPersistenceUnitInfo - No LoadTimeWeaver setup: ignoring JPA class transformer
2026-08-05 15:13:02 INFO  o.hibernate.orm.connections.pooling - HHH10001005: Database info:
	Database JDBC URL [jdbc:postgresql://localhost:5432/collaborationTool]
	Database driver: PostgreSQL JDBC Driver
	Database dialect: PostgreSQLDialect
	Database version: 17.6
	Default catalog/schema: collaborationTool/public
	Autocommit mode: undefined/unknown
	Isolation level: READ_COMMITTED [default READ_COMMITTED]
	JDBC fetch size: none
	Pool: DataSourceConnectionProvider
	Minimum pool size: undefined/unknown
	Maximum pool size: undefined/unknown
2026-08-05 15:13:06 INFO  org.hibernate.orm.core - HHH000489: No JTA platform available (set 'hibernate.transaction.jta.platform' to enable JTA platform integration)
2026-08-05 15:13:06 INFO  o.s.o.j.LocalContainerEntityManagerFactoryBean - Initialized JPA EntityManagerFactory for persistence unit 'default'
2026-08-05 15:13:06 INFO  o.s.d.j.r.q.QueryEnhancerFactories - Hibernate is in classpath; If applicable, HQL parser will be used.
2026-08-05 15:13:12 WARN  o.s.b.j.a.JpaBaseConfiguration$JpaWebConfiguration - spring.jpa.open-in-view is enabled by default. Therefore, database queries may be performed during view rendering. Explicitly configure spring.jpa.open-in-view to disable this warning
2026-08-05 15:13:12 INFO  o.s.v.b.OptionalValidatorFactoryBean - Failed to set up a Bean Validation provider: jakarta.validation.NoProviderFoundException: Unable to create a Configuration, because no Jakarta Validation provider could be found. Add a provider like Hibernate Validator (RI) to your classpath.
2026-08-05 15:13:15 INFO  o.s.m.s.b.SimpleBrokerMessageHandler - Starting...
2026-08-05 15:13:15 INFO  o.s.m.s.b.SimpleBrokerMessageHandler - BrokerAvailabilityEvent[available=true, SimpleBrokerMessageHandler [org.springframework.messaging.simp.broker.DefaultSubscriptionRegistry@7d66a634]]
2026-08-05 15:13:15 INFO  o.s.m.s.b.SimpleBrokerMessageHandler - Started.
2026-08-05 15:13:15 INFO  o.a.coyote.http11.Http11NioProtocol - Starting ProtocolHandler ["http-nio-0.0.0.0-8084"]
2026-08-05 15:13:15 INFO  o.s.boot.tomcat.TomcatWebServer - Tomcat started on port 8084 (http) with context path '/'
2026-08-05 15:13:15 INFO  c.e.c.T.CollaborationToolApplication - Started CollaborationToolApplication in 27.562 seconds (process running for 30.579)
2026-08-05 15:13:16 INFO  c.e.c.Tool.configuration.AdminSeeder - >>> Admin already exists, skipping: nthengeabraham952@gmail.com
2026-08-05 15:13:16 INFO  c.e.c.Tool.configuration.AdminSeeder - >>> Admin already exists, skipping: chepkemoisheilah794@gmail.com
2026-08-05 15:13:35 INFO  o.a.c.c.C.[Tomcat].[localhost].[/] - Initializing Spring DispatcherServlet 'dispatcherServlet'
2026-08-05 15:13:35 INFO  o.s.web.servlet.DispatcherServlet - Initializing Servlet 'dispatcherServlet'
2026-08-05 15:13:35 INFO  o.s.web.servlet.DispatcherServlet - Completed initialization in 5 ms
2026-08-05 15:13:35 INFO  c.e.c.Tool.security.RateLimitFilter - Request from IP: 10.235.148.185 | URI: /workspace/my-workspaces | Tokens remaining: 50
2026-08-05 15:13:43 INFO  c.e.c.Tool.security.RateLimitFilter - Request from IP: 10.235.148.185 | URI: /boards/workspace/4 | Tokens remaining: 50
2026-08-05 15:13:44 INFO  c.e.c.Tool.security.RateLimitFilter - Request from IP: 10.235.148.185 | URI: /boards/1/lists | Tokens remaining: 49
2026-08-05 15:13:44 INFO  c.e.c.Tool.security.RateLimitFilter - Request from IP: 10.235.148.185 | URI: /cards/lists/1/cards | Tokens remaining: 49
2026-08-05 15:13:44 INFO  c.e.c.Tool.security.RateLimitFilter - Request from IP: 10.235.148.185 | URI: /cards/lists/3/cards | Tokens remaining: 48
2026-08-05 15:13:44 INFO  c.e.c.Tool.security.RateLimitFilter - Request from IP: 10.235.148.185 | URI: /cards/lists/2/cards | Tokens remaining: 47
2026-08-05 15:13:44 INFO  c.e.c.Tool.security.RateLimitFilter - Request from IP: 10.235.148.185 | URI: /cards/lists/4/cards | Tokens remaining: 46
2026-08-05 15:13:57 INFO  c.e.c.Tool.security.RateLimitFilter - Request from IP: 10.235.148.185 | URI: /board/1/members | Tokens remaining: 50
2026-08-05 15:14:01 INFO  c.e.c.Tool.security.RateLimitFilter - Request from IP: 10.235.148.185 | URI: /board/1/members | Tokens remaining: 50
2026-08-05 15:14:05 INFO  c.e.c.Tool.security.RateLimitFilter - Request from IP: 10.235.148.185 | URI: /board/1/members | Tokens remaining: 50
2026-08-05 15:14:15 INFO  o.s.w.s.c.WebSocketMessageBrokerStats - WebSocketSession[0 current WS(0)-HttpStream(0)-HttpPoll(0), 0 total, 0 closed abnormally (0 connect failure, 0 send limit, 0 transport error)], stompSubProtocol[processed CONNECT(0)-CONNECTED(0)-DISCONNECT(0)], stompBrokerRelay[null], inboundChannel[pool size = 0, active threads = 0, queued tasks = 0, completed tasks = 0], outboundChannel[pool size = 0, active threads = 0, queued tasks = 0, completed tasks = 0], sockJsScheduler[pool size = 4, active threads = 1, queued tasks = 1, completed tasks = 2]
2026-08-05 15:14:15 INFO  c.e.c.Tool.security.RateLimitFilter - Request from IP: 10.235.148.185 | URI: /board/1/members | Tokens remaining: 50
2026-08-05 15:14:20 INFO  c.e.c.Tool.security.RateLimitFilter - Request from IP: 10.235.148.185 | URI: /cards/1/assignee | Tokens remaining: 50
2026-08-05 15:14:37 INFO  c.e.c.Tool.security.RateLimitFilter - Request from IP: 10.235.148.185 | URI: /boards/workspace/4 | Tokens remaining: 50
2026-08-05 15:14:40 INFO  c.e.c.Tool.security.RateLimitFilter - Request from IP: 10.235.148.185 | URI: /workspace/my-workspaces | Tokens remaining: 50
2026-08-05 15:14:40 INFO  c.e.c.Tool.security.RateLimitFilter - Request from IP: 10.235.148.185 | URI: /boards/workspace/4 | Tokens remaining: 49
2026-08-05 15:14:41 INFO  c.e.c.Tool.security.RateLimitFilter - Request from IP: 10.235.148.185 | URI: /boards/1/lists | Tokens remaining: 48
2026-08-05 15:14:41 INFO  c.e.c.Tool.security.RateLimitFilter - Request from IP: 10.235.148.185 | URI: /cards/lists/1/cards | Tokens remaining: 48
2026-08-05 15:14:41 INFO  c.e.c.Tool.security.RateLimitFilter - Request from IP: 10.235.148.185 | URI: /cards/lists/4/cards | Tokens remaining: 48
2026-08-05 15:14:41 INFO  c.e.c.Tool.security.RateLimitFilter - Request from IP: 10.235.148.185 | URI: /cards/lists/2/cards | Tokens remaining: 46
2026-08-05 15:14:41 INFO  c.e.c.Tool.security.RateLimitFilter - Request from IP: 10.235.148.185 | URI: /cards/lists/3/cards | Tokens remaining: 45
2026-08-05 15:14:56 INFO  c.e.c.Tool.security.RateLimitFilter - Request from IP: 10.235.148.185 | URI: /issues/active | Tokens remaining: 50
2026-08-05 15:14:59 INFO  c.e.c.Tool.security.RateLimitFilter - Request from IP: 10.235.148.185 | URI: /workspace/my-workspaces | Tokens remaining: 50
2026-08-05 15:14:59 INFO  c.e.c.Tool.security.RateLimitFilter - Request from IP: 10.235.148.185 | URI: /boards/workspace/4 | Tokens remaining: 49
2026-08-05 15:15:00 INFO  c.e.c.Tool.security.RateLimitFilter - Request from IP: 10.235.148.185 | URI: /boards/1/lists | Tokens remaining: 48
2026-08-05 15:15:00 INFO  c.e.c.Tool.security.RateLimitFilter - Request from IP: 10.235.148.185 | URI: /cards/lists/3/cards | Tokens remaining: 48
2026-08-05 15:15:00 INFO  c.e.c.Tool.security.RateLimitFilter - Request from IP: 10.235.148.185 | URI: /cards/lists/4/cards | Tokens remaining: 47
2026-08-05 15:15:00 INFO  c.e.c.Tool.security.RateLimitFilter - Request from IP: 10.235.148.185 | URI: /cards/lists/2/cards | Tokens remaining: 46
2026-08-05 15:15:00 INFO  c.e.c.Tool.security.RateLimitFilter - Request from IP: 10.235.148.185 | URI: /cards/lists/1/cards | Tokens remaining: 45
2026-08-05 15:15:19 INFO  c.e.c.Tool.security.RateLimitFilter - Request from IP: 10.235.148.185 | URI: /workspace/my-workspaces | Tokens remaining: 50
2026-08-05 15:15:19 INFO  c.e.c.Tool.security.RateLimitFilter - Request from IP: 10.235.148.185 | URI: /boards/workspace/4 | Tokens remaining: 49
2026-08-05 15:15:20 INFO  c.e.c.Tool.security.RateLimitFilter - Request from IP: 10.235.148.185 | URI: /boards/1/lists | Tokens remaining: 48
2026-08-05 15:15:21 INFO  c.e.c.Tool.security.RateLimitFilter - Request from IP: 10.235.148.185 | URI: /cards/lists/1/cards | Tokens remaining: 48
2026-08-05 15:15:21 INFO  c.e.c.Tool.security.RateLimitFilter - Request from IP: 10.235.148.185 | URI: /cards/lists/3/cards | Tokens remaining: 47
2026-08-05 15:15:21 INFO  c.e.c.Tool.security.RateLimitFilter - Request from IP: 10.235.148.185 | URI: /cards/lists/2/cards | Tokens remaining: 46
2026-08-05 15:15:21 INFO  c.e.c.Tool.security.RateLimitFilter - Request from IP: 10.235.148.185 | URI: /cards/lists/4/cards | Tokens remaining: 45
2026-08-05 15:17:19 INFO  c.e.c.Tool.security.RateLimitFilter - Request from IP: 10.235.148.185 | URI: /workspace/my-workspaces | Tokens remaining: 50
2026-08-05 15:17:19 INFO  c.e.c.Tool.security.RateLimitFilter - Request from IP: 10.235.148.185 | URI: /boards/workspace/4 | Tokens remaining: 49
2026-08-05 15:17:20 INFO  c.e.c.Tool.security.RateLimitFilter - Request from IP: 10.235.148.185 | URI: /boards/1/lists | Tokens remaining: 48
2026-08-05 15:17:20 INFO  c.e.c.Tool.security.RateLimitFilter - Request from IP: 10.235.148.185 | URI: /cards/lists/1/cards | Tokens remaining: 48
2026-08-05 15:17:20 INFO  c.e.c.Tool.security.RateLimitFilter - Request from IP: 10.235.148.185 | URI: /cards/lists/3/cards | Tokens remaining: 47
2026-08-05 15:17:20 INFO  c.e.c.Tool.security.RateLimitFilter - Request from IP: 10.235.148.185 | URI: /cards/lists/2/cards | Tokens remaining: 46
2026-08-05 15:17:20 INFO  c.e.c.Tool.security.RateLimitFilter - Request from IP: 10.235.148.185 | URI: /cards/lists/4/cards | Tokens remaining: 45
2026-08-05 15:44:15 INFO  o.s.w.s.c.WebSocketMessageBrokerStats - WebSocketSession[0 current WS(0)-HttpStream(0)-HttpPoll(0), 0 total, 0 closed abnormally (0 connect failure, 0 send limit, 0 transport error)], stompSubProtocol[processed CONNECT(0)-CONNECTED(0)-DISCONNECT(0)], stompBrokerRelay[null], inboundChannel[pool size = 0, active threads = 0, queued tasks = 0, completed tasks = 0], outboundChannel[pool size = 0, active threads = 0, queued tasks = 0, completed tasks = 0], sockJsScheduler[pool size = 4, active threads = 1, queued tasks = 1, completed tasks = 64]
2026-08-05 16:11:27 INFO  c.e.c.Tool.security.RateLimitFilter - Request from IP: 10.235.148.185 | URI: /workspace/my-workspaces | Tokens remaining: 50
2026-08-05 16:11:28 INFO  c.e.c.Tool.security.RateLimitFilter - Request from IP: 10.235.148.185 | URI: /boards/workspace/4 | Tokens remaining: 50
2026-08-05 16:13:34 INFO  c.e.c.Tool.security.RateLimitFilter - Request from IP: 10.235.148.185 | URI: /workspace/my-workspaces | Tokens remaining: 50
2026-08-05 16:13:46 INFO  c.e.c.Tool.security.RateLimitFilter - Request from IP: 10.235.148.185 | URI: /workspace/my-workspaces | Tokens remaining: 50
2026-08-05 16:13:52 INFO  c.e.c.Tool.security.RateLimitFilter - Request from IP: 10.235.148.185 | URI: /issues/active | Tokens remaining: 50
2026-08-05 16:13:58 INFO  c.e.c.Tool.security.RateLimitFilter - Request from IP: 10.235.148.185 | URI: /issues/active | Tokens remaining: 50
2026-08-05 16:14:15 INFO  o.s.w.s.c.WebSocketMessageBrokerStats - WebSocketSession[0 current WS(0)-HttpStream(0)-HttpPoll(0), 0 total, 0 closed abnormally (0 connect failure, 0 send limit, 0 transport error)], stompSubProtocol[processed CONNECT(0)-CONNECTED(0)-DISCONNECT(0)], stompBrokerRelay[null], inboundChannel[pool size = 0, active threads = 0, queued tasks = 0, completed tasks = 0], outboundChannel[pool size = 0, active threads = 0, queued tasks = 0, completed tasks = 0], sockJsScheduler[pool size = 4, active threads = 1, queued tasks = 1, completed tasks = 125]
2026-08-05 16:14:17 INFO  c.e.c.Tool.security.RateLimitFilter - Request from IP: 10.235.148.185 | URI: /user/login | Tokens remaining: 50
2026-08-05 16:14:22 INFO  c.e.c.Tool.security.RateLimitFilter - Request from IP: 10.235.148.185 | URI: /workspace/my-workspaces | Tokens remaining: 50
2026-08-05 16:14:22 INFO  c.e.c.Tool.security.RateLimitFilter - Request from IP: 10.235.148.185 | URI: /boards/workspace/4 | Tokens remaining: 49
2026-08-05 16:14:22 INFO  c.e.c.Tool.security.RateLimitFilter - Request from IP: 10.235.148.185 | URI: /boards/1/lists | Tokens remaining: 48
2026-08-05 16:14:23 INFO  c.e.c.Tool.security.RateLimitFilter - Request from IP: 10.235.148.185 | URI: /cards/lists/1/cards | Tokens remaining: 48
2026-08-05 16:14:23 INFO  c.e.c.Tool.security.RateLimitFilter - Request from IP: 10.235.148.185 | URI: /cards/lists/3/cards | Tokens remaining: 47
2026-08-05 16:14:23 INFO  c.e.c.Tool.security.RateLimitFilter - Request from IP: 10.235.148.185 | URI: /cards/lists/2/cards | Tokens remaining: 46
2026-08-05 16:14:23 INFO  c.e.c.Tool.security.RateLimitFilter - Request from IP: 10.235.148.185 | URI: /cards/lists/4/cards | Tokens remaining: 45
2026-08-05 16:14:42 INFO  c.e.c.Tool.security.RateLimitFilter - Request from IP: 10.235.148.185 | URI: /board/1/members | Tokens remaining: 50
2026-08-05 16:14:44 INFO  c.e.c.Tool.security.RateLimitFilter - Request from IP: 10.235.148.185 | URI: /cards/2/assignee | Tokens remaining: 50
2026-08-05 16:14:49 INFO  c.e.c.Tool.security.RateLimitFilter - Request from IP: 10.235.148.185 | URI: /board/1/members | Tokens remaining: 50
2026-08-05 16:14:58 INFO  c.e.c.Tool.security.RateLimitFilter - Request from IP: 10.235.148.185 | URI: /board/1/members | Tokens remaining: 50
2026-08-05 16:14:59 INFO  c.e.c.Tool.security.RateLimitFilter - Request from IP: 10.235.148.185 | URI: /cards/4/assignee | Tokens remaining: 50
2026-08-05 16:15:37 INFO  c.e.c.Tool.security.RateLimitFilter - Request from IP: 10.235.148.185 | URI: /issues/active | Tokens remaining: 50
2026-08-05 16:15:42 INFO  c.e.c.Tool.security.RateLimitFilter - Request from IP: 10.235.148.185 | URI: /issues/active | Tokens remaining: 50
2026-08-05 16:15:53 INFO  c.e.c.Tool.security.RateLimitFilter - Request from IP: 10.235.148.185 | URI: /user/login | Tokens remaining: 50
2026-08-05 16:15:54 INFO  c.e.c.Tool.security.RateLimitFilter - Request from IP: 10.235.148.185 | URI: /workspace/my-workspaces | Tokens remaining: 49
2026-08-05 16:15:54 INFO  c.e.c.Tool.security.RateLimitFilter - Request from IP: 10.235.148.185 | URI: /boards/workspace/1 | Tokens remaining: 48
2026-08-05 16:16:34 INFO  c.e.c.Tool.security.RateLimitFilter - Request from IP: 10.235.148.185 | URI: /workspace/create | Tokens remaining: 50
2026-08-05 16:16:35 INFO  c.e.c.T.s.Impl.WorkSpaceServiceImpl - Workspace created id=9 by user=abrahamnetsec@gmail.com
2026-08-05 16:16:58 INFO  c.e.c.Tool.security.RateLimitFilter - Request from IP: 10.235.148.185 | URI: /workspace/9/invite | Tokens remaining: 50
2026-08-05 16:16:59 INFO  c.e.c.T.s.Impl.EmailServiceImpl - Attempting to send email to: nthengesj@gmail.com
2026-08-05 16:17:03 INFO  c.e.c.T.s.Impl.EmailServiceImpl - Email sent successfully to: nthengesj@gmail.com
2026-08-05 16:17:09 INFO  c.e.c.Tool.security.RateLimitFilter - Request from IP: 10.235.148.185 | URI: /boards/workspace/9 | Tokens remaining: 50
2026-08-05 16:17:12 INFO  c.e.c.Tool.security.RateLimitFilter - Request from IP: 10.235.148.185 | URI: /workspace/my-workspaces | Tokens remaining: 50
2026-08-05 16:17:13 INFO  c.e.c.Tool.security.RateLimitFilter - Request from IP: 10.235.148.185 | URI: /boards/workspace/1 | Tokens remaining: 49
2026-08-05 16:17:36 INFO  c.e.c.Tool.security.RateLimitFilter - Request from IP: 10.235.148.185 | URI: /boards/workspace/9 | Tokens remaining: 50
2026-08-05 16:17:39 INFO  c.e.c.Tool.security.RateLimitFilter - Request from IP: 10.235.148.185 | URI: /workspace/my-workspaces | Tokens remaining: 50
2026-08-05 16:17:40 INFO  c.e.c.Tool.security.RateLimitFilter - Request from IP: 10.235.148.185 | URI: /boards/workspace/1 | Tokens remaining: 49
2026-08-05 16:17:41 INFO  c.e.c.Tool.security.RateLimitFilter - Request from IP: 10.235.148.185 | URI: /issues/active | Tokens remaining: 49
2026-08-05 16:17:47 INFO  c.e.c.Tool.security.RateLimitFilter - Request from IP: 10.235.148.185 | URI: /issues/active | Tokens remaining: 50
2026-08-05 16:18:02 INFO  c.e.c.Tool.security.RateLimitFilter - Request from IP: 10.235.148.185 | URI: /user/login | Tokens remaining: 50
2026-08-05 16:18:03 INFO  c.e.c.Tool.security.RateLimitFilter - Request from IP: 10.235.148.185 | URI: /workspace/my-workspaces | Tokens remaining: 49
2026-08-05 16:18:03 INFO  c.e.c.Tool.security.RateLimitFilter - Request from IP: 10.235.148.185 | URI: /boards/workspace/4 | Tokens remaining: 48
2026-08-05 16:18:03 INFO  c.e.c.Tool.security.RateLimitFilter - Request from IP: 10.235.148.185 | URI: /boards/1/lists | Tokens remaining: 48
2026-08-05 16:18:04 INFO  c.e.c.Tool.security.RateLimitFilter - Request from IP: 10.235.148.185 | URI: /cards/lists/1/cards | Tokens remaining: 47
2026-08-05 16:18:04 INFO  c.e.c.Tool.security.RateLimitFilter - Request from IP: 10.235.148.185 | URI: /cards/lists/2/cards | Tokens remaining: 47
2026-08-05 16:18:04 INFO  c.e.c.Tool.security.RateLimitFilter - Request from IP: 10.235.148.185 | URI: /cards/lists/3/cards | Tokens remaining: 45
2026-08-05 16:18:04 INFO  c.e.c.Tool.security.RateLimitFilter - Request from IP: 10.235.148.185 | URI: /cards/lists/4/cards | Tokens remaining: 44
2026-08-05 16:18:36 INFO  c.e.c.Tool.security.RateLimitFilter - Request from IP: 10.235.148.185 | URI: /board/1/members | Tokens remaining: 50
2026-08-05 16:18:38 INFO  c.e.c.Tool.security.RateLimitFilter - Request from IP: 10.235.148.185 | URI: /cards/2/assignee | Tokens remaining: 50
2026-08-05 16:18:41 INFO  c.e.c.Tool.security.RateLimitFilter - Request from IP: 10.235.148.185 | URI: /board/1/members | Tokens remaining: 50
2026-08-05 16:18:43 INFO  c.e.c.Tool.security.RateLimitFilter - Request from IP: 10.235.148.185 | URI: /cards/4/assignee | Tokens remaining: 50
2026-08-05 16:18:56 INFO  c.e.c.Tool.security.RateLimitFilter - Request from IP: 10.235.148.185 | URI: /issues/active | Tokens remaining: 50
2026-08-05 16:19:01 INFO  c.e.c.Tool.security.RateLimitFilter - Request from IP: 10.235.148.185 | URI: /issues/active | Tokens remaining: 50
2026-08-05 16:19:12 INFO  c.e.c.Tool.security.RateLimitFilter - Request from IP: 10.235.148.185 | URI: /user/login | Tokens remaining: 50
2026-08-05 16:19:12 INFO  c.e.c.Tool.security.RateLimitFilter - Request from IP: 10.235.148.185 | URI: /workspace/my-workspaces | Tokens remaining: 49
2026-08-05 16:19:13 INFO  c.e.c.Tool.security.RateLimitFilter - Request from IP: 10.235.148.185 | URI: /boards/workspace/1 | Tokens remaining: 48
2026-08-05 16:19:31 INFO  c.e.c.Tool.security.RateLimitFilter - Request from IP: 10.235.148.185 | URI: /issues/active | Tokens remaining: 50
2026-08-05 16:19:31 INFO  c.e.c.Tool.security.RateLimitFilter - Request from IP: 10.235.148.185 | URI: /workspace/my-workspaces | Tokens remaining: 49
2026-08-05 16:19:32 INFO  c.e.c.Tool.security.RateLimitFilter - Request from IP: 10.235.148.185 | URI: /boards/workspace/1 | Tokens remaining: 49
2026-08-05 16:19:34 INFO  c.e.c.Tool.security.RateLimitFilter - Request from IP: 10.235.148.185 | URI: /issues/active | Tokens remaining: 50
2026-08-05 16:19:35 INFO  c.e.c.Tool.security.RateLimitFilter - Request from IP: 10.235.148.185 | URI: /workspace/my-workspaces | Tokens remaining: 49
2026-08-05 16:19:36 INFO  c.e.c.Tool.security.RateLimitFilter - Request from IP: 10.235.148.185 | URI: /boards/workspace/1 | Tokens remaining: 49
2026-08-05 16:19:38 INFO  c.e.c.Tool.security.RateLimitFilter - Request from IP: 10.235.148.185 | URI: /boards/1 | Tokens remaining: 49
2026-08-05 16:19:38 INFO  c.e.c.Tool.security.RateLimitFilter - Request from IP: 10.235.148.185 | URI: /boards/1/lists | Tokens remaining: 48
2026-08-05 16:19:38 INFO  c.e.c.Tool.security.RateLimitFilter - Request from IP: 10.235.148.185 | URI: /cards/lists/1/cards | Tokens remaining: 48
2026-08-05 16:19:38 INFO  c.e.c.Tool.security.RateLimitFilter - Request from IP: 10.235.148.185 | URI: /cards/lists/3/cards | Tokens remaining: 47
2026-08-05 16:19:38 INFO  c.e.c.Tool.security.RateLimitFilter - Request from IP: 10.235.148.185 | URI: /cards/lists/4/cards | Tokens remaining: 46
2026-08-05 16:19:38 INFO  c.e.c.Tool.security.RateLimitFilter - Request from IP: 10.235.148.185 | URI: /cards/lists/2/cards | Tokens remaining: 45
2026-08-05 16:19:41 INFO  c.e.c.Tool.security.RateLimitFilter - Request from IP: 10.235.148.185 | URI: /workspace/my-workspaces | Tokens remaining: 46
2026-08-05 16:19:41 INFO  c.e.c.Tool.security.RateLimitFilter - Request from IP: 10.235.148.185 | URI: /boards/workspace/1 | Tokens remaining: 45
2026-08-05 16:21:48 INFO  c.e.c.Tool.security.RateLimitFilter - Request from IP: 10.235.148.185 | URI: /workspace/my-workspaces | Tokens remaining: 50
2026-08-05 16:21:56 INFO  c.e.c.Tool.security.RateLimitFilter - Request from IP: 10.235.148.185 | URI: /issues/active | Tokens remaining: 50
2026-08-05 16:21:59 INFO  c.e.c.Tool.security.RateLimitFilter - Request from IP: 10.235.148.185 | URI: /boards/workspace/1 | Tokens remaining: 50
2026-08-05 16:22:16 INFO  c.e.c.Tool.security.RateLimitFilter - Request from IP: 10.235.148.185 | URI: /user/login | Tokens remaining: 50
2026-08-05 16:22:18 INFO  c.e.c.Tool.security.RateLimitFilter - Request from IP: 10.235.148.185 | URI: /workspace/my-workspaces | Tokens remaining: 50
2026-08-05 16:22:18 INFO  c.e.c.Tool.security.RateLimitFilter - Request from IP: 10.235.148.185 | URI: /boards/workspace/4 | Tokens remaining: 49
2026-08-05 16:22:19 INFO  c.e.c.Tool.security.RateLimitFilter - Request from IP: 10.235.148.185 | URI: /boards/1/lists | Tokens remaining: 48
2026-08-05 16:22:20 INFO  c.e.c.Tool.security.RateLimitFilter - Request from IP: 10.235.148.185 | URI: /cards/lists/1/cards | Tokens remaining: 48
2026-08-05 16:22:20 INFO  c.e.c.Tool.security.RateLimitFilter - Request from IP: 10.235.148.185 | URI: /cards/lists/2/cards | Tokens remaining: 47
2026-08-05 16:22:20 INFO  c.e.c.Tool.security.RateLimitFilter - Request from IP: 10.235.148.185 | URI: /cards/lists/3/cards | Tokens remaining: 47
2026-08-05 16:22:20 INFO  c.e.c.Tool.security.RateLimitFilter - Request from IP: 10.235.148.185 | URI: /cards/lists/4/cards | Tokens remaining: 45
2026-08-05 16:23:16 INFO  c.e.c.Tool.security.RateLimitFilter - Request from IP: 10.235.148.185 | URI: /board/1/members | Tokens remaining: 50
2026-08-05 16:23:38 INFO  c.e.c.Tool.security.RateLimitFilter - Request from IP: 10.235.148.185 | URI: /board/1/members | Tokens remaining: 50
2026-08-05 16:23:44 INFO  c.e.c.Tool.security.RateLimitFilter - Request from IP: 10.235.148.185 | URI: /board/1/members | Tokens remaining: 50
2026-08-05 16:23:46 INFO  c.e.c.Tool.security.RateLimitFilter - Request from IP: 10.235.148.185 | URI: /cards/2/assignee | Tokens remaining: 50
2026-08-05 16:23:58 INFO  c.e.c.Tool.security.RateLimitFilter - Request from IP: 10.235.148.185 | URI: /board/1/members | Tokens remaining: 50
2026-08-05 16:24:00 INFO  c.e.c.Tool.security.RateLimitFilter - Request from IP: 10.235.148.185 | URI: /cards/4/assignee | Tokens remaining: 50
2026-08-05 16:24:39 INFO  o.s.boot.tomcat.GracefulShutdown - Commencing graceful shutdown. Waiting for active requests to complete
2026-08-05 16:24:39 INFO  o.s.boot.tomcat.GracefulShutdown - Graceful shutdown complete
2026-08-05 16:24:39 INFO  o.s.m.s.b.SimpleBrokerMessageHandler - Stopping...
2026-08-05 16:24:39 INFO  o.s.m.s.b.SimpleBrokerMessageHandler - BrokerAvailabilityEvent[available=false, SimpleBrokerMessageHandler [org.springframework.messaging.simp.broker.DefaultSubscriptionRegistry@7d66a634]]
2026-08-05 16:24:39 INFO  o.s.m.s.b.SimpleBrokerMessageHandler - Stopped.
2026-08-05 16:24:42 INFO  o.s.o.j.LocalContainerEntityManagerFactoryBean - Closing JPA EntityManagerFactory for persistence unit 'default'
2026-08-05 16:24:42 INFO  com.zaxxer.hikari.HikariDataSource - HikariPool-1 - Shutdown initiated...
2026-08-05 16:24:42 INFO  com.zaxxer.hikari.HikariDataSource - HikariPool-1 - Shutdown completed.
